Watching for file changes with StatReloader
Waiting for apps ready_event.
Apps ready_event triggered. Sending autoreload_started signal.
Watching dir C:\Users\Meira\PycharmProjects\Online store\users\templates with glob **/*.
Watching dir C:\Users\Meira\PycharmProjects\Online store\blog\templates with glob **/*.
Watching dir C:\Users\Meira\PycharmProjects\Online store\catalog\templates with glob **/*.
Watching dir C:\Users\Meira\PycharmProjects\Online store\locale with glob **/*.mo.
Watching dir C:\Users\Meira\PycharmProjects\Online store\catalog\locale with glob **/*.mo.
Watching dir C:\Users\Meira\PycharmProjects\Online store\blog\locale with glob **/*.mo.
Watching dir C:\Users\Meira\PycharmProjects\Online store\users\locale with glob **/*.mo.
(0.015) 
            SELECT
                c.relname,
                CASE
                    WHEN c.relispartition THEN 'p'
                    WHEN c.relkind IN ('m', 'v') THEN 'v'
                    ELSE 't'
                END,
                obj_description(c.oid, 'pg_class')
            FROM pg_catalog.pg_class c
            LEFT JOIN pg_catalog.pg_namespace n ON n.oid = c.relnamespace
            WHERE c.relkind IN ('f', 'm', 'p', 'r', 'v')
                AND n.nspname NOT IN ('pg_catalog', 'pg_toast')
                AND pg_catalog.pg_table_is_visible(c.oid)
        ; args=None; alias=default
(0.000) SELECT "django_migrations"."id", "django_migrations"."app", "django_migrations"."name", "django_migrations"."applied" FROM "django_migrations"; args=(); alias=default
File C:\Users\Meira\PycharmProjects\Online store\.venv\Lib\site-packages\django\db\backends\postgresql\client.py first seen with mtime 1725785713.6332223
File C:\Users\Meira\AppData\Local\Programs\Python\Python312\Lib\_weakrefset.py first seen with mtime 1712663418.0
File C:\Users\Meira\AppData\Local\Programs\Python\Python312\Lib\traceback.py first seen with mtime 1712663418.0
File C:\Users\Meira\PycharmProjects\Online store\.venv\Lib\site-packages\django\utils\translation\trans_real.py first seen with mtime 1725785713.9092228
File C:\Users\Meira\AppData\Local\Programs\Python\Python312\Lib\email\_parseaddr.py first seen with mtime 1712663418.0
File C:\Users\Meira\PycharmProjects\Online store\.venv\Lib\site-packages\django\db\migrations\operations\__init__.py first seen with mtime 1725785713.6552227
File C:\Users\Meira\PycharmProjects\Online store\.venv\Lib\site-packages\django\template\base.py first seen with mtime 1725785713.8412242
File C:\Users\Meira\PycharmProjects\Online store\.venv\Lib\site-packages\colorama\ansi.py first seen with mtime 1726398784.0270252
File C:\Users\Meira\PycharmProjects\Online store\.venv\Lib\site-packages\django\utils\dates.py first seen with mtime 1725785713.884223
File C:\Users\Meira\PycharmProjects\Online store\.venv\Lib\site-packages\django\templatetags\l10n.py first seen with mtime 1725785713.8622224
File C:\Users\Meira\PycharmProjects\Online store\.venv\Lib\site-packages\django\contrib\auth\mixins.py first seen with mtime 1725785711.4252229
File C:\Users\Meira\PycharmProjects\Online store\.venv\Lib\site-packages\django\db\models\base.py first seen with mtime 1725785713.661223
File C:\Users\Meira\AppData\Local\Programs\Python\Python312\Lib\asyncio\proactor_events.py first seen with mtime 1712663418.0
File C:\Users\Meira\AppData\Local\Programs\Python\Python312\Lib\asyncio\trsock.py first seen with mtime 1712663418.0
File C:\Users\Meira\PycharmProjects\Online store\.venv\Lib\site-packages\django\utils\deprecation.py first seen with mtime 1725785713.886223
File C:\Users\Meira\PycharmProjects\Online store\catalog\admin.py first seen with mtime 1729964966.1793053
File C:\Users\Meira\PycharmProjects\Online store\.venv\Lib\site-packages\django\http\cookie.py first seen with mtime 1725785713.8292227
File C:\Users\Meira\PycharmProjects\Online store\.venv\Lib\site-packages\django\contrib\messages\storage\base.py first seen with mtime 1725785712.557223
File C:\Users\Meira\PycharmProjects\Online store\.venv\Lib\site-packages\django\contrib\contenttypes\__init__.py first seen with mtime 1725785711.6542246
File C:\Users\Meira\AppData\Local\Programs\Python\Python312\Lib\asyncio\windows_events.py first seen with mtime 1712663418.0
File C:\Users\Meira\PycharmProjects\Online store\.venv\Lib\site-packages\django\db\models\sql\constants.py first seen with mtime 1725785713.748223
File C:\Users\Meira\PycharmProjects\Online store\.venv\Lib\site-packages\django\db\models\fields\json.py first seen with mtime 1725785713.7122233
File C:\Users\Meira\AppData\Local\Programs\Python\Python312\DLLs\select.pyd first seen with mtime 1712663462.0
File C:\Users\Meira\AppData\Local\Programs\Python\Python312\Lib\copyreg.py first seen with mtime 1712663418.0
File C:\Users\Meira\PycharmProjects\Online store\.venv\Lib\site-packages\django\contrib\auth\tokens.py first seen with mtime 1725785711.4272232
File C:\Users\Meira\PycharmProjects\Online store\.venv\Lib\site-packages\django\core\serializers\__init__.py first seen with mtime 1725785713.5932233
File C:\Users\Meira\PycharmProjects\Online store\.venv\Lib\site-packages\django\core\checks\security\csrf.py first seen with mtime 1725785713.5062232
File C:\Users\Meira\AppData\Local\Programs\Python\Python312\Lib\functools.py first seen with mtime 1712663418.0
File C:\Users\Meira\PycharmProjects\Online store\.venv\Lib\site-packages\django\views\generic\__init__.py first seen with mtime 1725785713.921222
File C:\Users\Meira\PycharmProjects\Online store\.venv\Lib\site-packages\django\contrib\staticfiles\handlers.py first seen with mtime 1725785713.4482229
File C:\Users\Meira\AppData\Local\Programs\Python\Python312\Lib\asyncio\queues.py first seen with mtime 1712663418.0
File C:\Users\Meira\PycharmProjects\Online store\.venv\Lib\site-packages\django\db\models\options.py first seen with mtime 1725785713.6762233
File C:\Users\Meira\PycharmProjects\Online store\blog\apps.py first seen with mtime 1727634267.962022
File C:\Users\Meira\PycharmProjects\Online store\.venv\Lib\site-packages\django\db\migrations\operations\models.py first seen with mtime 1725785713.6572232
File C:\Users\Meira\AppData\Local\Programs\Python\Python312\Lib\email\mime\message.py first seen with mtime 1712663418.0
File C:\Users\Meira\PycharmProjects\Online store\.venv\Lib\site-packages\django\views\defaults.py first seen with mtime 1725785713.913223
File C:\Users\Meira\AppData\Local\Programs\Python\Python312\Lib\importlib\_abc.py first seen with mtime 1712663418.0
File C:\Users\Meira\PycharmProjects\Online store\.venv\Lib\site-packages\django\contrib\admin\checks.py first seen with mtime 1725785710.650223
File C:\Users\Meira\PycharmProjects\Online store\.venv\Lib\site-packages\django\core\handlers\__init__.py first seen with mtime 1725785713.5562232
File C:\Users\Meira\PycharmProjects\Online store\.venv\Lib\site-packages\django\db\models\aggregates.py first seen with mtime 1725785713.660223
File C:\Users\Meira\PycharmProjects\Online store\.venv\Lib\site-packages\django\views\debug.py first seen with mtime 1725785713.912223
File C:\Users\Meira\AppData\Local\Programs\Python\Python312\Lib\graphlib.py first seen with mtime 1712663418.0
File C:\Users\Meira\PycharmProjects\Online store\.venv\Lib\site-packages\django\db\models\lookups.py first seen with mtime 1725785713.6662223
File C:\Users\Meira\AppData\Local\Programs\Python\Python312\Lib\enum.py first seen with mtime 1712663418.0
File C:\Users\Meira\PycharmProjects\Online store\.venv\Lib\site-packages\django\template\response.py first seen with mtime 1725785713.8482223
File C:\Users\Meira\PycharmProjects\Online store\users\apps.py first seen with mtime 1729629899.074566
File C:\Users\Meira\PycharmProjects\Online store\.venv\Lib\site-packages\django\core\handlers\wsgi.py first seen with mtime 1725785713.559223
File C:\Users\Meira\AppData\Local\Programs\Python\Python312\Lib\platform.py first seen with mtime 1712663418.0
File C:\Users\Meira\AppData\Local\Programs\Python\Python312\Lib\signal.py first seen with mtime 1712663418.0
File C:\Users\Meira\PycharmProjects\Online store\.venv\Lib\site-packages\django\db\backends\base\schema.py first seen with mtime 1725785713.612222
File C:\Users\Meira\PycharmProjects\Online store\.venv\Lib\site-packages\django\core\signals.py first seen with mtime 1725785713.461223
File C:\Users\Meira\PycharmProjects\Online store\.venv\Lib\site-packages\django\core\files\locks.py first seen with mtime 1725785713.5302246
File C:\Users\Meira\PycharmProjects\Online store\.venv\Lib\site-packages\django\utils\version.py first seen with mtime 1725785713.903223
File C:\Users\Meira\PycharmProjects\Online store\.venv\Lib\site-packages\django\utils\cache.py first seen with mtime 1725785713.879223
File C:\Users\Meira\PycharmProjects\Online store\.venv\Lib\site-packages\django\db\backends\postgresql\introspection.py first seen with mtime 1725785713.6352227
File C:\Users\Meira\PycharmProjects\Online store\.venv\Lib\site-packages\sqlparse\cli.py first seen with mtime 1725785709.0523214
File C:\Users\Meira\PycharmProjects\Online store\.venv\Lib\site-packages\django\core\files\uploadhandler.py first seen with mtime 1725785713.549224
File C:\Users\Meira\AppData\Local\Programs\Python\Python312\Lib\email\mime\__init__.py first seen with mtime 1712663418.0
File C:\Users\Meira\PycharmProjects\Online store\.venv\Lib\site-packages\django\contrib\sites\__init__.py first seen with mtime 1725785713.233223
File C:\Users\Meira\PycharmProjects\Online store\.venv\Lib\site-packages\django\core\checks\security\__init__.py first seen with mtime 1725785713.5042233
File C:\Users\Meira\AppData\Local\Programs\Python\Python312\Lib\linecache.py first seen with mtime 1712663418.0
File C:\Users\Meira\PycharmProjects\Online store\.venv\Lib\site-packages\django\core\checks\compatibility\__init__.py first seen with mtime 1725785713.495222
File C:\Users\Meira\PycharmProjects\Online store\.venv\Lib\site-packages\django\views\generic\list.py first seen with mtime 1725785713.9252226
File C:\Users\Meira\PycharmProjects\Online store\.venv\Lib\site-packages\django\utils\timezone.py first seen with mtime 1725785713.902223
File C:\Users\Meira\AppData\Local\Programs\Python\Python312\Lib\glob.py first seen with mtime 1712663418.0
File C:\Users\Meira\PycharmProjects\Online store\.venv\Lib\site-packages\django\contrib\admin\exceptions.py first seen with mtime 1725785710.651223
File C:\Users\Meira\AppData\Local\Programs\Python\Python312\Lib\email\utils.py first seen with mtime 1712663418.0
File C:\Users\Meira\PycharmProjects\Online store\.venv\Lib\site-packages\django\core\management\color.py first seen with mtime 1725785713.5702243
File C:\Users\Meira\AppData\Local\Programs\Python\Python312\Lib\bz2.py first seen with mtime 1712663418.0
File C:\Users\Meira\AppData\Local\Programs\Python\Python312\Lib\urllib\error.py first seen with mtime 1712663418.0
File C:\Users\Meira\PycharmProjects\Online store\.venv\Lib\site-packages\django\core\mail\utils.py first seen with mtime 1725785713.5612233
File C:\Users\Meira\PycharmProjects\Online store\.venv\Lib\site-packages\django\contrib\admin\helpers.py first seen with mtime 1725785710.6532247
File C:\Users\Meira\PycharmProjects\Online store\.venv\Lib\site-packages\django\contrib\auth\backends.py first seen with mtime 1725785711.4182222
File C:\Users\Meira\AppData\Local\Programs\Python\Python312\Lib\datetime.py first seen with mtime 1712663418.0
File C:\Users\Meira\PycharmProjects\Online store\.venv\Lib\site-packages\django\db\backends\__init__.py first seen with mtime 1725785713.604223
File C:\Users\Meira\PycharmProjects\Online store\.venv\Lib\site-packages\django\template\loaders\__init__.py first seen with mtime 1725785713.855223
File C:\Users\Meira\AppData\Local\Programs\Python\Python312\DLLs\_queue.pyd first seen with mtime 1712663462.0
File C:\Users\Meira\PycharmProjects\Online store\.venv\Lib\site-packages\sqlparse\filters\right_margin.py first seen with mtime 1725785709.0653214
File C:\Users\Meira\PycharmProjects\Online store\.venv\Lib\site-packages\django\contrib\contenttypes\fields.py first seen with mtime 1725785711.657223
File C:\Users\Meira\PycharmProjects\Online store\.venv\Lib\site-packages\django\contrib\messages\storage\__init__.py first seen with mtime 1725785712.556223
File C:\Users\Meira\PycharmProjects\Online store\.venv\Lib\site-packages\django\db\migrations\operations\special.py first seen with mtime 1725785713.658223
File C:\Users\Meira\PycharmProjects\Online store\config\urls.py first seen with mtime 1729964966.1993053
File C:\Users\Meira\AppData\Local\Programs\Python\Python312\Lib\contextvars.py first seen with mtime 1712663418.0
File C:\Users\Meira\PycharmProjects\Online store\.venv\Lib\site-packages\django\contrib\admin\views\main.py first seen with mtime 1725785711.1502228
File C:\Users\Meira\PycharmProjects\Online store\.venv\Lib\site-packages\dotenv\main.py first seen with mtime 1726350682.2741098
File C:\Users\Meira\PycharmProjects\Online store\.venv\Lib\site-packages\psycopg2\__init__.py first seen with mtime 1726349773.654601
File C:\Users\Meira\PycharmProjects\Online store\.venv\Lib\site-packages\django\db\models\functions\window.py first seen with mtime 1725785713.7462232
File C:\Users\Meira\PycharmProjects\Online store\.venv\Lib\site-packages\django\utils\crypto.py first seen with mtime 1725785713.8812232
File C:\Users\Meira\PycharmProjects\Online store\.venv\Lib\site-packages\django\utils\text.py first seen with mtime 1725785713.9002228
File C:\Users\Meira\PycharmProjects\Online store\.venv\Lib\site-packages\django\contrib\auth\password_validation.py first seen with mtime 1725785711.4262226
File C:\Users\Meira\PycharmProjects\Online store\.venv\Lib\site-packages\django\utils\termcolors.py first seen with mtime 1725785713.8992226
File C:\Users\Meira\PycharmProjects\Online store\.venv\Lib\site-packages\PIL\__init__.py first seen with mtime 1726377627.7860794
File C:\Users\Meira\PycharmProjects\Online store\.venv\Lib\site-packages\django\utils\inspect.py first seen with mtime 1725785713.8922222
File C:\Users\Meira\PycharmProjects\Online store\.venv\Lib\site-packages\django\utils\timesince.py first seen with mtime 1725785713.9012234
File C:\Users\Meira\PycharmProjects\Online store\.venv\Lib\site-packages\django\core\files\storage\handler.py first seen with mtime 1725785713.553222
File C:\Users\Meira\AppData\Local\Programs\Python\Python312\Lib\urllib\__init__.py first seen with mtime 1712663418.0
File C:\Users\Meira\AppData\Local\Programs\Python\Python312\Lib\ssl.py first seen with mtime 1712663418.0
File C:\Users\Meira\PycharmProjects\Online store\.venv\Lib\site-packages\django\contrib\messages\api.py first seen with mtime 1725785712.551223
File C:\Users\Meira\PycharmProjects\Online store\.venv\Lib\site-packages\django\forms\boundfield.py first seen with mtime 1725785713.755223
File C:\Users\Meira\AppData\Local\Programs\Python\Python312\Lib\socketserver.py first seen with mtime 1712663418.0
File C:\Users\Meira\PycharmProjects\Online store\.venv\Lib\site-packages\django\utils\hashable.py first seen with mtime 1725785713.8902225
File C:\Users\Meira\PycharmProjects\Online store\.venv\Lib\site-packages\django\contrib\__init__.py first seen with mtime 1725785710.647223
File C:\Users\Meira\PycharmProjects\Online store\.venv\Lib\site-packages\django\views\generic\detail.py first seen with mtime 1725785713.9242232
File C:\Users\Meira\PycharmProjects\Online store\.venv\Lib\site-packages\colorama\winterm.py first seen with mtime 1726398784.0320232
File C:\Users\Meira\PycharmProjects\Online store\.venv\Lib\site-packages\django\db\backends\postgresql\__init__.py first seen with mtime 1725785713.6322227
File C:\Users\Meira\PycharmProjects\Online store\.venv\Lib\site-packages\django\templatetags\tz.py first seen with mtime 1725785713.863223
File C:\Users\Meira\PycharmProjects\Online store\.venv\Lib\site-packages\PIL\ExifTags.py first seen with mtime 1726377627.637252
File C:\Users\Meira\AppData\Local\Programs\Python\Python312\Lib\string.py first seen with mtime 1712663418.0
File C:\Users\Meira\PycharmProjects\Online store\.venv\Lib\site-packages\sqlparse\__init__.py first seen with mtime 1725785709.051322
File C:\Users\Meira\PycharmProjects\Online store\.venv\Lib\site-packages\django\dispatch\__init__.py first seen with mtime 1725785713.753222
File C:\Users\Meira\PycharmProjects\Online store\.venv\Lib\site-packages\django\db\backends\utils.py first seen with mtime 1725785713.606223
File C:\Users\Meira\PycharmProjects\Online store\.venv\Lib\site-packages\django\core\checks\templates.py first seen with mtime 1725785713.4862237
File C:\Users\Meira\AppData\Local\Programs\Python\Python312\Lib\_markupbase.py first seen with mtime 1712663418.0
File C:\Users\Meira\PycharmProjects\Online store\.venv\Lib\site-packages\django\contrib\contenttypes\management\__init__.py first seen with mtime 1725785711.8532233
File C:\Users\Meira\AppData\Local\Programs\Python\Python312\DLLs\_lzma.pyd first seen with mtime 1712663462.0
File C:\Users\Meira\PycharmProjects\Online store\.venv\Lib\site-packages\django\template\loaders\app_directories.py first seen with mtime 1725785713.8562229
File C:\Users\Meira\PycharmProjects\Online store\.venv\Lib\site-packages\django\db\backends\base\client.py first seen with mtime 1725785713.608223
File C:\Users\Meira\PycharmProjects\Online store\.venv\Lib\site-packages\django\db\models\fields\related_descriptors.py first seen with mtime 1725785713.7302237
File C:\Users\Meira\AppData\Local\Programs\Python\Python312\Lib\asyncio\staggered.py first seen with mtime 1712663418.0
File C:\Users\Meira\PycharmProjects\Online store\.venv\Lib\site-packages\django\template\loader_tags.py first seen with mtime 1725785713.8482223
File C:\Users\Meira\AppData\Local\Programs\Python\Python312\Lib\queue.py first seen with mtime 1712663418.0
File C:\Users\Meira\PycharmProjects\Online store\.venv\Lib\site-packages\django\template\loaders\filesystem.py first seen with mtime 1725785713.8582232
File C:\Users\Meira\AppData\Local\Programs\Python\Python312\DLLs\_uuid.pyd first seen with mtime 1712663462.0
File C:\Users\Meira\PycharmProjects\Online store\.venv\Lib\site-packages\django\conf\global_settings.py first seen with mtime 1725785710.295223
File C:\Users\Meira\AppData\Local\Programs\Python\Python312\Lib\asyncio\windows_utils.py first seen with mtime 1712663418.0
File C:\Users\Meira\PycharmProjects\Online store\.venv\Lib\site-packages\sqlparse\engine\__init__.py first seen with mtime 1725785709.059322
File C:\Users\Meira\PycharmProjects\Online store\.venv\Lib\site-packages\django\core\files\move.py first seen with mtime 1725785713.532223
File C:\Users\Meira\AppData\Local\Programs\Python\Python312\Lib\asyncio\__init__.py first seen with mtime 1712663418.0
File C:\Users\Meira\AppData\Local\Programs\Python\Python312\Lib\asyncio\format_helpers.py first seen with mtime 1712663418.0
File C:\Users\Meira\AppData\Local\Programs\Python\Python312\Lib\contextlib.py first seen with mtime 1712663418.0
File C:\Users\Meira\AppData\Local\Programs\Python\Python312\Lib\email\policy.py first seen with mtime 1712663418.0
File C:\Users\Meira\PycharmProjects\Online store\.venv\Lib\site-packages\django\template\backends\base.py first seen with mtime 1725785713.852222
File C:\Users\Meira\PycharmProjects\Online store\.venv\Lib\site-packages\sqlparse\engine\filter_stack.py first seen with mtime 1725785709.059322
File C:\Users\Meira\PycharmProjects\Online store\.venv\Lib\site-packages\django\core\files\base.py first seen with mtime 1725785713.5222232
File C:\Users\Meira\PycharmProjects\Online store\.venv\Lib\site-packages\django\core\checks\database.py first seen with mtime 1725785713.4742231
File C:\Users\Meira\PycharmProjects\Online store\.venv\Lib\site-packages\django\db\models\fields\generated.py first seen with mtime 1725785713.7042222
File C:\Users\Meira\PycharmProjects\Online store\catalog\apps.py first seen with mtime 1726395388.8924632
File C:\Users\Meira\PycharmProjects\Online store\.venv\Lib\site-packages\django\db\models\fields\related.py first seen with mtime 1725785713.722222
File C:\Users\Meira\PycharmProjects\Online store\.venv\Lib\site-packages\sqlparse\keywords.py first seen with mtime 1725785709.055322
File C:\Users\Meira\PycharmProjects\Online store\.venv\Lib\site-packages\django\core\validators.py first seen with mtime 1725785713.4622233
File C:\Users\Meira\PycharmProjects\Online store\.venv\Lib\site-packages\django\utils\html.py first seen with mtime 1725785713.8912232
File C:\Users\Meira\PycharmProjects\Online store\.venv\Lib\site-packages\django\core\signing.py first seen with mtime 1725785713.4622233
File C:\Users\Meira\PycharmProjects\Online store\.venv\Lib\site-packages\colorama\initialise.py first seen with mtime 1726398784.0300233
File C:\Users\Meira\PycharmProjects\Online store\users\models.py first seen with mtime 1729964966.2043054
File C:\Users\Meira\PycharmProjects\Online store\.venv\Lib\site-packages\django\views\decorators\cache.py first seen with mtime 1725785713.9162228
File C:\Users\Meira\PycharmProjects\Online store\.venv\Lib\site-packages\django\contrib\contenttypes\models.py first seen with mtime 1725785711.659223
File C:\Users\Meira\AppData\Local\Programs\Python\Python312\Lib\zoneinfo\_tzpath.py first seen with mtime 1712663418.0
File C:\Users\Meira\PycharmProjects\Online store\.venv\Lib\site-packages\django\contrib\auth\management\__init__.py first seen with mtime 1725785711.6392221
File C:\Users\Meira\PycharmProjects\Online store\.venv\Lib\site-packages\django\contrib\admin\actions.py first seen with mtime 1725785710.648223
File C:\Users\Meira\PycharmProjects\Online store\.venv\Lib\site-packages\django\templatetags\cache.py first seen with mtime 1725785713.860223
File C:\Users\Meira\PycharmProjects\Online store\.venv\Lib\site-packages\django\core\checks\security\base.py first seen with mtime 1725785713.5052233
File C:\Users\Meira\AppData\Local\Programs\Python\Python312\Lib\mimetypes.py first seen with mtime 1712663418.0
File C:\Users\Meira\PycharmProjects\Online store\.venv\Lib\site-packages\sqlparse\exceptions.py first seen with mtime 1725785709.0533216
File C:\Users\Meira\AppData\Local\Programs\Python\Python312\Lib\asyncio\constants.py first seen with mtime 1712663418.0
File C:\Users\Meira\PycharmProjects\Online store\.venv\Lib\site-packages\sqlparse\lexer.py first seen with mtime 1725785709.055322
File C:\Users\Meira\PycharmProjects\Online store\config\__init__.py first seen with mtime 1725785953.5208223
File C:\Users\Meira\PycharmProjects\Online store\.venv\Lib\site-packages\django\utils\http.py first seen with mtime 1725785713.8912232
File C:\Users\Meira\AppData\Local\Programs\Python\Python312\Lib\weakref.py first seen with mtime 1712663418.0
File C:\Users\Meira\PycharmProjects\Online store\.venv\Lib\site-packages\django\utils\lorem_ipsum.py first seen with mtime 1725785713.8952231
File C:\Users\Meira\PycharmProjects\Online store\.venv\Lib\site-packages\django\contrib\messages\utils.py first seen with mtime 1725785712.5552227
File C:\Users\Meira\PycharmProjects\Online store\.venv\Lib\site-packages\django\core\checks\files.py first seen with mtime 1725785713.4742231
File C:\Users\Meira\AppData\Local\Programs\Python\Python312\DLLs\_zoneinfo.pyd first seen with mtime 1712663462.0
File C:\Users\Meira\PycharmProjects\Online store\.venv\Lib\site-packages\django\db\migrations\exceptions.py first seen with mtime 1725785713.6462233
File C:\Users\Meira\PycharmProjects\Online store\.venv\Lib\site-packages\django\db\models\manager.py first seen with mtime 1725785713.6672232
File C:\Users\Meira\PycharmProjects\Online store\.venv\Lib\site-packages\django\forms\forms.py first seen with mtime 1725785713.7572238
File C:\Users\Meira\AppData\Local\Programs\Python\Python312\Lib\email\header.py first seen with mtime 1712663418.0
File C:\Users\Meira\PycharmProjects\Online store\.venv\Lib\site-packages\django\db\models\functions\math.py first seen with mtime 1725785713.7432227
File C:\Users\Meira\AppData\Local\Programs\Python\Python312\Lib\reprlib.py first seen with mtime 1712663418.0
File C:\Users\Meira\PycharmProjects\Online store\.venv\Lib\site-packages\django\contrib\sessions\backends\base.py first seen with mtime 1725785713.0282228
File C:\Users\Meira\PycharmProjects\Online store\.venv\Lib\site-packages\django\db\models\functions\text.py first seen with mtime 1725785713.745222
File C:\Users\Meira\PycharmProjects\Online store\.venv\Lib\site-packages\django\contrib\sites\shortcuts.py first seen with mtime 1725785713.2392232
File C:\Users\Meira\AppData\Local\Programs\Python\Python312\Lib\calendar.py first seen with mtime 1712663418.0
File C:\Users\Meira\PycharmProjects\Online store\.venv\Lib\site-packages\django\core\serializers\json.py first seen with mtime 1725785713.5952232
File C:\Users\Meira\AppData\Local\Programs\Python\Python312\Lib\decimal.py first seen with mtime 1712663418.0
File C:\Users\Meira\PycharmProjects\Online store\.venv\Lib\site-packages\django\http\request.py first seen with mtime 1725785713.830223
File C:\Users\Meira\PycharmProjects\Online store\.venv\Lib\site-packages\dotenv\__init__.py first seen with mtime 1726350682.2711103
File C:\Users\Meira\PycharmProjects\Online store\users\views.py first seen with mtime 1729964966.2063053
File C:\Users\Meira\AppData\Local\Programs\Python\Python312\Lib\asyncio\streams.py first seen with mtime 1712663418.0
File C:\Users\Meira\AppData\Local\Programs\Python\Python312\Lib\email\iterators.py first seen with mtime 1712663418.0
File C:\Users\Meira\PycharmProjects\Online store\.venv\Lib\site-packages\django\db\models\functions\mixins.py first seen with mtime 1725785713.7442222
File C:\Users\Meira\PycharmProjects\Online store\.venv\Lib\site-packages\django\middleware\__init__.py first seen with mtime 1725785713.8322222
File C:\Users\Meira\PycharmProjects\Online store\.venv\Lib\site-packages\django\urls\exceptions.py first seen with mtime 1725785713.8732233
File C:\Users\Meira\PycharmProjects\Online store\.venv\Lib\site-packages\django\template\engine.py first seen with mtime 1725785713.8452232
File C:\Users\Meira\AppData\Local\Programs\Python\Python312\DLLs\unicodedata.pyd first seen with mtime 1712663462.0
File C:\Users\Meira\PycharmProjects\Online store\.venv\Lib\site-packages\django\contrib\messages\apps.py first seen with mtime 1725785712.551223
File C:\Users\Meira\AppData\Local\Programs\Python\Python312\Lib\http\cookies.py first seen with mtime 1712663418.0
File C:\Users\Meira\PycharmProjects\Online store\.venv\Lib\site-packages\django\contrib\staticfiles\apps.py first seen with mtime 1725785713.446223
File C:\Users\Meira\PycharmProjects\Online store\.venv\Lib\site-packages\asgiref\sync.py first seen with mtime 1725785708.9638891
File C:\Users\Meira\PycharmProjects\Online store\.venv\Lib\site-packages\django\views\generic\edit.py first seen with mtime 1725785713.9242232
File C:\Users\Meira\PycharmProjects\Online store\.venv\Lib\site-packages\django\template\utils.py first seen with mtime 1725785713.8502233
File C:\Users\Meira\PycharmProjects\Online store\.venv\Lib\site-packages\django\db\migrations\operations\fields.py first seen with mtime 1725785713.6572232
File C:\Users\Meira\PycharmProjects\Online store\.venv\Lib\site-packages\django\db\models\sql\datastructures.py first seen with mtime 1725785713.7492223
File C:\Users\Meira\PycharmProjects\Online store\.venv\Lib\site-packages\django\utils\asyncio.py first seen with mtime 1725785713.8782225
File C:\Users\Meira\PycharmProjects\Online store\.venv\Lib\site-packages\django\db\backends\base\features.py first seen with mtime 1725785713.6102233
File C:\Users\Meira\PycharmProjects\Online store\.venv\Lib\site-packages\django\db\models\fields\reverse_related.py first seen with mtime 1725785713.7402234
File C:\Users\Meira\PycharmProjects\Online store\.venv\Lib\site-packages\django\db\backends\signals.py first seen with mtime 1725785713.605223
File C:\Users\Meira\PycharmProjects\Online store\.venv\Lib\site-packages\django\template\context.py first seen with mtime 1725785713.842223
File C:\Users\Meira\PycharmProjects\Online store\.venv\Lib\site-packages\django\urls\converters.py first seen with mtime 1725785713.8732233
File C:\Users\Meira\PycharmProjects\Online store\.venv\Lib\site-packages\psycopg2\errors.py first seen with mtime 1726349773.6726005
File C:\Users\Meira\AppData\Local\Programs\Python\Python312\Lib\dis.py first seen with mtime 1712663418.0
File C:\Users\Meira\AppData\Local\Programs\Python\Python312\Lib\urllib\parse.py first seen with mtime 1712663418.0
File C:\Users\Meira\AppData\Local\Programs\Python\Python312\Lib\argparse.py first seen with mtime 1712663418.0
File C:\Users\Meira\PycharmProjects\Online store\.venv\Lib\site-packages\django\db\models\constraints.py first seen with mtime 1725785713.6622229
File C:\Users\Meira\PycharmProjects\Online store\.venv\Lib\site-packages\django\template\loaders\cached.py first seen with mtime 1725785713.8572228
File C:\Users\Meira\PycharmProjects\Online store\.venv\Lib\site-packages\django\template\__init__.py first seen with mtime 1725785713.839223
File C:\Users\Meira\PycharmProjects\Online store\.venv\Lib\site-packages\django\template\exceptions.py first seen with mtime 1725785713.8452232
File C:\Users\Meira\PycharmProjects\Online store\.venv\Lib\site-packages\django\forms\__init__.py first seen with mtime 1725785713.755223
File C:\Users\Meira\PycharmProjects\Online store\.venv\Lib\site-packages\django\db\__init__.py first seen with mtime 1725785713.6012232
File C:\Users\Meira\PycharmProjects\Online store\.venv\Lib\site-packages\django\contrib\staticfiles\checks.py first seen with mtime 1725785713.447223
File C:\Users\Meira\AppData\Local\Programs\Python\Python312\Lib\numbers.py first seen with mtime 1712663418.0
File C:\Users\Meira\AppData\Local\Programs\Python\Python312\Lib\email\headerregistry.py first seen with mtime 1712663418.0
File C:\Users\Meira\AppData\Local\Programs\Python\Python312\Lib\socket.py first seen with mtime 1712663418.0
File C:\Users\Meira\AppData\Local\Programs\Python\Python312\Lib\encodings\aliases.py first seen with mtime 1712663418.0
File C:\Users\Meira\PycharmProjects\Online store\.venv\Lib\site-packages\sqlparse\filters\reindent.py first seen with mtime 1725785709.0643215
File C:\Users\Meira\PycharmProjects\Online store\.venv\Lib\site-packages\django\db\models\signals.py first seen with mtime 1725785713.6862226
File C:\Users\Meira\PycharmProjects\Online store\.venv\Lib\site-packages\django\core\paginator.py first seen with mtime 1725785713.4602232
File C:\Users\Meira\AppData\Local\Programs\Python\Python312\Lib\json\encoder.py first seen with mtime 1712663418.0
File C:\Users\Meira\PycharmProjects\Online store\.venv\Lib\site-packages\django\db\models\sql\subqueries.py first seen with mtime 1725785713.751223
File C:\Users\Meira\PycharmProjects\Online store\.venv\Lib\site-packages\django\core\wsgi.py first seen with mtime 1725785713.463223
File C:\Users\Meira\PycharmProjects\Online store\.venv\Lib\site-packages\django\core\cache\utils.py first seen with mtime 1725785713.4652276
File C:\Users\Meira\AppData\Local\Programs\Python\Python312\Lib\re\__init__.py first seen with mtime 1712663418.0
File C:\Users\Meira\PycharmProjects\Online store\.venv\Lib\site-packages\sqlparse\filters\__init__.py first seen with mtime 1725785709.0623221
File C:\Users\Meira\PycharmProjects\Online store\.venv\Lib\site-packages\PIL\Image.py first seen with mtime 1726377627.6632543
File C:\Users\Meira\AppData\Local\Programs\Python\Python312\Lib\_compression.py first seen with mtime 1712663418.0
File C:\Users\Meira\PycharmProjects\Online store\blog\views.py first seen with mtime 1729964966.1783054
File C:\Users\Meira\AppData\Local\Programs\Python\Python312\Lib\html\__init__.py first seen with mtime 1712663418.0
File C:\Users\Meira\AppData\Local\Programs\Python\Python312\Lib\re\_constants.py first seen with mtime 1712663418.0
File C:\Users\Meira\PycharmProjects\Online store\.venv\Lib\site-packages\django\db\models\fields\mixins.py first seen with mtime 1725785713.7132237
File C:\Users\Meira\AppData\Local\Programs\Python\Python312\Lib\email\contentmanager.py first seen with mtime 1712663418.0
File C:\Users\Meira\AppData\Local\Programs\Python\Python312\Lib\operator.py first seen with mtime 1712663418.0
File C:\Users\Meira\PycharmProjects\Online store\.venv\Lib\site-packages\django\contrib\messages\__init__.py first seen with mtime 1725785712.550223
File C:\Users\Meira\PycharmProjects\Online store\.venv\Lib\site-packages\django\core\files\temp.py first seen with mtime 1725785713.5402217
File C:\Users\Meira\PycharmProjects\Online store\.venv\Lib\site-packages\django\core\checks\security\sessions.py first seen with mtime 1725785713.513224
File C:\Users\Meira\PycharmProjects\Online store\.venv\Lib\site-packages\django\contrib\auth\apps.py first seen with mtime 1725785711.4172232
File C:\Users\Meira\AppData\Local\Programs\Python\Python312\Lib\hashlib.py first seen with mtime 1712663418.0
File C:\Users\Meira\PycharmProjects\Online store\.venv\Lib\site-packages\django\db\migrations\state.py first seen with mtime 1725785713.653223
File C:\Users\Meira\AppData\Local\Programs\Python\Python312\Lib\email\mime\base.py first seen with mtime 1712663418.0
File C:\Users\Meira\PycharmProjects\Online store\.venv\Lib\site-packages\django\core\checks\async_checks.py first seen with mtime 1725785713.472223
File C:\Users\Meira\PycharmProjects\Online store\.venv\Lib\site-packages\django\core\checks\caches.py first seen with mtime 1725785713.4732223
File C:\Users\Meira\PycharmProjects\Online store\.venv\Lib\site-packages\django\contrib\admin\views\autocomplete.py first seen with mtime 1725785711.149223
File C:\Users\Meira\AppData\Local\Programs\Python\Python312\Lib\asyncio\subprocess.py first seen with mtime 1712663418.0
File C:\Users\Meira\PycharmProjects\Online store\.venv\Lib\site-packages\django\core\files\utils.py first seen with mtime 1725785713.5502234
File C:\Users\Meira\PycharmProjects\Online store\.venv\Lib\site-packages\django\db\models\functions\comparison.py first seen with mtime 1725785713.742223
File C:\Users\Meira\PycharmProjects\Online store\.venv\Lib\site-packages\django\urls\utils.py first seen with mtime 1725785713.875223
File C:\Users\Meira\AppData\Local\Programs\Python\Python312\Lib\locale.py first seen with mtime 1712663418.0
File C:\Users\Meira\AppData\Local\Programs\Python\Python312\Lib\email\mime\nonmultipart.py first seen with mtime 1712663418.0
File C:\Users\Meira\AppData\Local\Programs\Python\Python312\Lib\asyncio\log.py first seen with mtime 1712663418.0
File C:\Users\Meira\PycharmProjects\Online store\.venv\Lib\site-packages\django\conf\locale\__init__.py first seen with mtime 1725785710.301223
File C:\Users\Meira\PycharmProjects\Online store\.venv\Lib\site-packages\django\forms\renderers.py first seen with mtime 1725785713.7602232
File C:\Users\Meira\PycharmProjects\Online store\.venv\Lib\site-packages\django\contrib\auth\validators.py first seen with mtime 1725785711.4292233
File C:\Users\Meira\PycharmProjects\Online store\.venv\Lib\site-packages\django\utils\dateformat.py first seen with mtime 1725785713.883223
File C:\Users\Meira\PycharmProjects\Online store\catalog\__init__.py first seen with mtime 1726395388.8914623
File C:\Users\Meira\PycharmProjects\Online store\blog\__init__.py first seen with mtime 1727634267.958314
File C:\Users\Meira\PycharmProjects\Online store\.venv\Lib\site-packages\django\contrib\auth\middleware.py first seen with mtime 1725785711.424223
File C:\Users\Meira\AppData\Local\Programs\Python\Python312\Lib\heapq.py first seen with mtime 1712663418.0
File C:\Users\Meira\AppData\Local\Programs\Python\Python312\Lib\tokenize.py first seen with mtime 1712663418.0
File C:\Users\Meira\AppData\Local\Programs\Python\Python312\Lib\getpass.py first seen with mtime 1712663418.0
File C:\Users\Meira\PycharmProjects\Online store\.venv\Lib\site-packages\django\utils\ipv6.py first seen with mtime 1725785713.8932233
File C:\Users\Meira\PycharmProjects\Online store\.venv\Lib\site-packages\django\template\loader.py first seen with mtime 1725785713.8472233
File C:\Users\Meira\PycharmProjects\Online store\.venv\Lib\site-packages\django\template\loaders\base.py first seen with mtime 1725785713.8562229
File C:\Users\Meira\PycharmProjects\Online store\manage.py first seen with mtime 1725785954.5432363
File C:\Users\Meira\PycharmProjects\Online store\.venv\Lib\site-packages\django\db\models\fields\__init__.py first seen with mtime 1725785713.6952217
File C:\Users\Meira\AppData\Local\Programs\Python\Python312\Lib\asyncio\tasks.py first seen with mtime 1712663418.0
File C:\Users\Meira\PycharmProjects\Online store\.venv\Lib\site-packages\django\contrib\admin\__init__.py first seen with mtime 1725785710.648223
File C:\Users\Meira\AppData\Local\Programs\Python\Python312\Lib\json\decoder.py first seen with mtime 1712663418.0
File C:\Users\Meira\PycharmProjects\Online store\blog\urls.py first seen with mtime 1729964966.1773052
File C:\Users\Meira\AppData\Local\Programs\Python\Python312\DLLs\_overlapped.pyd first seen with mtime 1712663462.0
File C:\Users\Meira\PycharmProjects\Online store\.venv\Lib\site-packages\django\core\checks\urls.py first seen with mtime 1725785713.4942238
File C:\Users\Meira\AppData\Local\Programs\Python\Python312\Lib\json\__init__.py first seen with mtime 1712663418.0
File C:\Users\Meira\AppData\Local\Programs\Python\Python312\Lib\re\_compiler.py first seen with mtime 1712663418.0
File C:\Users\Meira\PycharmProjects\Online store\.venv\Lib\site-packages\django\db\backends\base\__init__.py first seen with mtime 1725785713.607223
File C:\Users\Meira\PycharmProjects\Online store\.venv\Lib\site-packages\django\db\utils.py first seen with mtime 1725785713.603223
File C:\Users\Meira\PycharmProjects\Online store\.venv\Lib\site-packages\django\db\backends\base\base.py first seen with mtime 1725785713.608223
File C:\Users\Meira\AppData\Local\Programs\Python\Python312\Lib\asyncio\threads.py first seen with mtime 1712663418.0
File C:\Users\Meira\PycharmProjects\Online store\.venv\Lib\site-packages\django\core\cache\backends\__init__.py first seen with mtime 1725785713.466223
File C:\Users\Meira\PycharmProjects\Online store\.venv\Lib\site-packages\django\core\files\storage\memory.py first seen with mtime 1725785713.5542233
File C:\Users\Meira\PycharmProjects\Online store\config\settings.py first seen with mtime 1729988062.440976
File C:\Users\Meira\PycharmProjects\Online store\.venv\Lib\site-packages\django\core\checks\compatibility\django_4_0.py first seen with mtime 1725785713.495222
File C:\Users\Meira\AppData\Local\Programs\Python\Python312\Lib\zoneinfo\_common.py first seen with mtime 1712663418.0
File C:\Users\Meira\PycharmProjects\Online store\.venv\Lib\site-packages\django\core\management\commands\runserver.py first seen with mtime 1725785713.5842228
File C:\Users\Meira\AppData\Local\Programs\Python\Python312\Lib\asyncio\events.py first seen with mtime 1712663418.0
File C:\Users\Meira\AppData\Local\Programs\Python\Python312\Lib\asyncio\coroutines.py first seen with mtime 1712663418.0
File C:\Users\Meira\AppData\Local\Programs\Python\Python312\Lib\__future__.py first seen with mtime 1712663418.0
File C:\Users\Meira\AppData\Local\Programs\Python\Python312\Lib\urllib\response.py first seen with mtime 1712663418.0
File C:\Users\Meira\PycharmProjects\Online store\.venv\Lib\site-packages\django\db\backends\postgresql\schema.py first seen with mtime 1725785713.6382232
File C:\Users\Meira\PycharmProjects\Online store\.venv\Lib\site-packages\django\db\migrations\migration.py first seen with mtime 1725785713.6502228
File C:\Users\Meira\PycharmProjects\Online store\.venv\Lib\site-packages\django\apps\__init__.py first seen with mtime 1725785710.2922227
File C:\Users\Meira\PycharmProjects\Online store\.venv\Lib\site-packages\django\contrib\admin\decorators.py first seen with mtime 1725785710.650223
File C:\Users\Meira\PycharmProjects\Online store\.venv\Lib\site-packages\django\core\management\base.py first seen with mtime 1725785713.5692232
File C:\Users\Meira\AppData\Local\Programs\Python\Python312\Lib\wsgiref\simple_server.py first seen with mtime 1712663418.0
File C:\Users\Meira\PycharmProjects\Online store\.venv\Lib\site-packages\django\shortcuts.py first seen with mtime 1725785710.2912238
File C:\Users\Meira\PycharmProjects\Online store\.venv\Lib\site-packages\django\template\defaultfilters.py first seen with mtime 1725785713.843222
File C:\Users\Meira\PycharmProjects\Online store\.venv\Lib\site-packages\sqlparse\filters\aligned_indent.py first seen with mtime 1725785709.0623221
File C:\Users\Meira\AppData\Local\Programs\Python\Python312\Lib\html\entities.py first seen with mtime 1712663418.0
File C:\Users\Meira\PycharmProjects\Online store\.venv\Lib\site-packages\colorama\__init__.py first seen with mtime 1726398784.0260234
File C:\Users\Meira\PycharmProjects\Online store\.venv\Lib\site-packages\django\urls\conf.py first seen with mtime 1725785713.872223
File C:\Users\Meira\PycharmProjects\Online store\.venv\Lib\site-packages\django\contrib\sessions\backends\__init__.py first seen with mtime 1725785713.027222
File C:\Users\Meira\AppData\Local\Programs\Python\Python312\Lib\email\message.py first seen with mtime 1712663418.0
File C:\Users\Meira\PycharmProjects\Online store\.venv\Lib\site-packages\django\core\files\storage\base.py first seen with mtime 1725785713.5522225
File C:\Users\Meira\PycharmProjects\Online store\.venv\Lib\site-packages\django\db\models\fields\files.py first seen with mtime 1725785713.703223
File C:\Users\Meira\PycharmProjects\Online store\.venv\Lib\site-packages\django\contrib\admin\options.py first seen with mtime 1725785710.655223
File C:\Users\Meira\PycharmProjects\Online store\.venv\Lib\site-packages\django\db\models\constants.py first seen with mtime 1725785713.661223
File C:\Users\Meira\PycharmProjects\Online store\.venv\Lib\site-packages\django\contrib\staticfiles\management\commands\runserver.py first seen with mtime 1725785713.4562225
File C:\Users\Meira\PycharmProjects\Online store\.venv\Lib\site-packages\sqlparse\formatter.py first seen with mtime 1725785709.054322
File C:\Users\Meira\AppData\Local\Programs\Python\Python312\Lib\email\__init__.py first seen with mtime 1712663418.0
File C:\Users\Meira\AppData\Local\Programs\Python\Python312\DLLs\_hashlib.pyd first seen with mtime 1712663462.0
File C:\Users\Meira\AppData\Local\Programs\Python\Python312\DLLs\_socket.pyd first seen with mtime 1712663462.0
File C:\Users\Meira\AppData\Local\Programs\Python\Python312\Lib\random.py first seen with mtime 1712663418.0
File C:\Users\Meira\PycharmProjects\Online store\.venv\Lib\site-packages\django\template\defaulttags.py first seen with mtime 1725785713.844223
File C:\Users\Meira\AppData\Local\Programs\Python\Python312\Lib\collections\__init__.py first seen with mtime 1712663418.0
File C:\Users\Meira\PycharmProjects\Online store\.venv\Lib\site-packages\django\contrib\admin\models.py first seen with mtime 1725785710.654223
File C:\Users\Meira\PycharmProjects\Online store\.venv\Lib\site-packages\django\core\checks\registry.py first seen with mtime 1725785713.4772224
File C:\Users\Meira\PycharmProjects\Online store\.venv\Lib\site-packages\psycopg2\_psycopg.cp312-win_amd64.pyd first seen with mtime 1726349773.6695998
File C:\Users\Meira\PycharmProjects\Online store\.venv\Lib\site-packages\django\core\checks\__init__.py first seen with mtime 1725785713.472223
File C:\Users\Meira\PycharmProjects\Online store\.venv\Lib\site-packages\django\contrib\auth\base_user.py first seen with mtime 1725785711.419223
File C:\Users\Meira\PycharmProjects\Online store\.venv\Lib\site-packages\django\views\decorators\common.py first seen with mtime 1725785713.9172232
File C:\Users\Meira\AppData\Local\Programs\Python\Python312\Lib\keyword.py first seen with mtime 1712663418.0
File C:\Users\Meira\PycharmProjects\Online store\.venv\Lib\site-packages\django\db\backends\postgresql\operations.py first seen with mtime 1725785713.636223
File C:\Users\Meira\PycharmProjects\Online store\.venv\Lib\site-packages\PIL\_imaging.cp312-win_amd64.pyd first seen with mtime 1726377627.8240843
File C:\Users\Meira\PycharmProjects\Online store\.venv\Lib\site-packages\django\core\mail\message.py first seen with mtime 1725785713.5602221
File C:\Users\Meira\PycharmProjects\Online store\.venv\Lib\site-packages\django\core\handlers\asgi.py first seen with mtime 1725785713.5562232
File C:\Users\Meira\AppData\Local\Programs\Python\Python312\Lib\token.py first seen with mtime 1712663418.0
File C:\Users\Meira\PycharmProjects\Online store\.venv\Lib\site-packages\django\conf\urls\__init__.py first seen with mtime 1725785710.6452231
File C:\Users\Meira\PycharmProjects\Online store\.venv\Lib\site-packages\django\utils\autoreload.py first seen with mtime 1725785713.8782225
File C:\Users\Meira\PycharmProjects\Online store\.venv\Lib\site-packages\django\views\__init__.py first seen with mtime 1725785713.9102223
File C:\Users\Meira\AppData\Local\Programs\Python\Python312\Lib\email\parser.py first seen with mtime 1712663418.0
File C:\Users\Meira\AppData\Local\Programs\Python\Python312\Lib\hmac.py first seen with mtime 1712663418.0
File C:\Users\Meira\PycharmProjects\Online store\users\__init__.py first seen with mtime 1729629899.072566
File C:\Users\Meira\PycharmProjects\Online store\.venv\Lib\site-packages\django\db\models\sql\query.py first seen with mtime 1725785713.7502227
File C:\Users\Meira\PycharmProjects\Online store\.venv\Lib\site-packages\django\core\files\__init__.py first seen with mtime 1725785713.5142236
File C:\Users\Meira\PycharmProjects\Online store\.venv\Lib\site-packages\django\contrib\staticfiles\management\__init__.py first seen with mtime 1725785713.453223
File C:\Users\Meira\AppData\Local\Programs\Python\Python312\Lib\concurrent\__init__.py first seen with mtime 1712663418.0
File C:\Users\Meira\AppData\Local\Programs\Python\Python312\Lib\json\scanner.py first seen with mtime 1712663418.0
File C:\Users\Meira\PycharmProjects\Online store\.venv\Lib\site-packages\django\contrib\admin\templatetags\base.py first seen with mtime 1725785711.1472232
File C:\Users\Meira\AppData\Local\Programs\Python\Python312\Lib\email\mime\multipart.py first seen with mtime 1712663418.0
File C:\Users\Meira\AppData\Local\Programs\Python\Python312\Lib\email\errors.py first seen with mtime 1712663418.0
File C:\Users\Meira\PycharmProjects\Online store\.venv\Lib\site-packages\django\core\handlers\base.py first seen with mtime 1725785713.5572233
File C:\Users\Meira\AppData\Local\Programs\Python\Python312\Lib\email\quoprimime.py first seen with mtime 1712663418.0
File C:\Users\Meira\PycharmProjects\Online store\catalog\views.py first seen with mtime 1729987860.3287897
File C:\Users\Meira\AppData\Local\Programs\Python\Python312\Lib\ipaddress.py first seen with mtime 1712663418.0
File C:\Users\Meira\PycharmProjects\Online store\.venv\Lib\site-packages\django\contrib\auth\checks.py first seen with mtime 1725785711.420223
File C:\Users\Meira\PycharmProjects\Online store\.venv\Lib\site-packages\PIL\ImageMode.py first seen with mtime 1726377627.6832519
File C:\Users\Meira\PycharmProjects\Online store\.venv\Lib\site-packages\django\db\backends\base\validation.py first seen with mtime 1725785713.613223
File C:\Users\Meira\PycharmProjects\Online store\.venv\Lib\site-packages\django\db\migrations\__init__.py first seen with mtime 1725785713.6452227
File C:\Users\Meira\AppData\Local\Programs\Python\Python312\Lib\pickle.py first seen with mtime 1712663418.0
File C:\Users\Meira\AppData\Local\Programs\Python\Python312\Lib\asyncio\runners.py first seen with mtime 1712663418.0
File C:\Users\Meira\PycharmProjects\Online store\.venv\Lib\site-packages\django\contrib\admin\templatetags\admin_modify.py first seen with mtime 1725785711.1452227
File C:\Users\Meira\AppData\Local\Programs\Python\Python312\Lib\email\_policybase.py first seen with mtime 1712663418.0
File C:\Users\Meira\PycharmProjects\Online store\.venv\Lib\site-packages\django\utils\choices.py first seen with mtime 1725785713.880223
File C:\Users\Meira\PycharmProjects\Online store\.venv\Lib\site-packages\django\utils\encoding.py first seen with mtime 1725785713.8872228
File C:\Users\Meira\AppData\Local\Programs\Python\Python312\Lib\zoneinfo\__init__.py first seen with mtime 1712663418.0
File C:\Users\Meira\PycharmProjects\Online store\.venv\Lib\site-packages\django\db\models\enums.py first seen with mtime 1725785713.6642232
File C:\Users\Meira\PycharmProjects\Online store\.venv\Lib\site-packages\django\utils\_os.py first seen with mtime 1725785713.876223
File C:\Users\Meira\PycharmProjects\Online store\.venv\Lib\site-packages\django\contrib\auth\models.py first seen with mtime 1725785711.4252229
File C:\Users\Meira\PycharmProjects\Online store\.venv\Lib\site-packages\django\contrib\contenttypes\apps.py first seen with mtime 1725785711.656223
File C:\Users\Meira\PycharmProjects\Online store\.venv\Lib\site-packages\django\db\backends\postgresql\base.py first seen with mtime 1725785713.6332223
File C:\Users\Meira\AppData\Local\Programs\Python\Python312\Lib\wsgiref\__init__.py first seen with mtime 1712663418.0
File C:\Users\Meira\PycharmProjects\Online store\.venv\Lib\site-packages\django\middleware\cache.py first seen with mtime 1725785713.833223
File C:\Users\Meira\PycharmProjects\Online store\.venv\Lib\site-packages\django\contrib\staticfiles\finders.py first seen with mtime 1725785713.447223
File C:\Users\Meira\PycharmProjects\Online store\.venv\Lib\site-packages\django\middleware\csrf.py first seen with mtime 1725785713.8352222
File C:\Users\Meira\PycharmProjects\Online store\.venv\Lib\site-packages\django\core\files\images.py first seen with mtime 1725785713.5232234
File C:\Users\Meira\PycharmProjects\Online store\.venv\Lib\site-packages\django\db\models\indexes.py first seen with mtime 1725785713.665224
File C:\Users\Meira\PycharmProjects\Online store\.venv\Lib\site-packages\psycopg2\_range.py first seen with mtime 1726349773.6706026
File C:\Users\Meira\AppData\Local\Programs\Python\Python312\DLLs\_ssl.pyd first seen with mtime 1712663462.0
File C:\Users\Meira\PycharmProjects\Online store\.venv\Lib\site-packages\django\contrib\admin\templatetags\admin_list.py first seen with mtime 1725785711.1452227
File C:\Users\Meira\PycharmProjects\Online store\.venv\Lib\site-packages\django\core\servers\basehttp.py first seen with mtime 1725785713.6002228
File C:\Users\Meira\AppData\Local\Programs\Python\Python312\Lib\email\feedparser.py first seen with mtime 1712663418.0
File C:\Users\Meira\PycharmProjects\Online store\.venv\Lib\site-packages\django\contrib\sessions\__init__.py first seen with mtime 1725785713.022223
File C:\Users\Meira\PycharmProjects\Online store\.venv\Lib\site-packages\PIL\_typing.py first seen with mtime 1726377627.9330618
File C:\Users\Meira\AppData\Local\Programs\Python\Python312\Lib\encodings\utf_8.py first seen with mtime 1712663418.0
File C:\Users\Meira\AppData\Local\Programs\Python\Python312\Lib\gettext.py first seen with mtime 1712663418.0
File C:\Users\Meira\AppData\Local\Programs\Python\Python312\Lib\asyncio\locks.py first seen with mtime 1712663418.0
File C:\Users\Meira\PycharmProjects\Online store\.venv\Lib\site-packages\PIL\_deprecate.py first seen with mtime 1726377627.7920792
File C:\Users\Meira\AppData\Local\Programs\Python\Python312\Lib\warnings.py first seen with mtime 1712663418.0
File C:\Users\Meira\AppData\Local\Programs\Python\Python312\Lib\gzip.py first seen with mtime 1712663418.0
File C:\Users\Meira\PycharmProjects\Online store\.venv\Lib\site-packages\django\apps\registry.py first seen with mtime 1725785710.294223
File C:\Users\Meira\PycharmProjects\Online store\.venv\Lib\site-packages\django\db\models\fields\related_lookups.py first seen with mtime 1725785713.7312226
File C:\Users\Meira\PycharmProjects\Online store\.venv\Lib\site-packages\django\db\models\__init__.py first seen with mtime 1725785713.6592228
File C:\Users\Meira\PycharmProjects\Online store\.venv\Lib\site-packages\django\core\files\uploadedfile.py first seen with mtime 1725785713.5412216
File C:\Users\Meira\PycharmProjects\Online store\.venv\Lib\site-packages\django\contrib\contenttypes\forms.py first seen with mtime 1725785711.6582232
File C:\Users\Meira\AppData\Local\Programs\Python\Python312\Lib\difflib.py first seen with mtime 1712663418.0
File C:\Users\Meira\PycharmProjects\Online store\.venv\Lib\site-packages\django\utils\translation\reloader.py first seen with mtime 1725785713.9072225
File C:\Users\Meira\PycharmProjects\Online store\blog\admin.py first seen with mtime 1727634267.9603057
File C:\Users\Meira\PycharmProjects\Online store\.venv\Lib\site-packages\django\core\exceptions.py first seen with mtime 1725785713.4602232
File C:\Users\Meira\PycharmProjects\Online store\.venv\Lib\site-packages\django\core\servers\__init__.py first seen with mtime 1725785713.5992231
File C:\Users\Meira\PycharmProjects\Online store\.venv\Lib\site-packages\django\templatetags\i18n.py first seen with mtime 1725785713.861223
File C:\Users\Meira\PycharmProjects\Online store\.venv\Lib\site-packages\django\contrib\sites\requests.py first seen with mtime 1725785713.238223
File C:\Users\Meira\PycharmProjects\Online store\.venv\Lib\site-packages\django\templatetags\__init__.py first seen with mtime 1725785713.8592227
File C:\Users\Meira\PycharmProjects\Online store\.venv\Lib\site-packages\django\contrib\admin\filters.py first seen with mtime 1725785710.652223
File C:\Users\Meira\PycharmProjects\Online store\.venv\Lib\site-packages\django\apps\config.py first seen with mtime 1725785710.293223
File C:\Users\Meira\PycharmProjects\Online store\.venv\Lib\site-packages\django\contrib\auth\__init__.py first seen with mtime 1725785711.4162228
File C:\Users\Meira\AppData\Local\Programs\Python\Python312\Lib\importlib\__init__.py first seen with mtime 1712663418.0
File C:\Users\Meira\AppData\Local\Programs\Python\Python312\Lib\email\base64mime.py first seen with mtime 1712663418.0
File C:\Users\Meira\AppData\Local\Programs\Python\Python312\Lib\concurrent\futures\__init__.py first seen with mtime 1712663418.0
File C:\Users\Meira\AppData\Local\Programs\Python\Python312\DLLs\_decimal.pyd first seen with mtime 1712663462.0
File C:\Users\Meira\AppData\Local\Programs\Python\Python312\DLLs\_ctypes.pyd first seen with mtime 1712663462.0
File C:\Users\Meira\PycharmProjects\Online store\.venv\Lib\site-packages\django\urls\resolvers.py first seen with mtime 1725785713.8742232
File C:\Users\Meira\PycharmProjects\Online store\.venv\Lib\site-packages\django\db\backends\postgresql\features.py first seen with mtime 1725785713.6352227
File C:\Users\Meira\PycharmProjects\Online store\.venv\Lib\site-packages\django\templatetags\static.py first seen with mtime 1725785713.8622224
File C:\Users\Meira\AppData\Local\Programs\Python\Python312\Lib\nturl2path.py first seen with mtime 1712663418.0
File C:\Users\Meira\PycharmProjects\Online store\catalog\models.py first seen with mtime 1729964966.1893053
File C:\Users\Meira\AppData\Local\Programs\Python\Python312\Lib\pathlib.py first seen with mtime 1712663418.0
File C:\Users\Meira\AppData\Local\Programs\Python\Python312\Lib\asyncio\timeouts.py first seen with mtime 1712663418.0
File C:\Users\Meira\AppData\Local\Programs\Python\Python312\Lib\collections\abc.py first seen with mtime 1712663418.0
File C:\Users\Meira\PycharmProjects\Online store\.venv\Lib\site-packages\dotenv\variables.py first seen with mtime 1726350682.2761097
File C:\Users\Meira\AppData\Local\Programs\Python\Python312\Lib\wsgiref\handlers.py first seen with mtime 1712663418.0
File C:\Users\Meira\PycharmProjects\Online store\.venv\Lib\site-packages\django\utils\tree.py first seen with mtime 1725785713.902223
File C:\Users\Meira\PycharmProjects\Online store\.venv\Lib\site-packages\django\views\generic\base.py first seen with mtime 1725785713.9222224
File C:\Users\Meira\PycharmProjects\Online store\.venv\Lib\site-packages\PIL\_util.py first seen with mtime 1726377627.9350657
File C:\Users\Meira\PycharmProjects\Online store\.venv\Lib\site-packages\django\utils\translation\__init__.py first seen with mtime 1725785713.906223
File C:\Users\Meira\PycharmProjects\Online store\.venv\Lib\site-packages\django\conf\urls\static.py first seen with mtime 1725785710.646223
File C:\Users\Meira\PycharmProjects\Online store\.venv\Lib\site-packages\django\contrib\staticfiles\__init__.py first seen with mtime 1725785713.445223
File C:\Users\Meira\PycharmProjects\Online store\.venv\Lib\site-packages\django\contrib\contenttypes\admin.py first seen with mtime 1725785711.655223
File C:\Users\Meira\AppData\Local\Programs\Python\Python312\Lib\email\charset.py first seen with mtime 1712663418.0
File C:\Users\Meira\PycharmProjects\Online store\.venv\Lib\site-packages\sqlparse\filters\tokens.py first seen with mtime 1725785709.066322
File C:\Users\Meira\PycharmProjects\Online store\.venv\Lib\site-packages\django\contrib\sessions\apps.py first seen with mtime 1725785713.0232232
File C:\Users\Meira\AppData\Local\Programs\Python\Python312\DLLs\_bz2.pyd first seen with mtime 1712663462.0
File C:\Users\Meira\PycharmProjects\Online store\.venv\Lib\site-packages\colorama\win32.py first seen with mtime 1726398784.0310235
File C:\Users\Meira\AppData\Local\Programs\Python\Python312\Lib\asyncio\base_tasks.py first seen with mtime 1712663418.0
File C:\Users\Meira\AppData\Local\Programs\Python\Python312\Lib\threading.py first seen with mtime 1712663418.0
File C:\Users\Meira\PycharmProjects\Online store\.venv\Lib\site-packages\django\contrib\admin\utils.py first seen with mtime 1725785710.6572223
File C:\Users\Meira\PycharmProjects\Online store\.venv\Lib\site-packages\sqlparse\engine\statement_splitter.py first seen with mtime 1725785709.0613217
File C:\Users\Meira\AppData\Local\Programs\Python\Python312\Lib\typing.py first seen with mtime 1712663418.0
File C:\Users\Meira\AppData\Local\Programs\Python\Python312\Lib\struct.py first seen with mtime 1712663418.0
File C:\Users\Meira\PycharmProjects\Online store\.venv\Lib\site-packages\django\utils\module_loading.py first seen with mtime 1725785713.896223
File C:\Users\Meira\PycharmProjects\Online store\.venv\Lib\site-packages\django\contrib\messages\constants.py first seen with mtime 1725785712.552223
File C:\Users\Meira\PycharmProjects\Online store\.venv\Lib\site-packages\django\urls\__init__.py first seen with mtime 1725785713.871223
File C:\Users\Meira\PycharmProjects\Online store\.venv\Lib\site-packages\PIL\_binary.py first seen with mtime 1726377627.7900612
File C:\Users\Meira\AppData\Local\Programs\Python\Python312\Lib\asyncio\transports.py first seen with mtime 1712663418.0
File C:\Users\Meira\AppData\Local\Programs\Python\Python312\Lib\textwrap.py first seen with mtime 1712663418.0
File C:\Users\Meira\PycharmProjects\Online store\.venv\Lib\site-packages\django\core\mail\__init__.py first seen with mtime 1725785713.5602221
File C:\Users\Meira\AppData\Local\Programs\Python\Python312\Lib\re\_casefix.py first seen with mtime 1712663418.0
File C:\Users\Meira\PycharmProjects\Online store\.venv\Lib\site-packages\django\contrib\staticfiles\views.py first seen with mtime 1725785713.4522233
File C:\Users\Meira\PycharmProjects\Online store\.venv\Lib\site-packages\asgiref\current_thread_executor.py first seen with mtime 1725785708.9618897
File C:\Users\Meira\AppData\Local\Programs\Python\Python312\Lib\email\_encoded_words.py first seen with mtime 1712663418.0
File C:\Users\Meira\AppData\Local\Programs\Python\Python312\Lib\html\parser.py first seen with mtime 1712663418.0
File C:\Users\Meira\PycharmProjects\Online store\.venv\Lib\site-packages\django\contrib\staticfiles\utils.py first seen with mtime 1725785713.4512231
File C:\Users\Meira\PycharmProjects\Online store\.venv\Lib\site-packages\django\contrib\auth\decorators.py first seen with mtime 1725785711.422223
File C:\Users\Meira\AppData\Local\Programs\Python\Python312\Lib\types.py first seen with mtime 1712663418.0
File C:\Users\Meira\PycharmProjects\Online store\.venv\Lib\site-packages\django\views\decorators\__init__.py first seen with mtime 1725785713.915223
File C:\Users\Meira\PycharmProjects\Online store\.venv\Lib\site-packages\django\forms\utils.py first seen with mtime 1725785713.7602232
File C:\Users\Meira\PycharmProjects\Online store\.venv\Lib\site-packages\django\forms\fields.py first seen with mtime 1725785713.7562227
File C:\Users\Meira\PycharmProjects\Online store\.venv\Lib\site-packages\django\utils\functional.py first seen with mtime 1725785713.8892221
File C:\Users\Meira\AppData\Local\Programs\Python\Python312\Lib\ctypes\_endian.py first seen with mtime 1712663418.0
File C:\Users\Meira\PycharmProjects\Online store\.venv\Lib\site-packages\django\core\checks\model_checks.py first seen with mtime 1725785713.476223
File C:\Users\Meira\PycharmProjects\Online store\users\forms.py first seen with mtime 1729964966.2003052
File C:\Users\Meira\AppData\Local\Programs\Python\Python312\Lib\shutil.py first seen with mtime 1712663418.0
File C:\Users\Meira\PycharmProjects\Online store\.venv\Lib\site-packages\django\db\models\query_utils.py first seen with mtime 1725785713.685224
File C:\Users\Meira\PycharmProjects\Online store\.venv\Lib\site-packages\django\core\management\__init__.py first seen with mtime 1725785713.5682223
File C:\Users\Meira\PycharmProjects\Online store\.venv\Lib\site-packages\django\db\models\fields\proxy.py first seen with mtime 1725785713.7212212
File C:\Users\Meira\PycharmProjects\Online store\.venv\Lib\site-packages\django\db\models\utils.py first seen with mtime 1725785713.6932228
File C:\Users\Meira\PycharmProjects\Online store\.venv\Lib\site-packages\dotenv\parser.py first seen with mtime 1726350682.2741098
File C:\Users\Meira\PycharmProjects\Online store\.venv\Lib\site-packages\django\utils\__init__.py first seen with mtime 1725785713.876223
File C:\Users\Meira\PycharmProjects\Online store\.venv\Lib\site-packages\django\core\cache\__init__.py first seen with mtime 1725785713.464223
File C:\Users\Meira\PycharmProjects\Online store\.venv\Lib\site-packages\django\core\serializers\base.py first seen with mtime 1725785713.5942223
File C:\Users\Meira\AppData\Local\Programs\Python\Python312\Lib\pkgutil.py first seen with mtime 1712663418.0
File C:\Users\Meira\PycharmProjects\Online store\.venv\Lib\site-packages\PIL\_version.py first seen with mtime 1726377627.937062
File C:\Users\Meira\PycharmProjects\Online store\.venv\Lib\site-packages\django\views\generic\dates.py first seen with mtime 1725785713.923223
File C:\Users\Meira\AppData\Local\Programs\Python\Python312\Lib\encodings\__init__.py first seen with mtime 1712663418.0
File C:\Users\Meira\AppData\Local\Programs\Python\Python312\Lib\asyncio\base_subprocess.py first seen with mtime 1712663418.0
File C:\Users\Meira\PycharmProjects\Online store\.venv\Lib\site-packages\django\core\cache\backends\base.py first seen with mtime 1725785713.466223
File C:\Users\Meira\AppData\Local\Programs\Python\Python312\Lib\uuid.py first seen with mtime 1712663418.0
File C:\Users\Meira\PycharmProjects\Online store\.venv\Lib\site-packages\django\contrib\auth\signals.py first seen with mtime 1725785711.4272232
File C:\Users\Meira\PycharmProjects\Online store\.venv\Lib\site-packages\django\contrib\auth\views.py first seen with mtime 1725785711.4292233
File C:\Users\Meira\PycharmProjects\Online store\.venv\Lib\site-packages\django\template\autoreload.py first seen with mtime 1725785713.8402233
File C:\Users\Meira\PycharmProjects\Online store\.venv\Lib\site-packages\django\db\transaction.py first seen with mtime 1725785713.6022224
File C:\Users\Meira\AppData\Local\Programs\Python\Python312\Lib\asyncio\exceptions.py first seen with mtime 1712663418.0
File C:\Users\Meira\PycharmProjects\Online store\.venv\Lib\site-packages\django\utils\log.py first seen with mtime 1725785713.8952231
File C:\Users\Meira\AppData\Local\Programs\Python\Python312\Lib\asyncio\mixins.py first seen with mtime 1712663418.0
File C:\Users\Meira\PycharmProjects\Online store\.venv\Lib\site-packages\django\dispatch\dispatcher.py first seen with mtime 1725785713.753222
File C:\Users\Meira\PycharmProjects\Online store\.venv\Lib\site-packages\asgiref\local.py first seen with mtime 1725785708.9618897
File C:\Users\Meira\PycharmProjects\Online store\.venv\Lib\site-packages\django\contrib\admin\templatetags\log.py first seen with mtime 1725785711.1472232
File C:\Users\Meira\AppData\Local\Programs\Python\Python312\DLLs\_asyncio.pyd first seen with mtime 1712663462.0
File C:\Users\Meira\PycharmProjects\Online store\users\urls.py first seen with mtime 1729964966.2053053
File C:\Users\Meira\PycharmProjects\Online store\.venv\Lib\site-packages\_virtualenv.py first seen with mtime 1725785403.2189164
File C:\Users\Meira\AppData\Local\Programs\Python\Python312\Lib\email\mime\text.py first seen with mtime 1712663418.0
File C:\Users\Meira\PycharmProjects\Online store\.venv\Lib\site-packages\django\contrib\auth\forms.py first seen with mtime 1725785711.4232228
File C:\Users\Meira\PycharmProjects\Online store\.venv\Lib\site-packages\asgiref\__init__.py first seen with mtime 1725785708.9598897
File C:\Users\Meira\AppData\Local\Programs\Python\Python312\Lib\_compat_pickle.py first seen with mtime 1712663418.0
File C:\Users\Meira\PycharmProjects\Online store\.venv\Lib\site-packages\django\forms\models.py first seen with mtime 1725785713.759222
File C:\Users\Meira\PycharmProjects\Online store\.venv\Lib\site-packages\django\middleware\security.py first seen with mtime 1725785713.8382223
File C:\Users\Meira\AppData\Local\Programs\Python\Python312\Lib\asyncio\base_events.py first seen with mtime 1712663418.0
File C:\Users\Meira\AppData\Local\Programs\Python\Python312\Lib\ctypes\wintypes.py first seen with mtime 1712663418.0
File C:\Users\Meira\PycharmProjects\Online store\.venv\Lib\site-packages\django\contrib\admin\sites.py first seen with mtime 1725785710.6562226
File C:\Users\Meira\PycharmProjects\Online store\.venv\Lib\site-packages\django\contrib\auth\hashers.py first seen with mtime 1725785711.4232228
File C:\Users\Meira\AppData\Local\Programs\Python\Python312\Lib\email\_header_value_parser.py first seen with mtime 1712663418.0
File C:\Users\Meira\PycharmProjects\Online store\.venv\Lib\site-packages\django\db\backends\ddl_references.py first seen with mtime 1725785713.604223
File C:\Users\Meira\PycharmProjects\Online store\users\admin.py first seen with mtime 1729629899.073566
File C:\Users\Meira\PycharmProjects\Online store\.venv\Lib\site-packages\django\db\migrations\utils.py first seen with mtime 1725785713.6542227
File C:\Users\Meira\PycharmProjects\Online store\.venv\Lib\site-packages\django\template\backends\django.py first seen with mtime 1725785713.8532226
File C:\Users\Meira\PycharmProjects\Online store\.venv\Lib\site-packages\django\utils\duration.py first seen with mtime 1725785713.886223
File C:\Users\Meira\PycharmProjects\Online store\.venv\Lib\site-packages\django\db\backends\base\introspection.py first seen with mtime 1725785713.611222
File C:\Users\Meira\AppData\Local\Programs\Python\Python312\Lib\wsgiref\util.py first seen with mtime 1712663418.0
File C:\Users\Meira\PycharmProjects\Online store\.venv\Lib\site-packages\django\contrib\sessions\base_session.py first seen with mtime 1725785713.0232232
File C:\Users\Meira\PycharmProjects\Online store\.venv\Lib\site-packages\django\core\management\commands\__init__.py first seen with mtime 1725785713.573223
File C:\Users\Meira\PycharmProjects\Online store\.venv\Lib\site-packages\django\__init__.py first seen with mtime 1725785710.290229
File C:\Users\Meira\PycharmProjects\Online store\.venv\Lib\site-packages\django\contrib\admin\apps.py first seen with mtime 1725785710.649223
File C:\Users\Meira\PycharmProjects\Online store\.venv\Lib\site-packages\psycopg2\extensions.py first seen with mtime 1726349773.6735997
File C:\Users\Meira\PycharmProjects\Online store\catalog\urls.py first seen with mtime 1729981553.370219
File C:\Users\Meira\PycharmProjects\Online store\.venv\Lib\site-packages\django\db\models\sql\__init__.py first seen with mtime 1725785713.7472231
File C:\Users\Meira\AppData\Local\Programs\Python\Python312\Lib\base64.py first seen with mtime 1712663418.0
File C:\Users\Meira\AppData\Local\Programs\Python\Python312\Lib\concurrent\futures\thread.py first seen with mtime 1712663418.0
File C:\Users\Meira\AppData\Local\Programs\Python\Python312\Lib\lzma.py first seen with mtime 1712663418.0
File C:\Users\Meira\AppData\Local\Programs\Python\Python312\Lib\asyncio\selector_events.py first seen with mtime 1712663418.0
File C:\Users\Meira\PycharmProjects\Online store\.venv\Lib\site-packages\django\views\static.py first seen with mtime 1725785713.9142232
File C:\Users\Meira\PycharmProjects\Online store\.venv\Lib\site-packages\django\http\multipartparser.py first seen with mtime 1725785713.8292227
File C:\Users\Meira\AppData\Local\Programs\Python\Python312\Lib\http\server.py first seen with mtime 1712663418.0
File C:\Users\Meira\PycharmProjects\Online store\.venv\Lib\site-packages\django\core\handlers\exception.py first seen with mtime 1725785713.5582232
File C:\Users\Meira\PycharmProjects\Online store\.venv\Lib\site-packages\django\utils\datastructures.py first seen with mtime 1725785713.8822227
File C:\Users\Meira\AppData\Local\Programs\Python\Python312\Lib\logging\__init__.py first seen with mtime 1712663418.0
File C:\Users\Meira\AppData\Local\Programs\Python\Python312\Lib\inspect.py first seen with mtime 1712663418.0
File C:\Users\Meira\PycharmProjects\Online store\.venv\Lib\site-packages\django\db\models\deletion.py first seen with mtime 1725785713.663223
File C:\Users\Meira\PycharmProjects\Online store\.venv\Lib\site-packages\django\views\decorators\csrf.py first seen with mtime 1725785713.9182224
File C:\Users\Meira\AppData\Local\Programs\Python\Python312\Lib\email\generator.py first seen with mtime 1712663418.0
File C:\Users\Meira\PycharmProjects\Online store\.venv\Lib\site-packages\django\db\models\query.py first seen with mtime 1725785713.6772232
File C:\Users\Meira\AppData\Local\Programs\Python\Python312\Lib\pprint.py first seen with mtime 1712663418.0
File C:\Users\Meira\PycharmProjects\Online store\catalog\forms.py first seen with mtime 1729964966.1823053
File C:\Users\Meira\PycharmProjects\Online store\.venv\Lib\site-packages\django\contrib\auth\admin.py first seen with mtime 1725785711.4172232
File C:\Users\Meira\PycharmProjects\Online store\.venv\Lib\site-packages\django\contrib\staticfiles\management\commands\__init__.py first seen with mtime 1725785713.453223
File C:\Users\Meira\PycharmProjects\Online store\.venv\Lib\site-packages\django\utils\decorators.py first seen with mtime 1725785713.8852232
File C:\Users\Meira\PycharmProjects\Online store\.venv\Lib\site-packages\django\utils\safestring.py first seen with mtime 1725785713.8992226
File C:\Users\Meira\AppData\Local\Programs\Python\Python312\Lib\http\client.py first seen with mtime 1712663418.0
File C:\Users\Meira\PycharmProjects\Online store\.venv\Lib\site-packages\django\core\checks\translation.py first seen with mtime 1725785713.4862237
File C:\Users\Meira\PycharmProjects\Online store\.venv\Lib\site-packages\django\db\models\functions\__init__.py first seen with mtime 1725785713.741223
File C:\Users\Meira\PycharmProjects\Online store\.venv\Lib\site-packages\psycopg2\extras.py first seen with mtime 1726349773.6746
File C:\Users\Meira\PycharmProjects\Online store\catalog\services.py first seen with mtime 1729972713.250661
File C:\Users\Meira\PycharmProjects\Online store\.venv\Lib\site-packages\sqlparse\sql.py first seen with mtime 1725785709.0563226
File C:\Users\Meira\PycharmProjects\Online store\.venv\Lib\site-packages\django\template\library.py first seen with mtime 1725785713.8462222
File C:\Users\Meira\AppData\Local\Programs\Python\Python312\Lib\http\__init__.py first seen with mtime 1712663418.0
File C:\Users\Meira\AppData\Local\Programs\Python\Python312\Lib\asyncio\sslproto.py first seen with mtime 1712663418.0
File C:\Users\Meira\PycharmProjects\Online store\.venv\Lib\site-packages\django\views\decorators\debug.py first seen with mtime 1725785713.9182224
File C:\Users\Meira\AppData\Local\Programs\Python\Python312\Lib\copy.py first seen with mtime 1712663418.0
File C:\Users\Meira\PycharmProjects\Online store\.venv\Lib\site-packages\django\contrib\sessions\models.py first seen with mtime 1725785713.0252233
File C:\Users\Meira\PycharmProjects\Online store\.venv\Lib\site-packages\django\core\files\storage\mixins.py first seen with mtime 1725785713.5552225
File C:\Users\Meira\PycharmProjects\Online store\.venv\Lib\site-packages\django\core\__init__.py first seen with mtime 1725785713.458223
File C:\Users\Meira\PycharmProjects\Online store\.venv\Lib\site-packages\django\db\backends\base\operations.py first seen with mtime 1725785713.612222
File C:\Users\Meira\PycharmProjects\Online store\.venv\Lib\site-packages\django\views\csrf.py first seen with mtime 1725785713.9112227
File C:\Users\Meira\PycharmProjects\Online store\.venv\Lib\site-packages\colorama\ansitowin32.py first seen with mtime 1726398784.029024
File C:\Users\Meira\AppData\Local\Programs\Python\Python312\Lib\encodings\cp1251.py first seen with mtime 1712663418.0
File C:\Users\Meira\AppData\Local\Programs\Python\Python312\Lib\asyncio\taskgroups.py first seen with mtime 1712663418.0
File C:\Users\Meira\PycharmProjects\Online store\.venv\Lib\site-packages\django\http\response.py first seen with mtime 1725785713.8312228
File C:\Users\Meira\PycharmProjects\Online store\.venv\Lib\site-packages\django\core\serializers\python.py first seen with mtime 1725785713.5972228
File C:\Users\Meira\PycharmProjects\Online store\.venv\Lib\site-packages\psycopg2\_ipaddress.py first seen with mtime 1726349773.6556013
File C:\Users\Meira\PycharmProjects\Online store\.venv\Lib\site-packages\django\contrib\admin\templatetags\admin_urls.py first seen with mtime 1725785711.1462228
File C:\Users\Meira\PycharmProjects\Online store\.venv\Lib\site-packages\sqlparse\engine\grouping.py first seen with mtime 1725785709.060322
File C:\Users\Meira\PycharmProjects\Online store\.venv\Lib\site-packages\django\contrib\contenttypes\checks.py first seen with mtime 1725785711.656223
File C:\Users\Meira\PycharmProjects\Online store\.venv\Lib\site-packages\django\db\migrations\operations\base.py first seen with mtime 1725785713.6562345
File C:\Users\Meira\PycharmProjects\Online store\.venv\Lib\site-packages\sqlparse\tokens.py first seen with mtime 1725785709.0573218
File C:\Users\Meira\AppData\Local\Programs\Python\Python312\Lib\asyncio\futures.py first seen with mtime 1712663418.0
File C:\Users\Meira\PycharmProjects\Online store\.venv\Lib\site-packages\django\http\__init__.py first seen with mtime 1725785713.828223
File C:\Users\Meira\AppData\Local\Programs\Python\Python312\Lib\tempfile.py first seen with mtime 1712663418.0
File C:\Users\Meira\PycharmProjects\Online store\.venv\Lib\site-packages\django\urls\base.py first seen with mtime 1725785713.871223
File C:\Users\Meira\AppData\Local\Programs\Python\Python312\Lib\quopri.py first seen with mtime 1712663418.0
File C:\Users\Meira\PycharmProjects\Online store\.venv\Lib\site-packages\django\db\backends\base\creation.py first seen with mtime 1725785713.6092231
File C:\Users\Meira\PycharmProjects\Online store\.venv\Lib\site-packages\sqlparse\filters\others.py first seen with mtime 1725785709.0633218
File C:\Users\Meira\PycharmProjects\Online store\.venv\Lib\site-packages\django\core\files\storage\filesystem.py first seen with mtime 1725785713.5522225
File C:\Users\Meira\PycharmProjects\Online store\.venv\Lib\site-packages\django\template\smartif.py first seen with mtime 1725785713.8492227
File C:\Users\Meira\AppData\Local\Programs\Python\Python312\Lib\fnmatch.py first seen with mtime 1712663418.0
File C:\Users\Meira\AppData\Local\Programs\Python\Python312\Lib\secrets.py first seen with mtime 1712663418.0
File C:\Users\Meira\PycharmProjects\Online store\.venv\Lib\site-packages\django\contrib\contenttypes\views.py first seen with mtime 1725785711.660223
File C:\Users\Meira\AppData\Local\Programs\Python\Python312\Lib\ast.py first seen with mtime 1712663418.0
File C:\Users\Meira\PycharmProjects\Online store\.venv\Lib\site-packages\django\contrib\admin\views\__init__.py first seen with mtime 1725785711.1482222
File C:\Users\Meira\PycharmProjects\Online store\.venv\Lib\site-packages\django\db\models\functions\datetime.py first seen with mtime 1725785713.7432227
File C:\Users\Meira\PycharmProjects\Online store\.venv\Lib\site-packages\django\db\models\sql\where.py first seen with mtime 1725785713.752223
File C:\Users\Meira\AppData\Local\Programs\Python\Python312\Lib\bisect.py first seen with mtime 1712663418.0
File C:\Users\Meira\PycharmProjects\Online store\.venv\Lib\site-packages\django\utils\connection.py first seen with mtime 1725785713.8812232
File C:\Users\Meira\AppData\Local\Programs\Python\Python312\DLLs\_wmi.pyd first seen with mtime 1712663462.0
File C:\Users\Meira\PycharmProjects\Online store\.venv\Lib\site-packages\django\utils\formats.py first seen with mtime 1725785713.8892221
File C:\Users\Meira\PycharmProjects\Online store\.venv\Lib\site-packages\django\db\models\expressions.py first seen with mtime 1725785713.665224
File C:\Users\Meira\PycharmProjects\Online store\.venv\Lib\site-packages\django\views\i18n.py first seen with mtime 1725785713.913223
File C:\Users\Meira\PycharmProjects\Online store\.venv\Lib\site-packages\django\core\files\storage\__init__.py first seen with mtime 1725785713.5512233
File C:\Users\Meira\AppData\Local\Programs\Python\Python312\Lib\ctypes\__init__.py first seen with mtime 1712663418.0
File C:\Users\Meira\PycharmProjects\Online store\.venv\Lib\site-packages\django\contrib\sessions\middleware.py first seen with mtime 1725785713.0252233
File C:\Users\Meira\PycharmProjects\Online store\.venv\Lib\site-packages\PIL\TiffTags.py first seen with mtime 1726377627.770084
File C:\Users\Meira\PycharmProjects\Online store\.venv\Lib\site-packages\django\contrib\admin\templatetags\__init__.py first seen with mtime 1725785711.1442227
File C:\Users\Meira\PycharmProjects\Online store\.venv\Lib\site-packages\django\core\cache\backends\filebased.py first seen with mtime 1725785713.4692245
File C:\Users\Meira\PycharmProjects\Online store\.venv\Lib\site-packages\django\db\backends\postgresql\creation.py first seen with mtime 1725785713.634223
File C:\Users\Meira\AppData\Local\Programs\Python\Python312\Lib\email\encoders.py first seen with mtime 1712663418.0
File C:\Users\Meira\PycharmProjects\Online store\.venv\Lib\site-packages\django\utils\regex_helper.py first seen with mtime 1725785713.8982234
File C:\Users\Meira\AppData\Local\Programs\Python\Python312\Lib\wsgiref\headers.py first seen with mtime 1712663418.0
File C:\Users\Meira\PycharmProjects\Online store\.venv\Lib\site-packages\psycopg2\_json.py first seen with mtime 1726349773.6566017
File C:\Users\Meira\AppData\Local\Programs\Python\Python312\Lib\asyncio\protocols.py first seen with mtime 1712663418.0
File C:\Users\Meira\AppData\Local\Programs\Python\Python312\Lib\dataclasses.py first seen with mtime 1712663418.0
File C:\Users\Meira\PycharmProjects\Online store\.venv\Lib\site-packages\django\forms\formsets.py first seen with mtime 1725785713.7582216
File C:\Users\Meira\AppData\Local\Programs\Python\Python312\Lib\sysconfig.py first seen with mtime 1712663418.0
File C:\Users\Meira\PycharmProjects\Online store\.venv\Lib\site-packages\django\db\backends\postgresql\psycopg_any.py first seen with mtime 1725785713.6372228
File C:\Users\Meira\PycharmProjects\Online store\.venv\Lib\site-packages\django\utils\numberformat.py first seen with mtime 1725785713.8972225
File C:\Users\Meira\PycharmProjects\Online store\.venv\Lib\site-packages\sqlparse\filters\output.py first seen with mtime 1725785709.0643215
File C:\Users\Meira\AppData\Local\Programs\Python\Python312\Lib\subprocess.py first seen with mtime 1712663418.0
File C:\Users\Meira\PycharmProjects\Online store\.venv\Lib\site-packages\psycopg2\sql.py first seen with mtime 1726349773.6756
File C:\Users\Meira\AppData\Local\Programs\Python\Python312\Lib\selectors.py first seen with mtime 1712663418.0
File C:\Users\Meira\PycharmProjects\Online store\.venv\Lib\site-packages\django\conf\__init__.py first seen with mtime 1725785710.295223
File C:\Users\Meira\AppData\Local\Programs\Python\Python312\Lib\concurrent\futures\_base.py first seen with mtime 1712663418.0
File C:\Users\Meira\PycharmProjects\Online store\.venv\Lib\site-packages\django\forms\widgets.py first seen with mtime 1725785713.7612221
File C:\Users\Meira\PycharmProjects\Online store\.venv\Lib\site-packages\django\utils\deconstruct.py first seen with mtime 1725785713.884223
File C:\Users\Meira\AppData\Local\Programs\Python\Python312\Lib\asyncio\base_futures.py first seen with mtime 1712663418.0
File C:\Users\Meira\PycharmProjects\Online store\.venv\Lib\site-packages\sqlparse\utils.py first seen with mtime 1725785709.0583217
File C:\Users\Meira\PycharmProjects\Online store\.venv\Lib\site-packages\django\core\checks\messages.py first seen with mtime 1725785713.4752233
File C:\Users\Meira\AppData\Local\Programs\Python\Python312\Lib\urllib\request.py first seen with mtime 1712663418.0
File C:\Users\Meira\AppData\Local\Programs\Python\Python312\Lib\opcode.py first seen with mtime 1712663418.0
File C:\Users\Meira\PycharmProjects\Online store\.venv\Lib\site-packages\django\utils\dateparse.py first seen with mtime 1725785713.883223
File C:\Users\Meira\AppData\Local\Programs\Python\Python312\Lib\re\_parser.py first seen with mtime 1712663418.0
File C:\Users\Meira\PycharmProjects\Online store\blog\models.py first seen with mtime 1729964966.1723053
File C:\Users\Meira\PycharmProjects\Online store\.venv\Lib\site-packages\django\template\backends\__init__.py first seen with mtime 1725785713.851223
File C:\Users\Meira\PycharmProjects\Online store\.venv\Lib\site-packages\django\contrib\admin\widgets.py first seen with mtime 1725785710.658223
File C:\Users\Meira\AppData\Local\Programs\Python\Python312\Lib\logging\config.py first seen with mtime 1712663418.0
File C:\Users\Meira\AppData\Local\Programs\Python\Python312\Lib\logging\handlers.py first seen with mtime 1712663418.0
File C:\Users\Meira\PycharmProjects\Online store\users\templates\users first seen with mtime 1729629899.0825658
File C:\Users\Meira\PycharmProjects\Online store\users\templates\users\base.html first seen with mtime 1729629899.0815675
File C:\Users\Meira\PycharmProjects\Online store\users\templates\users\login.html first seen with mtime 1729629899.0825658
File C:\Users\Meira\PycharmProjects\Online store\users\templates\users\register.html first seen with mtime 1729629899.0825658
File C:\Users\Meira\PycharmProjects\Online store\blog\templates\blog first seen with mtime 1729964966.1763053
File C:\Users\Meira\PycharmProjects\Online store\blog\templates\blog\base.html first seen with mtime 1727634267.975394
File C:\Users\Meira\PycharmProjects\Online store\blog\templates\blog\blogpost_confirm_delete.html first seen with mtime 1729964966.1733053
File C:\Users\Meira\PycharmProjects\Online store\blog\templates\blog\blogpost_detail.html first seen with mtime 1729964966.1743052
File C:\Users\Meira\PycharmProjects\Online store\blog\templates\blog\blogpost_form.html first seen with mtime 1729964966.1753054
File C:\Users\Meira\PycharmProjects\Online store\blog\templates\blog\blogpost_list.html first seen with mtime 1729964966.1763053
File C:\Users\Meira\PycharmProjects\Online store\blog\templates\blog\footer.html first seen with mtime 1727634267.9944675
File C:\Users\Meira\PycharmProjects\Online store\blog\templates\blog\navbar.html first seen with mtime 1727634267.9964917
File C:\Users\Meira\PycharmProjects\Online store\catalog\templates\base.html first seen with mtime 1727425019.10018
File C:\Users\Meira\PycharmProjects\Online store\catalog\templates\catalog first seen with mtime 1729987326.584095
File C:\Users\Meira\PycharmProjects\Online store\catalog\templates\contacts.html first seen with mtime 1727425019.103184
File C:\Users\Meira\PycharmProjects\Online store\catalog\templates\footer.html first seen with mtime 1727425019.1041794
File C:\Users\Meira\PycharmProjects\Online store\catalog\templates\home.html first seen with mtime 1727425019.1051803
File C:\Users\Meira\PycharmProjects\Online store\catalog\templates\navbar.html first seen with mtime 1729981373.8310003
File C:\Users\Meira\PycharmProjects\Online store\catalog\templates\catalog\category_list.html first seen with mtime 1729981779.8377948
File C:\Users\Meira\PycharmProjects\Online store\catalog\templates\catalog\category_products.html first seen with mtime 1729982330.3034017
File C:\Users\Meira\PycharmProjects\Online store\catalog\templates\catalog\products_list.html first seen with mtime 1729964966.1933053
File C:\Users\Meira\PycharmProjects\Online store\catalog\templates\catalog\product_confirm_delete.html first seen with mtime 1729964966.1903052
File C:\Users\Meira\PycharmProjects\Online store\catalog\templates\catalog\product_create.html first seen with mtime 1729232600.073917
File C:\Users\Meira\PycharmProjects\Online store\catalog\templates\catalog\product_detail.html first seen with mtime 1729987326.5830936
File C:\Users\Meira\PycharmProjects\Online store\catalog\templates\catalog\product_editor.html first seen with mtime 1729964966.1923053
File C:\Users\Meira\PycharmProjects\Online store\.venv\Lib\site-packages\django_redis\client\sentinel.py first seen with mtime 1729975372.0526826
File C:\Users\Meira\PycharmProjects\Online store\.venv\Lib\site-packages\django_redis\client\herd.py first seen with mtime 1729975372.0516818
File C:\Users\Meira\PycharmProjects\Online store\.venv\Lib\site-packages\django\contrib\admin\migrations\0002_logentry_remove_auto_add.py first seen with mtime 1725785711.0082226
File C:\Users\Meira\PycharmProjects\Online store\blog\migrations\0002_rename_is_published_blogpost_published_and_more.py first seen with mtime 1727634267.9673972
File C:\Users\Meira\AppData\Local\Programs\Python\Python312\Lib\importlib\resources\abc.py first seen with mtime 1712663418.0
File C:\Users\Meira\PycharmProjects\Online store\users\migrations\0002_customuser_token_alter_customuser_avatar_and_more.py first seen with mtime 1729629899.078566
File C:\Users\Meira\PycharmProjects\Online store\.venv\Lib\site-packages\redis\_parsers\socket.py first seen with mtime 1729966813.9683905
File C:\Users\Meira\AppData\Local\Programs\Python\Python312\Lib\importlib\resources\_adapters.py first seen with mtime 1712663418.0
File C:\Users\Meira\PycharmProjects\Online store\.venv\Lib\site-packages\redis\commands\sentinel.py first seen with mtime 1729966813.9793904
File C:\Users\Meira\AppData\Local\Programs\Python\Python312\Lib\importlib\resources\_legacy.py first seen with mtime 1712663418.0
File C:\Users\Meira\PycharmProjects\Online store\.venv\Lib\site-packages\redis\asyncio\lock.py first seen with mtime 1729966813.9723907
File C:\Users\Meira\PycharmProjects\Online store\.venv\Lib\site-packages\redis\asyncio\__init__.py first seen with mtime 1729966813.9693904
File C:\Users\Meira\PycharmProjects\Online store\catalog\migrations\0007_alter_product_is_published.py first seen with mtime 1729964966.1873052
File C:\Users\Meira\PycharmProjects\Online store\.venv\Lib\site-packages\django\db\migrations\executor.py first seen with mtime 1725785713.6472237
File C:\Users\Meira\PycharmProjects\Online store\.venv\Lib\site-packages\redis\lock.py first seen with mtime 1729966813.9583905
File C:\Users\Meira\PycharmProjects\Online store\.venv\Lib\site-packages\redis\sentinel.py first seen with mtime 1729966813.9613905
File C:\Users\Meira\AppData\Local\Programs\Python\Python312\Lib\importlib\metadata\_meta.py first seen with mtime 1712663418.0
File C:\Users\Meira\PycharmProjects\Online store\.venv\Lib\site-packages\django\contrib\sessions\migrations\__init__.py first seen with mtime 1725785713.228223
File C:\Users\Meira\PycharmProjects\Online store\.venv\Lib\site-packages\django\db\migrations\graph.py first seen with mtime 1725785713.6482222
File C:\Users\Meira\PycharmProjects\Online store\.venv\Lib\site-packages\redis\exceptions.py first seen with mtime 1729966813.9583905
File C:\Users\Meira\PycharmProjects\Online store\.venv\Lib\site-packages\redis\asyncio\cluster.py first seen with mtime 1729966813.9713905
File C:\Users\Meira\PycharmProjects\Online store\.venv\Lib\site-packages\django\contrib\auth\migrations\__init__.py first seen with mtime 1725785711.6512232
File C:\Users\Meira\PycharmProjects\Online store\.venv\Lib\site-packages\redis\typing.py first seen with mtime 1729966813.9623904
File C:\Users\Meira\PycharmProjects\Online store\.venv\Lib\site-packages\django\contrib\messages\middleware.py first seen with mtime 1725785712.553223
File C:\Users\Meira\PycharmProjects\Online store\.venv\Lib\site-packages\redis\client.py first seen with mtime 1729966813.9543905
File C:\Users\Meira\PycharmProjects\Online store\.venv\Lib\site-packages\django\contrib\auth\migrations\0003_alter_user_email_max_length.py first seen with mtime 1725785711.6442232
File C:\Users\Meira\AppData\Local\Programs\Python\Python312\Lib\importlib\abc.py first seen with mtime 1712663418.0
File C:\Users\Meira\PycharmProjects\Online store\.venv\Lib\site-packages\redis\backoff.py first seen with mtime 1729966813.9523904
File C:\Users\Meira\PycharmProjects\Online store\.venv\Lib\site-packages\django\contrib\auth\migrations\0006_require_contenttypes_0002.py first seen with mtime 1725785711.6462233
File C:\Users\Meira\PycharmProjects\Online store\.venv\Lib\site-packages\django\contrib\auth\migrations\0001_initial.py first seen with mtime 1725785711.6432228
File C:\Users\Meira\PycharmProjects\Online store\.venv\Lib\site-packages\redis\asyncio\connection.py first seen with mtime 1729966813.9713905
File C:\Users\Meira\PycharmProjects\Online store\.venv\Lib\site-packages\django_redis\client\sharded.py first seen with mtime 1729975372.053682
File C:\Users\Meira\PycharmProjects\Online store\.venv\Lib\site-packages\redis\crc.py first seen with mtime 1729966813.9563904
File C:\Users\Meira\PycharmProjects\Online store\.venv\Lib\site-packages\redis\commands\helpers.py first seen with mtime 1729966813.9783905
File C:\Users\Meira\PycharmProjects\Online store\.venv\Lib\site-packages\django\contrib\auth\migrations\0004_alter_user_username_opts.py first seen with mtime 1725785711.6452227
File C:\Users\Meira\AppData\Local\Programs\Python\Python312\Lib\zipfile\_path\__init__.py first seen with mtime 1712663418.0
File C:\Users\Meira\PycharmProjects\Online store\.venv\Lib\site-packages\django_redis\pool.py first seen with mtime 1729975372.0486822
File C:\Users\Meira\AppData\Local\Programs\Python\Python312\Lib\csv.py first seen with mtime 1712663418.0
File C:\Users\Meira\AppData\Local\Programs\Python\Python312\Lib\importlib\metadata\_collections.py first seen with mtime 1712663418.0
File C:\Users\Meira\AppData\Local\Programs\Python\Python312\Lib\zipfile\_path\glob.py first seen with mtime 1712663418.0
File C:\Users\Meira\PycharmProjects\Online store\.venv\Lib\site-packages\django\contrib\sessions\exceptions.py first seen with mtime 1725785713.0242226
File C:\Users\Meira\AppData\Local\Programs\Python\Python312\Lib\zipfile\__init__.py first seen with mtime 1712663418.0
File C:\Users\Meira\PycharmProjects\Online store\.venv\Lib\site-packages\django\db\migrations\recorder.py first seen with mtime 1725785713.651223
File C:\Users\Meira\PycharmProjects\Online store\.venv\Lib\site-packages\redis\cache.py first seen with mtime 1729966813.9533906
File C:\Users\Meira\PycharmProjects\Online store\.venv\Lib\site-packages\django\contrib\auth\migrations\0002_alter_permission_name_max_length.py first seen with mtime 1725785711.6432228
File C:\Users\Meira\PycharmProjects\Online store\catalog\migrations\0002_alter_product_created_at_alter_product_updated_at.py first seen with mtime 1727425019.09918
File C:\Users\Meira\PycharmProjects\Online store\.venv\Lib\site-packages\redis\_parsers\resp2.py first seen with mtime 1729966813.9673905
File C:\Users\Meira\PycharmProjects\Online store\.venv\Lib\site-packages\django\contrib\auth\migrations\0012_alter_user_first_name_max_length.py first seen with mtime 1725785711.6502233
File C:\Users\Meira\PycharmProjects\Online store\catalog\migrations\0003_alter_product_options_product_is_published.py first seen with mtime 1729964966.1843054
File C:\Users\Meira\PycharmProjects\Online store\.venv\Lib\site-packages\redis\_parsers\base.py first seen with mtime 1729966813.9643905
File C:\Users\Meira\PycharmProjects\Online store\catalog\migrations\0006_alter_product_owner.py first seen with mtime 1729964966.1863053
File C:\Users\Meira\PycharmProjects\Online store\config\wsgi.py first seen with mtime 1725785954.6492324
File C:\Users\Meira\PycharmProjects\Online store\.venv\Lib\site-packages\redis\commands\redismodules.py first seen with mtime 1729966813.9783905
File C:\Users\Meira\PycharmProjects\Online store\.venv\Lib\site-packages\django_redis\cache.py first seen with mtime 1729975372.0466821
File C:\Users\Meira\PycharmProjects\Online store\.venv\Lib\site-packages\django\contrib\admin\migrations\0001_initial.py first seen with mtime 1725785711.0072224
File C:\Users\Meira\PycharmProjects\Online store\users\migrations\0003_remove_customuser_username.py first seen with mtime 1729629899.078566
File C:\Users\Meira\AppData\Local\Programs\Python\Python312\Lib\importlib\resources\__init__.py first seen with mtime 1712663418.0
File C:\Users\Meira\PycharmProjects\Online store\.venv\Lib\site-packages\django\contrib\auth\migrations\0011_update_proxy_permissions.py first seen with mtime 1725785711.6492229
File C:\Users\Meira\AppData\Local\Programs\Python\Python312\Lib\encodings\idna.py first seen with mtime 1712663418.0
File C:\Users\Meira\AppData\Local\Programs\Python\Python312\Lib\importlib\metadata\_adapters.py first seen with mtime 1712663418.0
File C:\Users\Meira\PycharmProjects\Online store\.venv\Lib\site-packages\django\db\migrations\loader.py first seen with mtime 1725785713.649223
File C:\Users\Meira\PycharmProjects\Online store\.venv\Lib\site-packages\django\contrib\sessions\backends\db.py first seen with mtime 1725785713.0302231
File C:\Users\Meira\PycharmProjects\Online store\.venv\Lib\site-packages\django_redis\client\default.py first seen with mtime 1729975372.0506816
File C:\Users\Meira\PycharmProjects\Online store\.venv\Lib\site-packages\redis\asyncio\utils.py first seen with mtime 1729966813.9743905
File C:\Users\Meira\AppData\Local\Programs\Python\Python312\Lib\importlib\metadata\_text.py first seen with mtime 1712663418.0
File C:\Users\Meira\AppData\Local\Programs\Python\Python312\Lib\importlib\metadata\_itertools.py first seen with mtime 1712663418.0
File C:\Users\Meira\PycharmProjects\Online store\catalog\migrations\0004_alter_product_options.py first seen with mtime 1729964966.1853054
File C:\Users\Meira\PycharmProjects\Online store\.venv\Lib\site-packages\django\middleware\clickjacking.py first seen with mtime 1725785713.8342223
File C:\Users\Meira\PycharmProjects\Online store\.venv\Lib\site-packages\django\contrib\contenttypes\migrations\0001_initial.py first seen with mtime 1725785711.856223
File C:\Users\Meira\PycharmProjects\Online store\.venv\Lib\site-packages\django\contrib\admin\migrations\__init__.py first seen with mtime 1725785711.0092235
File C:\Users\Meira\AppData\Local\Programs\Python\Python312\Lib\stringprep.py first seen with mtime 1712663418.0
File C:\Users\Meira\PycharmProjects\Online store\.venv\Lib\site-packages\django_redis\exceptions.py first seen with mtime 1729975372.0466821
File C:\Users\Meira\PycharmProjects\Online store\.venv\Lib\site-packages\redis\_parsers\commands.py first seen with mtime 1729966813.9643905
File C:\Users\Meira\PycharmProjects\Online store\.venv\Lib\site-packages\django\middleware\common.py first seen with mtime 1725785713.8342223
File C:\Users\Meira\PycharmProjects\Online store\.venv\Lib\site-packages\redis\commands\__init__.py first seen with mtime 1729966813.9753911
File C:\Users\Meira\PycharmProjects\Online store\catalog\migrations\0001_initial.py first seen with mtime 1726395388.8934622
File C:\Users\Meira\PycharmProjects\Online store\.venv\Lib\site-packages\redis\commands\core.py first seen with mtime 1729966813.9773908
File C:\Users\Meira\PycharmProjects\Online store\.venv\Lib\site-packages\django_redis\__init__.py first seen with mtime 1729975372.0456803
File C:\Users\Meira\PycharmProjects\Online store\.venv\Lib\site-packages\django_redis\client\__init__.py first seen with mtime 1729975372.0496817
File C:\Users\Meira\AppData\Local\Programs\Python\Python312\Lib\importlib\metadata\_functools.py first seen with mtime 1712663418.0
File C:\Users\Meira\PycharmProjects\Online store\.venv\Lib\site-packages\redis\utils.py first seen with mtime 1729966813.9623904
File C:\Users\Meira\PycharmProjects\Online store\.venv\Lib\site-packages\redis\_parsers\encoders.py first seen with mtime 1729966813.9653904
File C:\Users\Meira\AppData\Local\Programs\Python\Python312\Lib\importlib\metadata\__init__.py first seen with mtime 1712663418.0
File C:\Users\Meira\PycharmProjects\Online store\.venv\Lib\site-packages\redis\credentials.py first seen with mtime 1729966813.9573905
File C:\Users\Meira\PycharmProjects\Online store\.venv\Lib\site-packages\django\contrib\contenttypes\migrations\__init__.py first seen with mtime 1725785711.8572242
File C:\Users\Meira\PycharmProjects\Online store\.venv\Lib\site-packages\redis\commands\cluster.py first seen with mtime 1729966813.9763906
File C:\Users\Meira\PycharmProjects\Online store\.venv\Lib\site-packages\django_redis\hash_ring.py first seen with mtime 1729975372.047681
File C:\Users\Meira\PycharmProjects\Online store\.venv\Lib\site-packages\django_redis\util.py first seen with mtime 1729975372.0486822
File C:\Users\Meira\PycharmProjects\Online store\.venv\Lib\site-packages\redis\asyncio\retry.py first seen with mtime 1729966813.9733906
File C:\Users\Meira\PycharmProjects\Online store\.venv\Lib\site-packages\django\contrib\auth\migrations\0008_alter_user_username_max_length.py first seen with mtime 1725785711.6472228
File C:\Users\Meira\PycharmProjects\Online store\.venv\Lib\site-packages\redis\__init__.py first seen with mtime 1729966813.9523904
File C:\Users\Meira\PycharmProjects\Online store\.venv\Lib\site-packages\django\contrib\admin\migrations\0003_logentry_add_action_flag_choices.py first seen with mtime 1725785711.0092235
File C:\Users\Meira\PycharmProjects\Online store\.venv\Lib\site-packages\redis\asyncio\sentinel.py first seen with mtime 1729966813.9733906
File C:\Users\Meira\PycharmProjects\Online store\.venv\Lib\site-packages\redis\_parsers\__init__.py first seen with mtime 1729966813.9633906
File C:\Users\Meira\PycharmProjects\Online store\.venv\Lib\site-packages\redis\retry.py first seen with mtime 1729966813.9603906
File C:\Users\Meira\PycharmProjects\Online store\.venv\Lib\site-packages\redis\_parsers\resp3.py first seen with mtime 1729966813.9683905
File C:\Users\Meira\PycharmProjects\Online store\catalog\migrations\__init__.py first seen with mtime 1726395388.8934622
File C:\Users\Meira\PycharmProjects\Online store\users\migrations\0001_initial.py first seen with mtime 1729964966.2033052
File C:\Users\Meira\PycharmProjects\Online store\.venv\Lib\site-packages\django\db\models\sql\compiler.py first seen with mtime 1725785713.748223
File C:\Users\Meira\PycharmProjects\Online store\.venv\Lib\site-packages\django\contrib\auth\migrations\0009_alter_user_last_name_max_length.py first seen with mtime 1725785711.648223
File C:\Users\Meira\PycharmProjects\Online store\users\migrations\__init__.py first seen with mtime 1729629899.079566
File C:\Users\Meira\PycharmProjects\Online store\.venv\Lib\site-packages\redis\cluster.py first seen with mtime 1729966813.9553907
File C:\Users\Meira\PycharmProjects\Online store\blog\migrations\__init__.py first seen with mtime 1727634267.9693718
File C:\Users\Meira\AppData\Local\Programs\Python\Python312\Lib\importlib\resources\_common.py first seen with mtime 1712663418.0
File C:\Users\Meira\PycharmProjects\Online store\.venv\Lib\site-packages\redis\connection.py first seen with mtime 1729966813.9563904
File C:\Users\Meira\PycharmProjects\Online store\.venv\Lib\site-packages\redis\asyncio\client.py first seen with mtime 1729966813.9703906
File C:\Users\Meira\PycharmProjects\Online store\.venv\Lib\site-packages\redis\_parsers\hiredis.py first seen with mtime 1729966813.9663906
File C:\Users\Meira\PycharmProjects\Online store\.venv\Lib\site-packages\redis\_parsers\helpers.py first seen with mtime 1729966813.9663906
File C:\Users\Meira\PycharmProjects\Online store\.venv\Lib\site-packages\django\contrib\contenttypes\migrations\0002_remove_content_type_name.py first seen with mtime 1725785711.856223
File C:\Users\Meira\PycharmProjects\Online store\.venv\Lib\site-packages\django\contrib\sessions\migrations\0001_initial.py first seen with mtime 1725785713.228223
File C:\Users\Meira\PycharmProjects\Online store\catalog\migrations\0005_product_owner.py first seen with mtime 1729964966.1853054
File C:\Users\Meira\PycharmProjects\Online store\.venv\Lib\site-packages\django\contrib\auth\migrations\0010_alter_group_name_max_length.py first seen with mtime 1725785711.6492229
File C:\Users\Meira\PycharmProjects\Online store\.venv\Lib\site-packages\django\contrib\auth\migrations\0007_alter_validators_add_error_messages.py first seen with mtime 1725785711.6472228
File C:\Users\Meira\PycharmProjects\Online store\blog\migrations\0001_initial.py first seen with mtime 1727634267.9643435
File C:\Users\Meira\PycharmProjects\Online store\.venv\Lib\site-packages\django\contrib\auth\migrations\0005_alter_user_last_login_null.py first seen with mtime 1725785711.6452227
(0.000) SELECT "django_session"."session_key", "django_session"."session_data", "django_session"."expire_date" FROM "django_session" WHERE ("django_session"."expire_date" > '2024-10-27T00:15:00.982180+00:00'::timestamptz AND "django_session"."session_key" = '9az6cxlgy8v29eyckgchezbverxclfoq') LIMIT 21; args=(datetime.datetime(2024, 10, 27, 0, 15, 0, 982180, tzinfo=datetime.timezone.utc), '9az6cxlgy8v29eyckgchezbverxclfoq'); alias=default
(0.000) SELECT "users_customuser"."id", "users_customuser"."password", "users_customuser"."last_login", "users_customuser"."is_superuser", "users_customuser"."first_name", "users_customuser"."last_name", "users_customuser"."is_staff", "users_customuser"."is_active", "users_customuser"."date_joined", "users_customuser"."email", "users_customuser"."avatar", "users_customuser"."phone_number", "users_customuser"."country", "users_customuser"."token" FROM "users_customuser" WHERE "users_customuser"."id" = 3 LIMIT 21; args=(3,); alias=default
(0.000) SELECT "catalog_product"."id", "catalog_product"."name", "catalog_product"."description", "catalog_product"."image", "catalog_product"."category_id", "catalog_product"."price", "catalog_product"."created_at", "catalog_product"."updated_at", "catalog_product"."is_published", "catalog_product"."owner_id" FROM "catalog_product" ORDER BY "catalog_product"."name" ASC; args=(); alias=default
(0.000) SELECT "users_customuser"."id", "users_customuser"."password", "users_customuser"."last_login", "users_customuser"."is_superuser", "users_customuser"."first_name", "users_customuser"."last_name", "users_customuser"."is_staff", "users_customuser"."is_active", "users_customuser"."date_joined", "users_customuser"."email", "users_customuser"."avatar", "users_customuser"."phone_number", "users_customuser"."country", "users_customuser"."token" FROM "users_customuser" WHERE "users_customuser"."id" = 3 LIMIT 21; args=(3,); alias=default
(0.000) SELECT "users_customuser"."id", "users_customuser"."password", "users_customuser"."last_login", "users_customuser"."is_superuser", "users_customuser"."first_name", "users_customuser"."last_name", "users_customuser"."is_staff", "users_customuser"."is_active", "users_customuser"."date_joined", "users_customuser"."email", "users_customuser"."avatar", "users_customuser"."phone_number", "users_customuser"."country", "users_customuser"."token" FROM "users_customuser" WHERE "users_customuser"."id" = 3 LIMIT 21; args=(3,); alias=default
(0.000) SELECT "users_customuser"."id", "users_customuser"."password", "users_customuser"."last_login", "users_customuser"."is_superuser", "users_customuser"."first_name", "users_customuser"."last_name", "users_customuser"."is_staff", "users_customuser"."is_active", "users_customuser"."date_joined", "users_customuser"."email", "users_customuser"."avatar", "users_customuser"."phone_number", "users_customuser"."country", "users_customuser"."token" FROM "users_customuser" WHERE "users_customuser"."id" = 9 LIMIT 21; args=(9,); alias=default
(0.000) SELECT "users_customuser"."id", "users_customuser"."password", "users_customuser"."last_login", "users_customuser"."is_superuser", "users_customuser"."first_name", "users_customuser"."last_name", "users_customuser"."is_staff", "users_customuser"."is_active", "users_customuser"."date_joined", "users_customuser"."email", "users_customuser"."avatar", "users_customuser"."phone_number", "users_customuser"."country", "users_customuser"."token" FROM "users_customuser" WHERE "users_customuser"."id" = 3 LIMIT 21; args=(3,); alias=default
(0.000) SELECT "users_customuser"."id", "users_customuser"."password", "users_customuser"."last_login", "users_customuser"."is_superuser", "users_customuser"."first_name", "users_customuser"."last_name", "users_customuser"."is_staff", "users_customuser"."is_active", "users_customuser"."date_joined", "users_customuser"."email", "users_customuser"."avatar", "users_customuser"."phone_number", "users_customuser"."country", "users_customuser"."token" FROM "users_customuser" WHERE "users_customuser"."id" = 3 LIMIT 21; args=(3,); alias=default
(0.000) SELECT "users_customuser"."id", "users_customuser"."password", "users_customuser"."last_login", "users_customuser"."is_superuser", "users_customuser"."first_name", "users_customuser"."last_name", "users_customuser"."is_staff", "users_customuser"."is_active", "users_customuser"."date_joined", "users_customuser"."email", "users_customuser"."avatar", "users_customuser"."phone_number", "users_customuser"."country", "users_customuser"."token" FROM "users_customuser" WHERE "users_customuser"."id" = 9 LIMIT 21; args=(9,); alias=default
(0.000) SELECT "users_customuser"."id", "users_customuser"."password", "users_customuser"."last_login", "users_customuser"."is_superuser", "users_customuser"."first_name", "users_customuser"."last_name", "users_customuser"."is_staff", "users_customuser"."is_active", "users_customuser"."date_joined", "users_customuser"."email", "users_customuser"."avatar", "users_customuser"."phone_number", "users_customuser"."country", "users_customuser"."token" FROM "users_customuser" WHERE "users_customuser"."id" = 9 LIMIT 21; args=(9,); alias=default
(0.000) SELECT "users_customuser"."id", "users_customuser"."password", "users_customuser"."last_login", "users_customuser"."is_superuser", "users_customuser"."first_name", "users_customuser"."last_name", "users_customuser"."is_staff", "users_customuser"."is_active", "users_customuser"."date_joined", "users_customuser"."email", "users_customuser"."avatar", "users_customuser"."phone_number", "users_customuser"."country", "users_customuser"."token" FROM "users_customuser" WHERE "users_customuser"."id" = 3 LIMIT 21; args=(3,); alias=default
(0.000) SELECT "users_customuser"."id", "users_customuser"."password", "users_customuser"."last_login", "users_customuser"."is_superuser", "users_customuser"."first_name", "users_customuser"."last_name", "users_customuser"."is_staff", "users_customuser"."is_active", "users_customuser"."date_joined", "users_customuser"."email", "users_customuser"."avatar", "users_customuser"."phone_number", "users_customuser"."country", "users_customuser"."token" FROM "users_customuser" WHERE "users_customuser"."id" = 9 LIMIT 21; args=(9,); alias=default
(0.000) SELECT "users_customuser"."id", "users_customuser"."password", "users_customuser"."last_login", "users_customuser"."is_superuser", "users_customuser"."first_name", "users_customuser"."last_name", "users_customuser"."is_staff", "users_customuser"."is_active", "users_customuser"."date_joined", "users_customuser"."email", "users_customuser"."avatar", "users_customuser"."phone_number", "users_customuser"."country", "users_customuser"."token" FROM "users_customuser" WHERE "users_customuser"."id" = 3 LIMIT 21; args=(3,); alias=default
(0.000) SELECT "users_customuser"."id", "users_customuser"."password", "users_customuser"."last_login", "users_customuser"."is_superuser", "users_customuser"."first_name", "users_customuser"."last_name", "users_customuser"."is_staff", "users_customuser"."is_active", "users_customuser"."date_joined", "users_customuser"."email", "users_customuser"."avatar", "users_customuser"."phone_number", "users_customuser"."country", "users_customuser"."token" FROM "users_customuser" WHERE "users_customuser"."id" = 3 LIMIT 21; args=(3,); alias=default
(0.000) SELECT "users_customuser"."id", "users_customuser"."password", "users_customuser"."last_login", "users_customuser"."is_superuser", "users_customuser"."first_name", "users_customuser"."last_name", "users_customuser"."is_staff", "users_customuser"."is_active", "users_customuser"."date_joined", "users_customuser"."email", "users_customuser"."avatar", "users_customuser"."phone_number", "users_customuser"."country", "users_customuser"."token" FROM "users_customuser" WHERE "users_customuser"."id" = 3 LIMIT 21; args=(3,); alias=default
(0.000) SELECT "users_customuser"."id", "users_customuser"."password", "users_customuser"."last_login", "users_customuser"."is_superuser", "users_customuser"."first_name", "users_customuser"."last_name", "users_customuser"."is_staff", "users_customuser"."is_active", "users_customuser"."date_joined", "users_customuser"."email", "users_customuser"."avatar", "users_customuser"."phone_number", "users_customuser"."country", "users_customuser"."token" FROM "users_customuser" WHERE "users_customuser"."id" = 3 LIMIT 21; args=(3,); alias=default
(0.000) SELECT "users_customuser"."id", "users_customuser"."password", "users_customuser"."last_login", "users_customuser"."is_superuser", "users_customuser"."first_name", "users_customuser"."last_name", "users_customuser"."is_staff", "users_customuser"."is_active", "users_customuser"."date_joined", "users_customuser"."email", "users_customuser"."avatar", "users_customuser"."phone_number", "users_customuser"."country", "users_customuser"."token" FROM "users_customuser" WHERE "users_customuser"."id" = 9 LIMIT 21; args=(9,); alias=default
(0.000) SELECT "users_customuser"."id", "users_customuser"."password", "users_customuser"."last_login", "users_customuser"."is_superuser", "users_customuser"."first_name", "users_customuser"."last_name", "users_customuser"."is_staff", "users_customuser"."is_active", "users_customuser"."date_joined", "users_customuser"."email", "users_customuser"."avatar", "users_customuser"."phone_number", "users_customuser"."country", "users_customuser"."token" FROM "users_customuser" WHERE "users_customuser"."id" = 3 LIMIT 21; args=(3,); alias=default
(0.000) SELECT "users_customuser"."id", "users_customuser"."password", "users_customuser"."last_login", "users_customuser"."is_superuser", "users_customuser"."first_name", "users_customuser"."last_name", "users_customuser"."is_staff", "users_customuser"."is_active", "users_customuser"."date_joined", "users_customuser"."email", "users_customuser"."avatar", "users_customuser"."phone_number", "users_customuser"."country", "users_customuser"."token" FROM "users_customuser" WHERE "users_customuser"."id" = 3 LIMIT 21; args=(3,); alias=default
(0.000) SELECT "users_customuser"."id", "users_customuser"."password", "users_customuser"."last_login", "users_customuser"."is_superuser", "users_customuser"."first_name", "users_customuser"."last_name", "users_customuser"."is_staff", "users_customuser"."is_active", "users_customuser"."date_joined", "users_customuser"."email", "users_customuser"."avatar", "users_customuser"."phone_number", "users_customuser"."country", "users_customuser"."token" FROM "users_customuser" WHERE "users_customuser"."id" = 3 LIMIT 21; args=(3,); alias=default
(0.000) SELECT "users_customuser"."id", "users_customuser"."password", "users_customuser"."last_login", "users_customuser"."is_superuser", "users_customuser"."first_name", "users_customuser"."last_name", "users_customuser"."is_staff", "users_customuser"."is_active", "users_customuser"."date_joined", "users_customuser"."email", "users_customuser"."avatar", "users_customuser"."phone_number", "users_customuser"."country", "users_customuser"."token" FROM "users_customuser" WHERE "users_customuser"."id" = 3 LIMIT 21; args=(3,); alias=default
"GET /products/ HTTP/1.1" 200 23834
File C:\Users\Meira\PycharmProjects\Online store\.venv\Lib\site-packages\django\contrib\messages\storage\session.py first seen with mtime 1725785712.559223
File C:\Users\Meira\PycharmProjects\Online store\.venv\Lib\site-packages\django\contrib\messages\storage\cookie.py first seen with mtime 1725785712.557223
File C:\Users\Meira\PycharmProjects\Online store\.venv\Lib\site-packages\django\contrib\messages\storage\fallback.py first seen with mtime 1725785712.558223
File C:\Users\Meira\PycharmProjects\Online store\.venv\Lib\site-packages\django\contrib\sessions\serializers.py first seen with mtime 1725785713.0262225
File C:\Users\Meira\PycharmProjects\Online store\.venv\Lib\site-packages\django\contrib\messages\context_processors.py first seen with mtime 1725785712.553223
File C:\Users\Meira\PycharmProjects\Online store\.venv\Lib\site-packages\django\conf\locale\en\__init__.py first seen with mtime 1725785710.357222
File C:\Users\Meira\PycharmProjects\Online store\.venv\Lib\site-packages\django\conf\locale\en\formats.py first seen with mtime 1725785710.358223
File C:\Users\Meira\PycharmProjects\Online store\.venv\Lib\site-packages\django\template\context_processors.py first seen with mtime 1725785713.842223
File C:\Users\Meira\PycharmProjects\Online store\.venv\Lib\site-packages\django\contrib\auth\context_processors.py first seen with mtime 1725785711.421223
(0.000) SELECT "django_session"."session_key", "django_session"."session_data", "django_session"."expire_date" FROM "django_session" WHERE ("django_session"."expire_date" > '2024-10-27T00:15:02.908216+00:00'::timestamptz AND "django_session"."session_key" = '9az6cxlgy8v29eyckgchezbverxclfoq') LIMIT 21; args=(datetime.datetime(2024, 10, 27, 0, 15, 2, 908216, tzinfo=datetime.timezone.utc), '9az6cxlgy8v29eyckgchezbverxclfoq'); alias=default
(0.000) SELECT "users_customuser"."id", "users_customuser"."password", "users_customuser"."last_login", "users_customuser"."is_superuser", "users_customuser"."first_name", "users_customuser"."last_name", "users_customuser"."is_staff", "users_customuser"."is_active", "users_customuser"."date_joined", "users_customuser"."email", "users_customuser"."avatar", "users_customuser"."phone_number", "users_customuser"."country", "users_customuser"."token" FROM "users_customuser" WHERE "users_customuser"."id" = 3 LIMIT 21; args=(3,); alias=default
(0.000) SELECT "catalog_product"."id", "catalog_product"."name", "catalog_product"."description", "catalog_product"."image", "catalog_product"."category_id", "catalog_product"."price", "catalog_product"."created_at", "catalog_product"."updated_at", "catalog_product"."is_published", "catalog_product"."owner_id" FROM "catalog_product" WHERE "catalog_product"."id" = 36 LIMIT 21; args=(36,); alias=default
(0.000) DECLARE "_django_curs_22924_sync_1" NO SCROLL CURSOR WITH HOLD FOR SELECT "catalog_category"."id", "catalog_category"."name", "catalog_category"."description" FROM "catalog_category" ORDER BY "catalog_category"."name" ASC; args=(); alias=default
"GET /products/36/update/ HTTP/1.1" 200 6445
(0.000) SELECT "django_session"."session_key", "django_session"."session_data", "django_session"."expire_date" FROM "django_session" WHERE ("django_session"."expire_date" > '2024-10-27T00:15:05.972077+00:00'::timestamptz AND "django_session"."session_key" = '9az6cxlgy8v29eyckgchezbverxclfoq') LIMIT 21; args=(datetime.datetime(2024, 10, 27, 0, 15, 5, 972077, tzinfo=datetime.timezone.utc), '9az6cxlgy8v29eyckgchezbverxclfoq'); alias=default
(0.000) SELECT "users_customuser"."id", "users_customuser"."password", "users_customuser"."last_login", "users_customuser"."is_superuser", "users_customuser"."first_name", "users_customuser"."last_name", "users_customuser"."is_staff", "users_customuser"."is_active", "users_customuser"."date_joined", "users_customuser"."email", "users_customuser"."avatar", "users_customuser"."phone_number", "users_customuser"."country", "users_customuser"."token" FROM "users_customuser" WHERE "users_customuser"."id" = 3 LIMIT 21; args=(3,); alias=default
(0.000) SELECT "catalog_product"."id", "catalog_product"."name", "catalog_product"."description", "catalog_product"."image", "catalog_product"."category_id", "catalog_product"."price", "catalog_product"."created_at", "catalog_product"."updated_at", "catalog_product"."is_published", "catalog_product"."owner_id" FROM "catalog_product" WHERE "catalog_product"."id" = 36 LIMIT 21; args=(36,); alias=default
(0.000) SELECT "catalog_category"."id", "catalog_category"."name", "catalog_category"."description" FROM "catalog_category" WHERE "catalog_category"."id" = 13 LIMIT 21; args=(13,); alias=default
(0.000) SELECT 1 AS "a" FROM "catalog_category" WHERE "catalog_category"."id" = 13 LIMIT 1; args=(1, 13); alias=default
(0.000) SELECT "catalog_product"."id", "catalog_product"."name", "catalog_product"."description", "catalog_product"."image", "catalog_product"."category_id", "catalog_product"."price", "catalog_product"."created_at", "catalog_product"."updated_at", "catalog_product"."is_published", "catalog_product"."owner_id" FROM "catalog_product" WHERE "catalog_product"."id" = 36 LIMIT 21; args=(36,); alias=default
(0.000) SELECT "users_customuser"."id", "users_customuser"."password", "users_customuser"."last_login", "users_customuser"."is_superuser", "users_customuser"."first_name", "users_customuser"."last_name", "users_customuser"."is_staff", "users_customuser"."is_active", "users_customuser"."date_joined", "users_customuser"."email", "users_customuser"."avatar", "users_customuser"."phone_number", "users_customuser"."country", "users_customuser"."token" FROM "users_customuser" WHERE "users_customuser"."id" = 3 LIMIT 21; args=(3,); alias=default
(0.000) UPDATE "catalog_product" SET "name" = 'Fazioli F308 Grand Piano', "description" = 'Рояль Fazioli F308 считается одним из лучших современных концертных роялей.', "image" = '', "category_id" = 13, "price" = 300000.00, "created_at" = '2024-10-24T21:29:58.332238+00:00'::timestamptz, "updated_at" = '2024-10-27T00:15:06.047087+00:00'::timestamptz, "is_published" = true, "owner_id" = 3 WHERE "catalog_product"."id" = 36; args=('Fazioli F308 Grand Piano', 'Рояль Fazioli F308 считается одним из лучших современных концертных роялей.', '', 13, Decimal('300000.00'), datetime.datetime(2024, 10, 24, 21, 29, 58, 332238, tzinfo=datetime.timezone.utc), datetime.datetime(2024, 10, 27, 0, 15, 6, 47087, tzinfo=datetime.timezone.utc), True, 3, 36); alias=default
"POST /products/36/update/ HTTP/1.1" 302 0
(0.000) SELECT "django_session"."session_key", "django_session"."session_data", "django_session"."expire_date" FROM "django_session" WHERE ("django_session"."expire_date" > '2024-10-27T00:15:06.052088+00:00'::timestamptz AND "django_session"."session_key" = '9az6cxlgy8v29eyckgchezbverxclfoq') LIMIT 21; args=(datetime.datetime(2024, 10, 27, 0, 15, 6, 52088, tzinfo=datetime.timezone.utc), '9az6cxlgy8v29eyckgchezbverxclfoq'); alias=default
(0.000) SELECT "users_customuser"."id", "users_customuser"."password", "users_customuser"."last_login", "users_customuser"."is_superuser", "users_customuser"."first_name", "users_customuser"."last_name", "users_customuser"."is_staff", "users_customuser"."is_active", "users_customuser"."date_joined", "users_customuser"."email", "users_customuser"."avatar", "users_customuser"."phone_number", "users_customuser"."country", "users_customuser"."token" FROM "users_customuser" WHERE "users_customuser"."id" = 3 LIMIT 21; args=(3,); alias=default
(0.000) SELECT "catalog_product"."id", "catalog_product"."name", "catalog_product"."description", "catalog_product"."image", "catalog_product"."category_id", "catalog_product"."price", "catalog_product"."created_at", "catalog_product"."updated_at", "catalog_product"."is_published", "catalog_product"."owner_id" FROM "catalog_product" ORDER BY "catalog_product"."name" ASC; args=(); alias=default
(0.000) SELECT "users_customuser"."id", "users_customuser"."password", "users_customuser"."last_login", "users_customuser"."is_superuser", "users_customuser"."first_name", "users_customuser"."last_name", "users_customuser"."is_staff", "users_customuser"."is_active", "users_customuser"."date_joined", "users_customuser"."email", "users_customuser"."avatar", "users_customuser"."phone_number", "users_customuser"."country", "users_customuser"."token" FROM "users_customuser" WHERE "users_customuser"."id" = 3 LIMIT 21; args=(3,); alias=default
(0.000) SELECT "users_customuser"."id", "users_customuser"."password", "users_customuser"."last_login", "users_customuser"."is_superuser", "users_customuser"."first_name", "users_customuser"."last_name", "users_customuser"."is_staff", "users_customuser"."is_active", "users_customuser"."date_joined", "users_customuser"."email", "users_customuser"."avatar", "users_customuser"."phone_number", "users_customuser"."country", "users_customuser"."token" FROM "users_customuser" WHERE "users_customuser"."id" = 3 LIMIT 21; args=(3,); alias=default
(0.000) SELECT "users_customuser"."id", "users_customuser"."password", "users_customuser"."last_login", "users_customuser"."is_superuser", "users_customuser"."first_name", "users_customuser"."last_name", "users_customuser"."is_staff", "users_customuser"."is_active", "users_customuser"."date_joined", "users_customuser"."email", "users_customuser"."avatar", "users_customuser"."phone_number", "users_customuser"."country", "users_customuser"."token" FROM "users_customuser" WHERE "users_customuser"."id" = 9 LIMIT 21; args=(9,); alias=default
(0.000) SELECT "users_customuser"."id", "users_customuser"."password", "users_customuser"."last_login", "users_customuser"."is_superuser", "users_customuser"."first_name", "users_customuser"."last_name", "users_customuser"."is_staff", "users_customuser"."is_active", "users_customuser"."date_joined", "users_customuser"."email", "users_customuser"."avatar", "users_customuser"."phone_number", "users_customuser"."country", "users_customuser"."token" FROM "users_customuser" WHERE "users_customuser"."id" = 3 LIMIT 21; args=(3,); alias=default
(0.000) SELECT "users_customuser"."id", "users_customuser"."password", "users_customuser"."last_login", "users_customuser"."is_superuser", "users_customuser"."first_name", "users_customuser"."last_name", "users_customuser"."is_staff", "users_customuser"."is_active", "users_customuser"."date_joined", "users_customuser"."email", "users_customuser"."avatar", "users_customuser"."phone_number", "users_customuser"."country", "users_customuser"."token" FROM "users_customuser" WHERE "users_customuser"."id" = 3 LIMIT 21; args=(3,); alias=default
(0.000) SELECT "users_customuser"."id", "users_customuser"."password", "users_customuser"."last_login", "users_customuser"."is_superuser", "users_customuser"."first_name", "users_customuser"."last_name", "users_customuser"."is_staff", "users_customuser"."is_active", "users_customuser"."date_joined", "users_customuser"."email", "users_customuser"."avatar", "users_customuser"."phone_number", "users_customuser"."country", "users_customuser"."token" FROM "users_customuser" WHERE "users_customuser"."id" = 9 LIMIT 21; args=(9,); alias=default
(0.000) SELECT "users_customuser"."id", "users_customuser"."password", "users_customuser"."last_login", "users_customuser"."is_superuser", "users_customuser"."first_name", "users_customuser"."last_name", "users_customuser"."is_staff", "users_customuser"."is_active", "users_customuser"."date_joined", "users_customuser"."email", "users_customuser"."avatar", "users_customuser"."phone_number", "users_customuser"."country", "users_customuser"."token" FROM "users_customuser" WHERE "users_customuser"."id" = 9 LIMIT 21; args=(9,); alias=default
(0.000) SELECT "users_customuser"."id", "users_customuser"."password", "users_customuser"."last_login", "users_customuser"."is_superuser", "users_customuser"."first_name", "users_customuser"."last_name", "users_customuser"."is_staff", "users_customuser"."is_active", "users_customuser"."date_joined", "users_customuser"."email", "users_customuser"."avatar", "users_customuser"."phone_number", "users_customuser"."country", "users_customuser"."token" FROM "users_customuser" WHERE "users_customuser"."id" = 3 LIMIT 21; args=(3,); alias=default
(0.000) SELECT "users_customuser"."id", "users_customuser"."password", "users_customuser"."last_login", "users_customuser"."is_superuser", "users_customuser"."first_name", "users_customuser"."last_name", "users_customuser"."is_staff", "users_customuser"."is_active", "users_customuser"."date_joined", "users_customuser"."email", "users_customuser"."avatar", "users_customuser"."phone_number", "users_customuser"."country", "users_customuser"."token" FROM "users_customuser" WHERE "users_customuser"."id" = 9 LIMIT 21; args=(9,); alias=default
(0.000) SELECT "users_customuser"."id", "users_customuser"."password", "users_customuser"."last_login", "users_customuser"."is_superuser", "users_customuser"."first_name", "users_customuser"."last_name", "users_customuser"."is_staff", "users_customuser"."is_active", "users_customuser"."date_joined", "users_customuser"."email", "users_customuser"."avatar", "users_customuser"."phone_number", "users_customuser"."country", "users_customuser"."token" FROM "users_customuser" WHERE "users_customuser"."id" = 3 LIMIT 21; args=(3,); alias=default
(0.000) SELECT "users_customuser"."id", "users_customuser"."password", "users_customuser"."last_login", "users_customuser"."is_superuser", "users_customuser"."first_name", "users_customuser"."last_name", "users_customuser"."is_staff", "users_customuser"."is_active", "users_customuser"."date_joined", "users_customuser"."email", "users_customuser"."avatar", "users_customuser"."phone_number", "users_customuser"."country", "users_customuser"."token" FROM "users_customuser" WHERE "users_customuser"."id" = 3 LIMIT 21; args=(3,); alias=default
(0.000) SELECT "users_customuser"."id", "users_customuser"."password", "users_customuser"."last_login", "users_customuser"."is_superuser", "users_customuser"."first_name", "users_customuser"."last_name", "users_customuser"."is_staff", "users_customuser"."is_active", "users_customuser"."date_joined", "users_customuser"."email", "users_customuser"."avatar", "users_customuser"."phone_number", "users_customuser"."country", "users_customuser"."token" FROM "users_customuser" WHERE "users_customuser"."id" = 3 LIMIT 21; args=(3,); alias=default
(0.000) SELECT "users_customuser"."id", "users_customuser"."password", "users_customuser"."last_login", "users_customuser"."is_superuser", "users_customuser"."first_name", "users_customuser"."last_name", "users_customuser"."is_staff", "users_customuser"."is_active", "users_customuser"."date_joined", "users_customuser"."email", "users_customuser"."avatar", "users_customuser"."phone_number", "users_customuser"."country", "users_customuser"."token" FROM "users_customuser" WHERE "users_customuser"."id" = 3 LIMIT 21; args=(3,); alias=default
(0.000) SELECT "users_customuser"."id", "users_customuser"."password", "users_customuser"."last_login", "users_customuser"."is_superuser", "users_customuser"."first_name", "users_customuser"."last_name", "users_customuser"."is_staff", "users_customuser"."is_active", "users_customuser"."date_joined", "users_customuser"."email", "users_customuser"."avatar", "users_customuser"."phone_number", "users_customuser"."country", "users_customuser"."token" FROM "users_customuser" WHERE "users_customuser"."id" = 9 LIMIT 21; args=(9,); alias=default
(0.000) SELECT "users_customuser"."id", "users_customuser"."password", "users_customuser"."last_login", "users_customuser"."is_superuser", "users_customuser"."first_name", "users_customuser"."last_name", "users_customuser"."is_staff", "users_customuser"."is_active", "users_customuser"."date_joined", "users_customuser"."email", "users_customuser"."avatar", "users_customuser"."phone_number", "users_customuser"."country", "users_customuser"."token" FROM "users_customuser" WHERE "users_customuser"."id" = 3 LIMIT 21; args=(3,); alias=default
(0.000) SELECT "users_customuser"."id", "users_customuser"."password", "users_customuser"."last_login", "users_customuser"."is_superuser", "users_customuser"."first_name", "users_customuser"."last_name", "users_customuser"."is_staff", "users_customuser"."is_active", "users_customuser"."date_joined", "users_customuser"."email", "users_customuser"."avatar", "users_customuser"."phone_number", "users_customuser"."country", "users_customuser"."token" FROM "users_customuser" WHERE "users_customuser"."id" = 3 LIMIT 21; args=(3,); alias=default
(0.000) SELECT "users_customuser"."id", "users_customuser"."password", "users_customuser"."last_login", "users_customuser"."is_superuser", "users_customuser"."first_name", "users_customuser"."last_name", "users_customuser"."is_staff", "users_customuser"."is_active", "users_customuser"."date_joined", "users_customuser"."email", "users_customuser"."avatar", "users_customuser"."phone_number", "users_customuser"."country", "users_customuser"."token" FROM "users_customuser" WHERE "users_customuser"."id" = 3 LIMIT 21; args=(3,); alias=default
(0.000) SELECT "users_customuser"."id", "users_customuser"."password", "users_customuser"."last_login", "users_customuser"."is_superuser", "users_customuser"."first_name", "users_customuser"."last_name", "users_customuser"."is_staff", "users_customuser"."is_active", "users_customuser"."date_joined", "users_customuser"."email", "users_customuser"."avatar", "users_customuser"."phone_number", "users_customuser"."country", "users_customuser"."token" FROM "users_customuser" WHERE "users_customuser"."id" = 3 LIMIT 21; args=(3,); alias=default
"GET /products/ HTTP/1.1" 200 23827
(0.000) SELECT "django_session"."session_key", "django_session"."session_data", "django_session"."expire_date" FROM "django_session" WHERE ("django_session"."expire_date" > '2024-10-27T00:15:08.186099+00:00'::timestamptz AND "django_session"."session_key" = '9az6cxlgy8v29eyckgchezbverxclfoq') LIMIT 21; args=(datetime.datetime(2024, 10, 27, 0, 15, 8, 186099, tzinfo=datetime.timezone.utc), '9az6cxlgy8v29eyckgchezbverxclfoq'); alias=default
(0.000) SELECT "users_customuser"."id", "users_customuser"."password", "users_customuser"."last_login", "users_customuser"."is_superuser", "users_customuser"."first_name", "users_customuser"."last_name", "users_customuser"."is_staff", "users_customuser"."is_active", "users_customuser"."date_joined", "users_customuser"."email", "users_customuser"."avatar", "users_customuser"."phone_number", "users_customuser"."country", "users_customuser"."token" FROM "users_customuser" WHERE "users_customuser"."id" = 3 LIMIT 21; args=(3,); alias=default
(0.000) SELECT "catalog_product"."id", "catalog_product"."name", "catalog_product"."description", "catalog_product"."image", "catalog_product"."category_id", "catalog_product"."price", "catalog_product"."created_at", "catalog_product"."updated_at", "catalog_product"."is_published", "catalog_product"."owner_id" FROM "catalog_product" WHERE "catalog_product"."id" = 36 LIMIT 21; args=(36,); alias=default
(0.000) SELECT "catalog_category"."id", "catalog_category"."name", "catalog_category"."description" FROM "catalog_category" WHERE "catalog_category"."id" = 13 LIMIT 21; args=(13,); alias=default
"GET /products/36/ HTTP/1.1" 200 5591
File C:\Users\Meira\PycharmProjects\Online store\.venv\Lib\site-packages\django_redis\compressors\__init__.py first seen with mtime 1729975372.053682
File C:\Users\Meira\PycharmProjects\Online store\.venv\Lib\site-packages\django_redis\serializers\base.py first seen with mtime 1729975372.0596807
File C:\Users\Meira\AppData\Local\Programs\Python\Python312\Lib\importlib\resources\_itertools.py first seen with mtime 1712663418.0
File C:\Users\Meira\PycharmProjects\Online store\.venv\Lib\site-packages\django_redis\serializers\__init__.py first seen with mtime 1729975372.058682
File C:\Users\Meira\PycharmProjects\Online store\.venv\Lib\site-packages\django_redis\compressors\identity.py first seen with mtime 1729975372.0556817
File C:\Users\Meira\PycharmProjects\Online store\.venv\Lib\site-packages\tzdata\__init__.py first seen with mtime 1725785708.4251668
File C:\Users\Meira\AppData\Local\Programs\Python\Python312\Lib\importlib\readers.py first seen with mtime 1712663418.0
File C:\Users\Meira\PycharmProjects\Online store\.venv\Lib\site-packages\tzdata\zoneinfo\__init__.py first seen with mtime 1725785708.4671652
File C:\Users\Meira\PycharmProjects\Online store\.venv\Lib\site-packages\django_redis\serializers\pickle.py first seen with mtime 1729975372.061683
File C:\Users\Meira\AppData\Local\Programs\Python\Python312\Lib\importlib\resources\readers.py first seen with mtime 1712663418.0
File C:\Users\Meira\PycharmProjects\Online store\.venv\Lib\site-packages\django_redis\compressors\base.py first seen with mtime 1729975372.0546813
(0.000) SELECT "django_session"."session_key", "django_session"."session_data", "django_session"."expire_date" FROM "django_session" WHERE ("django_session"."expire_date" > '2024-10-27T00:15:11.668875+00:00'::timestamptz AND "django_session"."session_key" = '9az6cxlgy8v29eyckgchezbverxclfoq') LIMIT 21; args=(datetime.datetime(2024, 10, 27, 0, 15, 11, 668875, tzinfo=datetime.timezone.utc), '9az6cxlgy8v29eyckgchezbverxclfoq'); alias=default
(0.000) SELECT "users_customuser"."id", "users_customuser"."password", "users_customuser"."last_login", "users_customuser"."is_superuser", "users_customuser"."first_name", "users_customuser"."last_name", "users_customuser"."is_staff", "users_customuser"."is_active", "users_customuser"."date_joined", "users_customuser"."email", "users_customuser"."avatar", "users_customuser"."phone_number", "users_customuser"."country", "users_customuser"."token" FROM "users_customuser" WHERE "users_customuser"."id" = 3 LIMIT 21; args=(3,); alias=default
(0.000) SELECT "catalog_product"."id", "catalog_product"."name", "catalog_product"."description", "catalog_product"."image", "catalog_product"."category_id", "catalog_product"."price", "catalog_product"."created_at", "catalog_product"."updated_at", "catalog_product"."is_published", "catalog_product"."owner_id" FROM "catalog_product" ORDER BY "catalog_product"."name" ASC; args=(); alias=default
(0.000) SELECT "users_customuser"."id", "users_customuser"."password", "users_customuser"."last_login", "users_customuser"."is_superuser", "users_customuser"."first_name", "users_customuser"."last_name", "users_customuser"."is_staff", "users_customuser"."is_active", "users_customuser"."date_joined", "users_customuser"."email", "users_customuser"."avatar", "users_customuser"."phone_number", "users_customuser"."country", "users_customuser"."token" FROM "users_customuser" WHERE "users_customuser"."id" = 3 LIMIT 21; args=(3,); alias=default
(0.000) SELECT "users_customuser"."id", "users_customuser"."password", "users_customuser"."last_login", "users_customuser"."is_superuser", "users_customuser"."first_name", "users_customuser"."last_name", "users_customuser"."is_staff", "users_customuser"."is_active", "users_customuser"."date_joined", "users_customuser"."email", "users_customuser"."avatar", "users_customuser"."phone_number", "users_customuser"."country", "users_customuser"."token" FROM "users_customuser" WHERE "users_customuser"."id" = 3 LIMIT 21; args=(3,); alias=default
(0.000) SELECT "users_customuser"."id", "users_customuser"."password", "users_customuser"."last_login", "users_customuser"."is_superuser", "users_customuser"."first_name", "users_customuser"."last_name", "users_customuser"."is_staff", "users_customuser"."is_active", "users_customuser"."date_joined", "users_customuser"."email", "users_customuser"."avatar", "users_customuser"."phone_number", "users_customuser"."country", "users_customuser"."token" FROM "users_customuser" WHERE "users_customuser"."id" = 9 LIMIT 21; args=(9,); alias=default
(0.000) SELECT "users_customuser"."id", "users_customuser"."password", "users_customuser"."last_login", "users_customuser"."is_superuser", "users_customuser"."first_name", "users_customuser"."last_name", "users_customuser"."is_staff", "users_customuser"."is_active", "users_customuser"."date_joined", "users_customuser"."email", "users_customuser"."avatar", "users_customuser"."phone_number", "users_customuser"."country", "users_customuser"."token" FROM "users_customuser" WHERE "users_customuser"."id" = 3 LIMIT 21; args=(3,); alias=default
(0.000) SELECT "users_customuser"."id", "users_customuser"."password", "users_customuser"."last_login", "users_customuser"."is_superuser", "users_customuser"."first_name", "users_customuser"."last_name", "users_customuser"."is_staff", "users_customuser"."is_active", "users_customuser"."date_joined", "users_customuser"."email", "users_customuser"."avatar", "users_customuser"."phone_number", "users_customuser"."country", "users_customuser"."token" FROM "users_customuser" WHERE "users_customuser"."id" = 3 LIMIT 21; args=(3,); alias=default
(0.000) SELECT "users_customuser"."id", "users_customuser"."password", "users_customuser"."last_login", "users_customuser"."is_superuser", "users_customuser"."first_name", "users_customuser"."last_name", "users_customuser"."is_staff", "users_customuser"."is_active", "users_customuser"."date_joined", "users_customuser"."email", "users_customuser"."avatar", "users_customuser"."phone_number", "users_customuser"."country", "users_customuser"."token" FROM "users_customuser" WHERE "users_customuser"."id" = 9 LIMIT 21; args=(9,); alias=default
(0.000) SELECT "users_customuser"."id", "users_customuser"."password", "users_customuser"."last_login", "users_customuser"."is_superuser", "users_customuser"."first_name", "users_customuser"."last_name", "users_customuser"."is_staff", "users_customuser"."is_active", "users_customuser"."date_joined", "users_customuser"."email", "users_customuser"."avatar", "users_customuser"."phone_number", "users_customuser"."country", "users_customuser"."token" FROM "users_customuser" WHERE "users_customuser"."id" = 9 LIMIT 21; args=(9,); alias=default
(0.000) SELECT "users_customuser"."id", "users_customuser"."password", "users_customuser"."last_login", "users_customuser"."is_superuser", "users_customuser"."first_name", "users_customuser"."last_name", "users_customuser"."is_staff", "users_customuser"."is_active", "users_customuser"."date_joined", "users_customuser"."email", "users_customuser"."avatar", "users_customuser"."phone_number", "users_customuser"."country", "users_customuser"."token" FROM "users_customuser" WHERE "users_customuser"."id" = 3 LIMIT 21; args=(3,); alias=default
(0.000) SELECT "users_customuser"."id", "users_customuser"."password", "users_customuser"."last_login", "users_customuser"."is_superuser", "users_customuser"."first_name", "users_customuser"."last_name", "users_customuser"."is_staff", "users_customuser"."is_active", "users_customuser"."date_joined", "users_customuser"."email", "users_customuser"."avatar", "users_customuser"."phone_number", "users_customuser"."country", "users_customuser"."token" FROM "users_customuser" WHERE "users_customuser"."id" = 9 LIMIT 21; args=(9,); alias=default
(0.000) SELECT "users_customuser"."id", "users_customuser"."password", "users_customuser"."last_login", "users_customuser"."is_superuser", "users_customuser"."first_name", "users_customuser"."last_name", "users_customuser"."is_staff", "users_customuser"."is_active", "users_customuser"."date_joined", "users_customuser"."email", "users_customuser"."avatar", "users_customuser"."phone_number", "users_customuser"."country", "users_customuser"."token" FROM "users_customuser" WHERE "users_customuser"."id" = 3 LIMIT 21; args=(3,); alias=default
(0.000) SELECT "users_customuser"."id", "users_customuser"."password", "users_customuser"."last_login", "users_customuser"."is_superuser", "users_customuser"."first_name", "users_customuser"."last_name", "users_customuser"."is_staff", "users_customuser"."is_active", "users_customuser"."date_joined", "users_customuser"."email", "users_customuser"."avatar", "users_customuser"."phone_number", "users_customuser"."country", "users_customuser"."token" FROM "users_customuser" WHERE "users_customuser"."id" = 3 LIMIT 21; args=(3,); alias=default
(0.000) SELECT "users_customuser"."id", "users_customuser"."password", "users_customuser"."last_login", "users_customuser"."is_superuser", "users_customuser"."first_name", "users_customuser"."last_name", "users_customuser"."is_staff", "users_customuser"."is_active", "users_customuser"."date_joined", "users_customuser"."email", "users_customuser"."avatar", "users_customuser"."phone_number", "users_customuser"."country", "users_customuser"."token" FROM "users_customuser" WHERE "users_customuser"."id" = 3 LIMIT 21; args=(3,); alias=default
(0.000) SELECT "users_customuser"."id", "users_customuser"."password", "users_customuser"."last_login", "users_customuser"."is_superuser", "users_customuser"."first_name", "users_customuser"."last_name", "users_customuser"."is_staff", "users_customuser"."is_active", "users_customuser"."date_joined", "users_customuser"."email", "users_customuser"."avatar", "users_customuser"."phone_number", "users_customuser"."country", "users_customuser"."token" FROM "users_customuser" WHERE "users_customuser"."id" = 3 LIMIT 21; args=(3,); alias=default
(0.000) SELECT "users_customuser"."id", "users_customuser"."password", "users_customuser"."last_login", "users_customuser"."is_superuser", "users_customuser"."first_name", "users_customuser"."last_name", "users_customuser"."is_staff", "users_customuser"."is_active", "users_customuser"."date_joined", "users_customuser"."email", "users_customuser"."avatar", "users_customuser"."phone_number", "users_customuser"."country", "users_customuser"."token" FROM "users_customuser" WHERE "users_customuser"."id" = 9 LIMIT 21; args=(9,); alias=default
(0.000) SELECT "users_customuser"."id", "users_customuser"."password", "users_customuser"."last_login", "users_customuser"."is_superuser", "users_customuser"."first_name", "users_customuser"."last_name", "users_customuser"."is_staff", "users_customuser"."is_active", "users_customuser"."date_joined", "users_customuser"."email", "users_customuser"."avatar", "users_customuser"."phone_number", "users_customuser"."country", "users_customuser"."token" FROM "users_customuser" WHERE "users_customuser"."id" = 3 LIMIT 21; args=(3,); alias=default
(0.000) SELECT "users_customuser"."id", "users_customuser"."password", "users_customuser"."last_login", "users_customuser"."is_superuser", "users_customuser"."first_name", "users_customuser"."last_name", "users_customuser"."is_staff", "users_customuser"."is_active", "users_customuser"."date_joined", "users_customuser"."email", "users_customuser"."avatar", "users_customuser"."phone_number", "users_customuser"."country", "users_customuser"."token" FROM "users_customuser" WHERE "users_customuser"."id" = 3 LIMIT 21; args=(3,); alias=default
(0.000) SELECT "users_customuser"."id", "users_customuser"."password", "users_customuser"."last_login", "users_customuser"."is_superuser", "users_customuser"."first_name", "users_customuser"."last_name", "users_customuser"."is_staff", "users_customuser"."is_active", "users_customuser"."date_joined", "users_customuser"."email", "users_customuser"."avatar", "users_customuser"."phone_number", "users_customuser"."country", "users_customuser"."token" FROM "users_customuser" WHERE "users_customuser"."id" = 3 LIMIT 21; args=(3,); alias=default
(0.000) SELECT "users_customuser"."id", "users_customuser"."password", "users_customuser"."last_login", "users_customuser"."is_superuser", "users_customuser"."first_name", "users_customuser"."last_name", "users_customuser"."is_staff", "users_customuser"."is_active", "users_customuser"."date_joined", "users_customuser"."email", "users_customuser"."avatar", "users_customuser"."phone_number", "users_customuser"."country", "users_customuser"."token" FROM "users_customuser" WHERE "users_customuser"."id" = 3 LIMIT 21; args=(3,); alias=default
"GET /products/ HTTP/1.1" 200 23827
(0.016) SELECT "django_session"."session_key", "django_session"."session_data", "django_session"."expire_date" FROM "django_session" WHERE ("django_session"."expire_date" > '2024-10-27T00:15:13.290380+00:00'::timestamptz AND "django_session"."session_key" = '9az6cxlgy8v29eyckgchezbverxclfoq') LIMIT 21; args=(datetime.datetime(2024, 10, 27, 0, 15, 13, 290380, tzinfo=datetime.timezone.utc), '9az6cxlgy8v29eyckgchezbverxclfoq'); alias=default
(0.000) SELECT "users_customuser"."id", "users_customuser"."password", "users_customuser"."last_login", "users_customuser"."is_superuser", "users_customuser"."first_name", "users_customuser"."last_name", "users_customuser"."is_staff", "users_customuser"."is_active", "users_customuser"."date_joined", "users_customuser"."email", "users_customuser"."avatar", "users_customuser"."phone_number", "users_customuser"."country", "users_customuser"."token" FROM "users_customuser" WHERE "users_customuser"."id" = 3 LIMIT 21; args=(3,); alias=default
(0.000) SELECT "catalog_product"."id", "catalog_product"."name", "catalog_product"."description", "catalog_product"."image", "catalog_product"."category_id", "catalog_product"."price", "catalog_product"."created_at", "catalog_product"."updated_at", "catalog_product"."is_published", "catalog_product"."owner_id" FROM "catalog_product" WHERE "catalog_product"."id" = 36 LIMIT 21; args=(36,); alias=default
(0.000) DECLARE "_django_curs_22924_sync_2" NO SCROLL CURSOR WITH HOLD FOR SELECT "catalog_category"."id", "catalog_category"."name", "catalog_category"."description" FROM "catalog_category" ORDER BY "catalog_category"."name" ASC; args=(); alias=default
"GET /products/36/update/ HTTP/1.1" 200 6453
(0.000) SELECT "django_session"."session_key", "django_session"."session_data", "django_session"."expire_date" FROM "django_session" WHERE ("django_session"."expire_date" > '2024-10-27T00:15:16.590352+00:00'::timestamptz AND "django_session"."session_key" = '9az6cxlgy8v29eyckgchezbverxclfoq') LIMIT 21; args=(datetime.datetime(2024, 10, 27, 0, 15, 16, 590352, tzinfo=datetime.timezone.utc), '9az6cxlgy8v29eyckgchezbverxclfoq'); alias=default
(0.000) SELECT "users_customuser"."id", "users_customuser"."password", "users_customuser"."last_login", "users_customuser"."is_superuser", "users_customuser"."first_name", "users_customuser"."last_name", "users_customuser"."is_staff", "users_customuser"."is_active", "users_customuser"."date_joined", "users_customuser"."email", "users_customuser"."avatar", "users_customuser"."phone_number", "users_customuser"."country", "users_customuser"."token" FROM "users_customuser" WHERE "users_customuser"."id" = 3 LIMIT 21; args=(3,); alias=default
(0.000) SELECT "catalog_product"."id", "catalog_product"."name", "catalog_product"."description", "catalog_product"."image", "catalog_product"."category_id", "catalog_product"."price", "catalog_product"."created_at", "catalog_product"."updated_at", "catalog_product"."is_published", "catalog_product"."owner_id" FROM "catalog_product" WHERE "catalog_product"."id" = 36 LIMIT 21; args=(36,); alias=default
(0.000) SELECT "catalog_category"."id", "catalog_category"."name", "catalog_category"."description" FROM "catalog_category" WHERE "catalog_category"."id" = 13 LIMIT 21; args=(13,); alias=default
(0.000) SELECT 1 AS "a" FROM "catalog_category" WHERE "catalog_category"."id" = 13 LIMIT 1; args=(1, 13); alias=default
(0.000) SELECT "catalog_product"."id", "catalog_product"."name", "catalog_product"."description", "catalog_product"."image", "catalog_product"."category_id", "catalog_product"."price", "catalog_product"."created_at", "catalog_product"."updated_at", "catalog_product"."is_published", "catalog_product"."owner_id" FROM "catalog_product" WHERE "catalog_product"."id" = 36 LIMIT 21; args=(36,); alias=default
(0.000) SELECT "users_customuser"."id", "users_customuser"."password", "users_customuser"."last_login", "users_customuser"."is_superuser", "users_customuser"."first_name", "users_customuser"."last_name", "users_customuser"."is_staff", "users_customuser"."is_active", "users_customuser"."date_joined", "users_customuser"."email", "users_customuser"."avatar", "users_customuser"."phone_number", "users_customuser"."country", "users_customuser"."token" FROM "users_customuser" WHERE "users_customuser"."id" = 3 LIMIT 21; args=(3,); alias=default
(0.000) UPDATE "catalog_product" SET "name" = 'Fazioli F308 Grand Piano', "description" = 'Рояль Fazioli F308 считается одним из лучших современных концертных роялей.', "image" = '', "category_id" = 13, "price" = 300000.00, "created_at" = '2024-10-24T21:29:58.332238+00:00'::timestamptz, "updated_at" = '2024-10-27T00:15:16.666350+00:00'::timestamptz, "is_published" = false, "owner_id" = 3 WHERE "catalog_product"."id" = 36; args=('Fazioli F308 Grand Piano', 'Рояль Fazioli F308 считается одним из лучших современных концертных роялей.', '', 13, Decimal('300000.00'), datetime.datetime(2024, 10, 24, 21, 29, 58, 332238, tzinfo=datetime.timezone.utc), datetime.datetime(2024, 10, 27, 0, 15, 16, 666350, tzinfo=datetime.timezone.utc), False, 3, 36); alias=default
"POST /products/36/update/ HTTP/1.1" 302 0
(0.000) SELECT "django_session"."session_key", "django_session"."session_data", "django_session"."expire_date" FROM "django_session" WHERE ("django_session"."expire_date" > '2024-10-27T00:15:16.671351+00:00'::timestamptz AND "django_session"."session_key" = '9az6cxlgy8v29eyckgchezbverxclfoq') LIMIT 21; args=(datetime.datetime(2024, 10, 27, 0, 15, 16, 671351, tzinfo=datetime.timezone.utc), '9az6cxlgy8v29eyckgchezbverxclfoq'); alias=default
(0.015) SELECT "users_customuser"."id", "users_customuser"."password", "users_customuser"."last_login", "users_customuser"."is_superuser", "users_customuser"."first_name", "users_customuser"."last_name", "users_customuser"."is_staff", "users_customuser"."is_active", "users_customuser"."date_joined", "users_customuser"."email", "users_customuser"."avatar", "users_customuser"."phone_number", "users_customuser"."country", "users_customuser"."token" FROM "users_customuser" WHERE "users_customuser"."id" = 3 LIMIT 21; args=(3,); alias=default
(0.000) SELECT "catalog_product"."id", "catalog_product"."name", "catalog_product"."description", "catalog_product"."image", "catalog_product"."category_id", "catalog_product"."price", "catalog_product"."created_at", "catalog_product"."updated_at", "catalog_product"."is_published", "catalog_product"."owner_id" FROM "catalog_product" ORDER BY "catalog_product"."name" ASC; args=(); alias=default
(0.000) SELECT "users_customuser"."id", "users_customuser"."password", "users_customuser"."last_login", "users_customuser"."is_superuser", "users_customuser"."first_name", "users_customuser"."last_name", "users_customuser"."is_staff", "users_customuser"."is_active", "users_customuser"."date_joined", "users_customuser"."email", "users_customuser"."avatar", "users_customuser"."phone_number", "users_customuser"."country", "users_customuser"."token" FROM "users_customuser" WHERE "users_customuser"."id" = 3 LIMIT 21; args=(3,); alias=default
(0.000) SELECT "users_customuser"."id", "users_customuser"."password", "users_customuser"."last_login", "users_customuser"."is_superuser", "users_customuser"."first_name", "users_customuser"."last_name", "users_customuser"."is_staff", "users_customuser"."is_active", "users_customuser"."date_joined", "users_customuser"."email", "users_customuser"."avatar", "users_customuser"."phone_number", "users_customuser"."country", "users_customuser"."token" FROM "users_customuser" WHERE "users_customuser"."id" = 3 LIMIT 21; args=(3,); alias=default
(0.000) SELECT "users_customuser"."id", "users_customuser"."password", "users_customuser"."last_login", "users_customuser"."is_superuser", "users_customuser"."first_name", "users_customuser"."last_name", "users_customuser"."is_staff", "users_customuser"."is_active", "users_customuser"."date_joined", "users_customuser"."email", "users_customuser"."avatar", "users_customuser"."phone_number", "users_customuser"."country", "users_customuser"."token" FROM "users_customuser" WHERE "users_customuser"."id" = 9 LIMIT 21; args=(9,); alias=default
(0.000) SELECT "users_customuser"."id", "users_customuser"."password", "users_customuser"."last_login", "users_customuser"."is_superuser", "users_customuser"."first_name", "users_customuser"."last_name", "users_customuser"."is_staff", "users_customuser"."is_active", "users_customuser"."date_joined", "users_customuser"."email", "users_customuser"."avatar", "users_customuser"."phone_number", "users_customuser"."country", "users_customuser"."token" FROM "users_customuser" WHERE "users_customuser"."id" = 3 LIMIT 21; args=(3,); alias=default
(0.000) SELECT "users_customuser"."id", "users_customuser"."password", "users_customuser"."last_login", "users_customuser"."is_superuser", "users_customuser"."first_name", "users_customuser"."last_name", "users_customuser"."is_staff", "users_customuser"."is_active", "users_customuser"."date_joined", "users_customuser"."email", "users_customuser"."avatar", "users_customuser"."phone_number", "users_customuser"."country", "users_customuser"."token" FROM "users_customuser" WHERE "users_customuser"."id" = 3 LIMIT 21; args=(3,); alias=default
(0.000) SELECT "users_customuser"."id", "users_customuser"."password", "users_customuser"."last_login", "users_customuser"."is_superuser", "users_customuser"."first_name", "users_customuser"."last_name", "users_customuser"."is_staff", "users_customuser"."is_active", "users_customuser"."date_joined", "users_customuser"."email", "users_customuser"."avatar", "users_customuser"."phone_number", "users_customuser"."country", "users_customuser"."token" FROM "users_customuser" WHERE "users_customuser"."id" = 9 LIMIT 21; args=(9,); alias=default
(0.000) SELECT "users_customuser"."id", "users_customuser"."password", "users_customuser"."last_login", "users_customuser"."is_superuser", "users_customuser"."first_name", "users_customuser"."last_name", "users_customuser"."is_staff", "users_customuser"."is_active", "users_customuser"."date_joined", "users_customuser"."email", "users_customuser"."avatar", "users_customuser"."phone_number", "users_customuser"."country", "users_customuser"."token" FROM "users_customuser" WHERE "users_customuser"."id" = 9 LIMIT 21; args=(9,); alias=default
(0.000) SELECT "users_customuser"."id", "users_customuser"."password", "users_customuser"."last_login", "users_customuser"."is_superuser", "users_customuser"."first_name", "users_customuser"."last_name", "users_customuser"."is_staff", "users_customuser"."is_active", "users_customuser"."date_joined", "users_customuser"."email", "users_customuser"."avatar", "users_customuser"."phone_number", "users_customuser"."country", "users_customuser"."token" FROM "users_customuser" WHERE "users_customuser"."id" = 3 LIMIT 21; args=(3,); alias=default
(0.000) SELECT "users_customuser"."id", "users_customuser"."password", "users_customuser"."last_login", "users_customuser"."is_superuser", "users_customuser"."first_name", "users_customuser"."last_name", "users_customuser"."is_staff", "users_customuser"."is_active", "users_customuser"."date_joined", "users_customuser"."email", "users_customuser"."avatar", "users_customuser"."phone_number", "users_customuser"."country", "users_customuser"."token" FROM "users_customuser" WHERE "users_customuser"."id" = 9 LIMIT 21; args=(9,); alias=default
(0.000) SELECT "users_customuser"."id", "users_customuser"."password", "users_customuser"."last_login", "users_customuser"."is_superuser", "users_customuser"."first_name", "users_customuser"."last_name", "users_customuser"."is_staff", "users_customuser"."is_active", "users_customuser"."date_joined", "users_customuser"."email", "users_customuser"."avatar", "users_customuser"."phone_number", "users_customuser"."country", "users_customuser"."token" FROM "users_customuser" WHERE "users_customuser"."id" = 3 LIMIT 21; args=(3,); alias=default
(0.000) SELECT "users_customuser"."id", "users_customuser"."password", "users_customuser"."last_login", "users_customuser"."is_superuser", "users_customuser"."first_name", "users_customuser"."last_name", "users_customuser"."is_staff", "users_customuser"."is_active", "users_customuser"."date_joined", "users_customuser"."email", "users_customuser"."avatar", "users_customuser"."phone_number", "users_customuser"."country", "users_customuser"."token" FROM "users_customuser" WHERE "users_customuser"."id" = 3 LIMIT 21; args=(3,); alias=default
(0.000) SELECT "users_customuser"."id", "users_customuser"."password", "users_customuser"."last_login", "users_customuser"."is_superuser", "users_customuser"."first_name", "users_customuser"."last_name", "users_customuser"."is_staff", "users_customuser"."is_active", "users_customuser"."date_joined", "users_customuser"."email", "users_customuser"."avatar", "users_customuser"."phone_number", "users_customuser"."country", "users_customuser"."token" FROM "users_customuser" WHERE "users_customuser"."id" = 3 LIMIT 21; args=(3,); alias=default
(0.000) SELECT "users_customuser"."id", "users_customuser"."password", "users_customuser"."last_login", "users_customuser"."is_superuser", "users_customuser"."first_name", "users_customuser"."last_name", "users_customuser"."is_staff", "users_customuser"."is_active", "users_customuser"."date_joined", "users_customuser"."email", "users_customuser"."avatar", "users_customuser"."phone_number", "users_customuser"."country", "users_customuser"."token" FROM "users_customuser" WHERE "users_customuser"."id" = 3 LIMIT 21; args=(3,); alias=default
(0.016) SELECT "users_customuser"."id", "users_customuser"."password", "users_customuser"."last_login", "users_customuser"."is_superuser", "users_customuser"."first_name", "users_customuser"."last_name", "users_customuser"."is_staff", "users_customuser"."is_active", "users_customuser"."date_joined", "users_customuser"."email", "users_customuser"."avatar", "users_customuser"."phone_number", "users_customuser"."country", "users_customuser"."token" FROM "users_customuser" WHERE "users_customuser"."id" = 9 LIMIT 21; args=(9,); alias=default
(0.000) SELECT "users_customuser"."id", "users_customuser"."password", "users_customuser"."last_login", "users_customuser"."is_superuser", "users_customuser"."first_name", "users_customuser"."last_name", "users_customuser"."is_staff", "users_customuser"."is_active", "users_customuser"."date_joined", "users_customuser"."email", "users_customuser"."avatar", "users_customuser"."phone_number", "users_customuser"."country", "users_customuser"."token" FROM "users_customuser" WHERE "users_customuser"."id" = 3 LIMIT 21; args=(3,); alias=default
(0.000) SELECT "users_customuser"."id", "users_customuser"."password", "users_customuser"."last_login", "users_customuser"."is_superuser", "users_customuser"."first_name", "users_customuser"."last_name", "users_customuser"."is_staff", "users_customuser"."is_active", "users_customuser"."date_joined", "users_customuser"."email", "users_customuser"."avatar", "users_customuser"."phone_number", "users_customuser"."country", "users_customuser"."token" FROM "users_customuser" WHERE "users_customuser"."id" = 3 LIMIT 21; args=(3,); alias=default
(0.000) SELECT "users_customuser"."id", "users_customuser"."password", "users_customuser"."last_login", "users_customuser"."is_superuser", "users_customuser"."first_name", "users_customuser"."last_name", "users_customuser"."is_staff", "users_customuser"."is_active", "users_customuser"."date_joined", "users_customuser"."email", "users_customuser"."avatar", "users_customuser"."phone_number", "users_customuser"."country", "users_customuser"."token" FROM "users_customuser" WHERE "users_customuser"."id" = 3 LIMIT 21; args=(3,); alias=default
(0.000) SELECT "users_customuser"."id", "users_customuser"."password", "users_customuser"."last_login", "users_customuser"."is_superuser", "users_customuser"."first_name", "users_customuser"."last_name", "users_customuser"."is_staff", "users_customuser"."is_active", "users_customuser"."date_joined", "users_customuser"."email", "users_customuser"."avatar", "users_customuser"."phone_number", "users_customuser"."country", "users_customuser"."token" FROM "users_customuser" WHERE "users_customuser"."id" = 3 LIMIT 21; args=(3,); alias=default
"GET /products/ HTTP/1.1" 200 23834
File C:\Users\Meira\PycharmProjects\Online store\config\settings.py previous mtime: 1729988062.440976, current mtime: 1729988145.2765465
C:\Users\Meira\PycharmProjects\Online store\config\settings.py notified as changed. Signal results: [(<function template_changed at 0x00000250788732E0>, None), (<function translation_file_changed at 0x00000250797F4220>, None)].
C:\Users\Meira\PycharmProjects\Online store\config\settings.py changed, reloading.
Watching for file changes with StatReloader
Waiting for apps ready_event.
Apps ready_event triggered. Sending autoreload_started signal.
Watching dir C:\Users\Meira\PycharmProjects\Online store\catalog\templates with glob **/*.
Watching dir C:\Users\Meira\PycharmProjects\Online store\blog\templates with glob **/*.
Watching dir C:\Users\Meira\PycharmProjects\Online store\users\templates with glob **/*.
Watching dir C:\Users\Meira\PycharmProjects\Online store\locale with glob **/*.mo.
Watching dir C:\Users\Meira\PycharmProjects\Online store\catalog\locale with glob **/*.mo.
Watching dir C:\Users\Meira\PycharmProjects\Online store\blog\locale with glob **/*.mo.
Watching dir C:\Users\Meira\PycharmProjects\Online store\users\locale with glob **/*.mo.
(0.016) 
            SELECT
                c.relname,
                CASE
                    WHEN c.relispartition THEN 'p'
                    WHEN c.relkind IN ('m', 'v') THEN 'v'
                    ELSE 't'
                END,
                obj_description(c.oid, 'pg_class')
            FROM pg_catalog.pg_class c
            LEFT JOIN pg_catalog.pg_namespace n ON n.oid = c.relnamespace
            WHERE c.relkind IN ('f', 'm', 'p', 'r', 'v')
                AND n.nspname NOT IN ('pg_catalog', 'pg_toast')
                AND pg_catalog.pg_table_is_visible(c.oid)
        ; args=None; alias=default
(0.000) SELECT "django_migrations"."id", "django_migrations"."app", "django_migrations"."name", "django_migrations"."applied" FROM "django_migrations"; args=(); alias=default
File C:\Users\Meira\AppData\Local\Programs\Python\Python312\Lib\asyncio\queues.py first seen with mtime 1712663418.0
File C:\Users\Meira\AppData\Local\Programs\Python\Python312\Lib\mimetypes.py first seen with mtime 1712663418.0
File C:\Users\Meira\PycharmProjects\Online store\.venv\Lib\site-packages\psycopg2\errors.py first seen with mtime 1726349773.6726005
File C:\Users\Meira\PycharmProjects\Online store\.venv\Lib\site-packages\django\db\migrations\state.py first seen with mtime 1725785713.653223
File C:\Users\Meira\PycharmProjects\Online store\.venv\Lib\site-packages\django\contrib\messages\storage\__init__.py first seen with mtime 1725785712.556223
File C:\Users\Meira\AppData\Local\Programs\Python\Python312\Lib\_compression.py first seen with mtime 1712663418.0
File C:\Users\Meira\PycharmProjects\Online store\.venv\Lib\site-packages\django\db\backends\postgresql\creation.py first seen with mtime 1725785713.634223
File C:\Users\Meira\PycharmProjects\Online store\.venv\Lib\site-packages\sqlparse\engine\grouping.py first seen with mtime 1725785709.060322
File C:\Users\Meira\PycharmProjects\Online store\.venv\Lib\site-packages\django\core\files\storage\mixins.py first seen with mtime 1725785713.5552225
File C:\Users\Meira\PycharmProjects\Online store\.venv\Lib\site-packages\django\contrib\auth\mixins.py first seen with mtime 1725785711.4252229
File C:\Users\Meira\PycharmProjects\Online store\catalog\apps.py first seen with mtime 1726395388.8924632
File C:\Users\Meira\AppData\Local\Programs\Python\Python312\Lib\asyncio\log.py first seen with mtime 1712663418.0
File C:\Users\Meira\AppData\Local\Programs\Python\Python312\Lib\base64.py first seen with mtime 1712663418.0
File C:\Users\Meira\PycharmProjects\Online store\.venv\Lib\site-packages\django\apps\registry.py first seen with mtime 1725785710.294223
File C:\Users\Meira\PycharmProjects\Online store\.venv\Lib\site-packages\django\db\migrations\exceptions.py first seen with mtime 1725785713.6462233
File C:\Users\Meira\PycharmProjects\Online store\.venv\Lib\site-packages\django\utils\__init__.py first seen with mtime 1725785713.876223
File C:\Users\Meira\AppData\Local\Programs\Python\Python312\DLLs\_ctypes.pyd first seen with mtime 1712663462.0
File C:\Users\Meira\AppData\Local\Programs\Python\Python312\DLLs\_decimal.pyd first seen with mtime 1712663462.0
File C:\Users\Meira\PycharmProjects\Online store\.venv\Lib\site-packages\django\core\files\storage\filesystem.py first seen with mtime 1725785713.5522225
File C:\Users\Meira\PycharmProjects\Online store\.venv\Lib\site-packages\django\db\migrations\operations\base.py first seen with mtime 1725785713.6562345
File C:\Users\Meira\PycharmProjects\Online store\.venv\Lib\site-packages\django\utils\formats.py first seen with mtime 1725785713.8892221
File C:\Users\Meira\PycharmProjects\Online store\.venv\Lib\site-packages\dotenv\__init__.py first seen with mtime 1726350682.2711103
File C:\Users\Meira\AppData\Local\Programs\Python\Python312\Lib\email\message.py first seen with mtime 1712663418.0
File C:\Users\Meira\AppData\Local\Programs\Python\Python312\Lib\wsgiref\__init__.py first seen with mtime 1712663418.0
File C:\Users\Meira\PycharmProjects\Online store\.venv\Lib\site-packages\django\db\models\fields\reverse_related.py first seen with mtime 1725785713.7402234
File C:\Users\Meira\AppData\Local\Programs\Python\Python312\Lib\re\_parser.py first seen with mtime 1712663418.0
File C:\Users\Meira\PycharmProjects\Online store\.venv\Lib\site-packages\django\urls\exceptions.py first seen with mtime 1725785713.8732233
File C:\Users\Meira\PycharmProjects\Online store\.venv\Lib\site-packages\django\utils\duration.py first seen with mtime 1725785713.886223
File C:\Users\Meira\PycharmProjects\Online store\.venv\Lib\site-packages\django\contrib\admin\checks.py first seen with mtime 1725785710.650223
File C:\Users\Meira\PycharmProjects\Online store\users\views.py first seen with mtime 1729964966.2063053
File C:\Users\Meira\AppData\Local\Programs\Python\Python312\Lib\weakref.py first seen with mtime 1712663418.0
File C:\Users\Meira\PycharmProjects\Online store\.venv\Lib\site-packages\django\db\models\fields\related.py first seen with mtime 1725785713.722222
File C:\Users\Meira\PycharmProjects\Online store\.venv\Lib\site-packages\django\db\models\indexes.py first seen with mtime 1725785713.665224
File C:\Users\Meira\AppData\Local\Programs\Python\Python312\Lib\types.py first seen with mtime 1712663418.0
File C:\Users\Meira\AppData\Local\Programs\Python\Python312\Lib\bz2.py first seen with mtime 1712663418.0
File C:\Users\Meira\PycharmProjects\Online store\.venv\Lib\site-packages\django\utils\deconstruct.py first seen with mtime 1725785713.884223
File C:\Users\Meira\PycharmProjects\Online store\.venv\Lib\site-packages\django\middleware\cache.py first seen with mtime 1725785713.833223
File C:\Users\Meira\PycharmProjects\Online store\.venv\Lib\site-packages\django\utils\numberformat.py first seen with mtime 1725785713.8972225
File C:\Users\Meira\PycharmProjects\Online store\.venv\Lib\site-packages\django\db\models\fields\mixins.py first seen with mtime 1725785713.7132237
File C:\Users\Meira\PycharmProjects\Online store\.venv\Lib\site-packages\django\db\backends\postgresql\operations.py first seen with mtime 1725785713.636223
File C:\Users\Meira\AppData\Local\Programs\Python\Python312\Lib\token.py first seen with mtime 1712663418.0
File C:\Users\Meira\AppData\Local\Programs\Python\Python312\Lib\quopri.py first seen with mtime 1712663418.0
File C:\Users\Meira\PycharmProjects\Online store\.venv\Lib\site-packages\django\utils\log.py first seen with mtime 1725785713.8952231
File C:\Users\Meira\PycharmProjects\Online store\.venv\Lib\site-packages\django\middleware\__init__.py first seen with mtime 1725785713.8322222
File C:\Users\Meira\PycharmProjects\Online store\.venv\Lib\site-packages\django\db\models\query_utils.py first seen with mtime 1725785713.685224
File C:\Users\Meira\PycharmProjects\Online store\.venv\Lib\site-packages\django\contrib\messages\api.py first seen with mtime 1725785712.551223
File C:\Users\Meira\AppData\Local\Programs\Python\Python312\Lib\textwrap.py first seen with mtime 1712663418.0
File C:\Users\Meira\PycharmProjects\Online store\.venv\Lib\site-packages\django\db\migrations\migration.py first seen with mtime 1725785713.6502228
File C:\Users\Meira\PycharmProjects\Online store\.venv\Lib\site-packages\django\core\cache\backends\base.py first seen with mtime 1725785713.466223
File C:\Users\Meira\AppData\Local\Programs\Python\Python312\Lib\http\__init__.py first seen with mtime 1712663418.0
File C:\Users\Meira\AppData\Local\Programs\Python\Python312\Lib\gzip.py first seen with mtime 1712663418.0
File C:\Users\Meira\AppData\Local\Programs\Python\Python312\Lib\enum.py first seen with mtime 1712663418.0
File C:\Users\Meira\PycharmProjects\Online store\.venv\Lib\site-packages\django\core\exceptions.py first seen with mtime 1725785713.4602232
File C:\Users\Meira\PycharmProjects\Online store\manage.py first seen with mtime 1725785954.5432363
File C:\Users\Meira\PycharmProjects\Online store\config\settings.py first seen with mtime 1729988145.2765465
File C:\Users\Meira\AppData\Local\Programs\Python\Python312\DLLs\_uuid.pyd first seen with mtime 1712663462.0
File C:\Users\Meira\PycharmProjects\Online store\.venv\Lib\site-packages\django\db\models\sql\subqueries.py first seen with mtime 1725785713.751223
File C:\Users\Meira\PycharmProjects\Online store\.venv\Lib\site-packages\django\template\engine.py first seen with mtime 1725785713.8452232
File C:\Users\Meira\PycharmProjects\Online store\.venv\Lib\site-packages\django\contrib\auth\decorators.py first seen with mtime 1725785711.422223
File C:\Users\Meira\PycharmProjects\Online store\.venv\Lib\site-packages\django\views\generic\base.py first seen with mtime 1725785713.9222224
File C:\Users\Meira\PycharmProjects\Online store\.venv\Lib\site-packages\django\db\models\manager.py first seen with mtime 1725785713.6672232
File C:\Users\Meira\PycharmProjects\Online store\.venv\Lib\site-packages\sqlparse\filters\__init__.py first seen with mtime 1725785709.0623221
File C:\Users\Meira\PycharmProjects\Online store\.venv\Lib\site-packages\PIL\_util.py first seen with mtime 1726377627.9350657
File C:\Users\Meira\PycharmProjects\Online store\blog\apps.py first seen with mtime 1727634267.962022
File C:\Users\Meira\PycharmProjects\Online store\.venv\Lib\site-packages\django\utils\hashable.py first seen with mtime 1725785713.8902225
File C:\Users\Meira\PycharmProjects\Online store\.venv\Lib\site-packages\django\utils\timezone.py first seen with mtime 1725785713.902223
File C:\Users\Meira\PycharmProjects\Online store\.venv\Lib\site-packages\dotenv\parser.py first seen with mtime 1726350682.2741098
File C:\Users\Meira\AppData\Local\Programs\Python\Python312\Lib\asyncio\locks.py first seen with mtime 1712663418.0
File C:\Users\Meira\AppData\Local\Programs\Python\Python312\Lib\_markupbase.py first seen with mtime 1712663418.0
File C:\Users\Meira\AppData\Local\Programs\Python\Python312\Lib\concurrent\futures\__init__.py first seen with mtime 1712663418.0
File C:\Users\Meira\AppData\Local\Programs\Python\Python312\Lib\asyncio\runners.py first seen with mtime 1712663418.0
File C:\Users\Meira\PycharmProjects\Online store\.venv\Lib\site-packages\django\contrib\staticfiles\finders.py first seen with mtime 1725785713.447223
File C:\Users\Meira\PycharmProjects\Online store\.venv\Lib\site-packages\django\db\models\functions\math.py first seen with mtime 1725785713.7432227
File C:\Users\Meira\PycharmProjects\Online store\.venv\Lib\site-packages\django\forms\forms.py first seen with mtime 1725785713.7572238
File C:\Users\Meira\PycharmProjects\Online store\.venv\Lib\site-packages\django\forms\formsets.py first seen with mtime 1725785713.7582216
File C:\Users\Meira\PycharmProjects\Online store\.venv\Lib\site-packages\django\template\loaders\cached.py first seen with mtime 1725785713.8572228
File C:\Users\Meira\PycharmProjects\Online store\.venv\Lib\site-packages\asgiref\current_thread_executor.py first seen with mtime 1725785708.9618897
File C:\Users\Meira\PycharmProjects\Online store\.venv\Lib\site-packages\django\contrib\admin\helpers.py first seen with mtime 1725785710.6532247
File C:\Users\Meira\PycharmProjects\Online store\.venv\Lib\site-packages\django\db\models\fields\related_lookups.py first seen with mtime 1725785713.7312226
File C:\Users\Meira\AppData\Local\Programs\Python\Python312\Lib\locale.py first seen with mtime 1712663418.0
File C:\Users\Meira\PycharmProjects\Online store\.venv\Lib\site-packages\django\conf\global_settings.py first seen with mtime 1725785710.295223
File C:\Users\Meira\PycharmProjects\Online store\.venv\Lib\site-packages\django\template\loaders\filesystem.py first seen with mtime 1725785713.8582232
File C:\Users\Meira\AppData\Local\Programs\Python\Python312\Lib\argparse.py first seen with mtime 1712663418.0
File C:\Users\Meira\PycharmProjects\Online store\.venv\Lib\site-packages\django\templatetags\l10n.py first seen with mtime 1725785713.8622224
File C:\Users\Meira\AppData\Local\Programs\Python\Python312\Lib\http\client.py first seen with mtime 1712663418.0
File C:\Users\Meira\AppData\Local\Programs\Python\Python312\Lib\importlib\__init__.py first seen with mtime 1712663418.0
File C:\Users\Meira\AppData\Local\Programs\Python\Python312\Lib\glob.py first seen with mtime 1712663418.0
File C:\Users\Meira\AppData\Local\Programs\Python\Python312\Lib\email\__init__.py first seen with mtime 1712663418.0
File C:\Users\Meira\PycharmProjects\Online store\.venv\Lib\site-packages\sqlparse\tokens.py first seen with mtime 1725785709.0573218
File C:\Users\Meira\PycharmProjects\Online store\.venv\Lib\site-packages\django\dispatch\dispatcher.py first seen with mtime 1725785713.753222
File C:\Users\Meira\AppData\Local\Programs\Python\Python312\Lib\signal.py first seen with mtime 1712663418.0
File C:\Users\Meira\PycharmProjects\Online store\.venv\Lib\site-packages\django\core\handlers\wsgi.py first seen with mtime 1725785713.559223
File C:\Users\Meira\AppData\Local\Programs\Python\Python312\Lib\email\quoprimime.py first seen with mtime 1712663418.0
File C:\Users\Meira\PycharmProjects\Online store\.venv\Lib\site-packages\django\db\models\functions\text.py first seen with mtime 1725785713.745222
File C:\Users\Meira\PycharmProjects\Online store\config\__init__.py first seen with mtime 1725785953.5208223
File C:\Users\Meira\AppData\Local\Programs\Python\Python312\Lib\hmac.py first seen with mtime 1712663418.0
File C:\Users\Meira\AppData\Local\Programs\Python\Python312\Lib\asyncio\base_events.py first seen with mtime 1712663418.0
File C:\Users\Meira\AppData\Local\Programs\Python\Python312\Lib\queue.py first seen with mtime 1712663418.0
File C:\Users\Meira\PycharmProjects\Online store\.venv\Lib\site-packages\django\core\files\temp.py first seen with mtime 1725785713.5402217
File C:\Users\Meira\PycharmProjects\Online store\.venv\Lib\site-packages\django\core\checks\security\__init__.py first seen with mtime 1725785713.5042233
File C:\Users\Meira\PycharmProjects\Online store\.venv\Lib\site-packages\django\contrib\contenttypes\checks.py first seen with mtime 1725785711.656223
File C:\Users\Meira\PycharmProjects\Online store\.venv\Lib\site-packages\django\template\backends\__init__.py first seen with mtime 1725785713.851223
File C:\Users\Meira\PycharmProjects\Online store\users\__init__.py first seen with mtime 1729629899.072566
File C:\Users\Meira\PycharmProjects\Online store\.venv\Lib\site-packages\django\views\defaults.py first seen with mtime 1725785713.913223
File C:\Users\Meira\PycharmProjects\Online store\.venv\Lib\site-packages\django\apps\__init__.py first seen with mtime 1725785710.2922227
File C:\Users\Meira\AppData\Local\Programs\Python\Python312\Lib\string.py first seen with mtime 1712663418.0
File C:\Users\Meira\PycharmProjects\Online store\catalog\admin.py first seen with mtime 1729964966.1793053
File C:\Users\Meira\PycharmProjects\Online store\.venv\Lib\site-packages\django\core\checks\files.py first seen with mtime 1725785713.4742231
File C:\Users\Meira\PycharmProjects\Online store\.venv\Lib\site-packages\sqlparse\filters\reindent.py first seen with mtime 1725785709.0643215
File C:\Users\Meira\AppData\Local\Programs\Python\Python312\Lib\warnings.py first seen with mtime 1712663418.0
File C:\Users\Meira\AppData\Local\Programs\Python\Python312\Lib\asyncio\staggered.py first seen with mtime 1712663418.0
File C:\Users\Meira\PycharmProjects\Online store\.venv\Lib\site-packages\django\views\generic\dates.py first seen with mtime 1725785713.923223
File C:\Users\Meira\PycharmProjects\Online store\.venv\Lib\site-packages\django\contrib\auth\middleware.py first seen with mtime 1725785711.424223
File C:\Users\Meira\PycharmProjects\Online store\.venv\Lib\site-packages\django\http\request.py first seen with mtime 1725785713.830223
File C:\Users\Meira\PycharmProjects\Online store\.venv\Lib\site-packages\django\dispatch\__init__.py first seen with mtime 1725785713.753222
File C:\Users\Meira\PycharmProjects\Online store\.venv\Lib\site-packages\django\db\models\fields\related_descriptors.py first seen with mtime 1725785713.7302237
File C:\Users\Meira\AppData\Local\Programs\Python\Python312\Lib\gettext.py first seen with mtime 1712663418.0
File C:\Users\Meira\AppData\Local\Programs\Python\Python312\Lib\asyncio\proactor_events.py first seen with mtime 1712663418.0
File C:\Users\Meira\PycharmProjects\Online store\.venv\Lib\site-packages\django\views\generic\list.py first seen with mtime 1725785713.9252226
File C:\Users\Meira\PycharmProjects\Online store\.venv\Lib\site-packages\django\core\management\base.py first seen with mtime 1725785713.5692232
File C:\Users\Meira\PycharmProjects\Online store\.venv\Lib\site-packages\django\db\models\enums.py first seen with mtime 1725785713.6642232
File C:\Users\Meira\AppData\Local\Programs\Python\Python312\Lib\logging\config.py first seen with mtime 1712663418.0
File C:\Users\Meira\PycharmProjects\Online store\.venv\Lib\site-packages\django\contrib\messages\storage\base.py first seen with mtime 1725785712.557223
File C:\Users\Meira\PycharmProjects\Online store\.venv\Lib\site-packages\django\db\backends\ddl_references.py first seen with mtime 1725785713.604223
File C:\Users\Meira\AppData\Local\Programs\Python\Python312\Lib\re\_constants.py first seen with mtime 1712663418.0
File C:\Users\Meira\PycharmProjects\Online store\.venv\Lib\site-packages\psycopg2\extras.py first seen with mtime 1726349773.6746
File C:\Users\Meira\PycharmProjects\Online store\.venv\Lib\site-packages\django\db\transaction.py first seen with mtime 1725785713.6022224
File C:\Users\Meira\PycharmProjects\Online store\.venv\Lib\site-packages\django\contrib\messages\utils.py first seen with mtime 1725785712.5552227
File C:\Users\Meira\PycharmProjects\Online store\.venv\Lib\site-packages\django\views\generic\edit.py first seen with mtime 1725785713.9242232
File C:\Users\Meira\PycharmProjects\Online store\.venv\Lib\site-packages\django\urls\converters.py first seen with mtime 1725785713.8732233
File C:\Users\Meira\AppData\Local\Programs\Python\Python312\Lib\email\_parseaddr.py first seen with mtime 1712663418.0
File C:\Users\Meira\PycharmProjects\Online store\.venv\Lib\site-packages\django\template\library.py first seen with mtime 1725785713.8462222
File C:\Users\Meira\AppData\Local\Programs\Python\Python312\Lib\dis.py first seen with mtime 1712663418.0
File C:\Users\Meira\PycharmProjects\Online store\.venv\Lib\site-packages\psycopg2\extensions.py first seen with mtime 1726349773.6735997
File C:\Users\Meira\PycharmProjects\Online store\.venv\Lib\site-packages\django\contrib\sites\shortcuts.py first seen with mtime 1725785713.2392232
File C:\Users\Meira\AppData\Local\Programs\Python\Python312\Lib\socket.py first seen with mtime 1712663418.0
File C:\Users\Meira\PycharmProjects\Online store\.venv\Lib\site-packages\sqlparse\cli.py first seen with mtime 1725785709.0523214
File C:\Users\Meira\PycharmProjects\Online store\.venv\Lib\site-packages\sqlparse\filters\others.py first seen with mtime 1725785709.0633218
File C:\Users\Meira\PycharmProjects\Online store\.venv\Lib\site-packages\django\template\context.py first seen with mtime 1725785713.842223
File C:\Users\Meira\PycharmProjects\Online store\.venv\Lib\site-packages\django\template\autoreload.py first seen with mtime 1725785713.8402233
File C:\Users\Meira\PycharmProjects\Online store\.venv\Lib\site-packages\django\__init__.py first seen with mtime 1725785710.290229
File C:\Users\Meira\PycharmProjects\Online store\.venv\Lib\site-packages\django\db\models\functions\datetime.py first seen with mtime 1725785713.7432227
File C:\Users\Meira\AppData\Local\Programs\Python\Python312\Lib\zoneinfo\_tzpath.py first seen with mtime 1712663418.0
File C:\Users\Meira\PycharmProjects\Online store\.venv\Lib\site-packages\django\core\signing.py first seen with mtime 1725785713.4622233
File C:\Users\Meira\PycharmProjects\Online store\.venv\Lib\site-packages\django\contrib\staticfiles\management\__init__.py first seen with mtime 1725785713.453223
File C:\Users\Meira\PycharmProjects\Online store\.venv\Lib\site-packages\django\utils\dateformat.py first seen with mtime 1725785713.883223
File C:\Users\Meira\PycharmProjects\Online store\config\urls.py first seen with mtime 1729964966.1993053
File C:\Users\Meira\AppData\Local\Programs\Python\Python312\Lib\urllib\__init__.py first seen with mtime 1712663418.0
File C:\Users\Meira\PycharmProjects\Online store\.venv\Lib\site-packages\django\contrib\admin\exceptions.py first seen with mtime 1725785710.651223
File C:\Users\Meira\PycharmProjects\Online store\.venv\Lib\site-packages\django\views\decorators\cache.py first seen with mtime 1725785713.9162228
File C:\Users\Meira\PycharmProjects\Online store\.venv\Lib\site-packages\django\core\mail\__init__.py first seen with mtime 1725785713.5602221
File C:\Users\Meira\AppData\Local\Programs\Python\Python312\Lib\json\decoder.py first seen with mtime 1712663418.0
File C:\Users\Meira\PycharmProjects\Online store\.venv\Lib\site-packages\django\core\wsgi.py first seen with mtime 1725785713.463223
File C:\Users\Meira\PycharmProjects\Online store\.venv\Lib\site-packages\django\core\serializers\json.py first seen with mtime 1725785713.5952232
File C:\Users\Meira\PycharmProjects\Online store\.venv\Lib\site-packages\django\core\servers\__init__.py first seen with mtime 1725785713.5992231
File C:\Users\Meira\AppData\Local\Programs\Python\Python312\Lib\email\_header_value_parser.py first seen with mtime 1712663418.0
File C:\Users\Meira\PycharmProjects\Online store\.venv\Lib\site-packages\django\template\exceptions.py first seen with mtime 1725785713.8452232
File C:\Users\Meira\PycharmProjects\Online store\.venv\Lib\site-packages\django\http\cookie.py first seen with mtime 1725785713.8292227
File C:\Users\Meira\PycharmProjects\Online store\.venv\Lib\site-packages\django\forms\renderers.py first seen with mtime 1725785713.7602232
File C:\Users\Meira\PycharmProjects\Online store\.venv\Lib\site-packages\django\contrib\auth\validators.py first seen with mtime 1725785711.4292233
File C:\Users\Meira\AppData\Local\Programs\Python\Python312\Lib\sysconfig.py first seen with mtime 1712663418.0
File C:\Users\Meira\AppData\Local\Programs\Python\Python312\Lib\ctypes\__init__.py first seen with mtime 1712663418.0
File C:\Users\Meira\PycharmProjects\Online store\.venv\Lib\site-packages\django\db\backends\base\base.py first seen with mtime 1725785713.608223
File C:\Users\Meira\AppData\Local\Programs\Python\Python312\Lib\asyncio\exceptions.py first seen with mtime 1712663418.0
File C:\Users\Meira\AppData\Local\Programs\Python\Python312\DLLs\_queue.pyd first seen with mtime 1712663462.0
File C:\Users\Meira\PycharmProjects\Online store\.venv\Lib\site-packages\django\http\multipartparser.py first seen with mtime 1725785713.8292227
File C:\Users\Meira\PycharmProjects\Online store\.venv\Lib\site-packages\django\views\generic\__init__.py first seen with mtime 1725785713.921222
File C:\Users\Meira\AppData\Local\Programs\Python\Python312\Lib\threading.py first seen with mtime 1712663418.0
File C:\Users\Meira\PycharmProjects\Online store\.venv\Lib\site-packages\django\contrib\admin\models.py first seen with mtime 1725785710.654223
File C:\Users\Meira\PycharmProjects\Online store\.venv\Lib\site-packages\psycopg2\_json.py first seen with mtime 1726349773.6566017
File C:\Users\Meira\PycharmProjects\Online store\.venv\Lib\site-packages\django\db\models\functions\window.py first seen with mtime 1725785713.7462232
File C:\Users\Meira\AppData\Local\Programs\Python\Python312\Lib\asyncio\transports.py first seen with mtime 1712663418.0
File C:\Users\Meira\AppData\Local\Programs\Python\Python312\Lib\asyncio\__init__.py first seen with mtime 1712663418.0
File C:\Users\Meira\PycharmProjects\Online store\.venv\Lib\site-packages\django\db\migrations\utils.py first seen with mtime 1725785713.6542227
File C:\Users\Meira\AppData\Local\Programs\Python\Python312\DLLs\unicodedata.pyd first seen with mtime 1712663462.0
File C:\Users\Meira\AppData\Local\Programs\Python\Python312\Lib\tempfile.py first seen with mtime 1712663418.0
File C:\Users\Meira\AppData\Local\Programs\Python\Python312\Lib\ast.py first seen with mtime 1712663418.0
File C:\Users\Meira\AppData\Local\Programs\Python\Python312\Lib\email\iterators.py first seen with mtime 1712663418.0
File C:\Users\Meira\AppData\Local\Programs\Python\Python312\Lib\email\parser.py first seen with mtime 1712663418.0
File C:\Users\Meira\PycharmProjects\Online store\.venv\Lib\site-packages\sqlparse\filters\right_margin.py first seen with mtime 1725785709.0653214
File C:\Users\Meira\AppData\Local\Programs\Python\Python312\Lib\selectors.py first seen with mtime 1712663418.0
File C:\Users\Meira\PycharmProjects\Online store\.venv\Lib\site-packages\django\contrib\__init__.py first seen with mtime 1725785710.647223
File C:\Users\Meira\PycharmProjects\Online store\.venv\Lib\site-packages\django\contrib\auth\base_user.py first seen with mtime 1725785711.419223
File C:\Users\Meira\PycharmProjects\Online store\.venv\Lib\site-packages\django\core\cache\backends\__init__.py first seen with mtime 1725785713.466223
File C:\Users\Meira\PycharmProjects\Online store\.venv\Lib\site-packages\django\db\migrations\operations\special.py first seen with mtime 1725785713.658223
File C:\Users\Meira\PycharmProjects\Online store\.venv\Lib\site-packages\psycopg2\_range.py first seen with mtime 1726349773.6706026
File C:\Users\Meira\PycharmProjects\Online store\.venv\Lib\site-packages\django\core\checks\registry.py first seen with mtime 1725785713.4772224
File C:\Users\Meira\AppData\Local\Programs\Python\Python312\DLLs\_asyncio.pyd first seen with mtime 1712663462.0
File C:\Users\Meira\PycharmProjects\Online store\.venv\Lib\site-packages\django\template\defaultfilters.py first seen with mtime 1725785713.843222
File C:\Users\Meira\PycharmProjects\Online store\.venv\Lib\site-packages\django\contrib\sites\__init__.py first seen with mtime 1725785713.233223
File C:\Users\Meira\AppData\Local\Programs\Python\Python312\Lib\typing.py first seen with mtime 1712663418.0
File C:\Users\Meira\PycharmProjects\Online store\.venv\Lib\site-packages\django\db\backends\postgresql\schema.py first seen with mtime 1725785713.6382232
File C:\Users\Meira\PycharmProjects\Online store\.venv\Lib\site-packages\psycopg2\_ipaddress.py first seen with mtime 1726349773.6556013
File C:\Users\Meira\AppData\Local\Programs\Python\Python312\Lib\urllib\response.py first seen with mtime 1712663418.0
File C:\Users\Meira\PycharmProjects\Online store\.venv\Lib\site-packages\django\core\files\base.py first seen with mtime 1725785713.5222232
File C:\Users\Meira\AppData\Local\Programs\Python\Python312\Lib\ipaddress.py first seen with mtime 1712663418.0
File C:\Users\Meira\PycharmProjects\Online store\.venv\Lib\site-packages\django\contrib\admin\sites.py first seen with mtime 1725785710.6562226
File C:\Users\Meira\PycharmProjects\Online store\.venv\Lib\site-packages\django\utils\regex_helper.py first seen with mtime 1725785713.8982234
File C:\Users\Meira\AppData\Local\Programs\Python\Python312\Lib\difflib.py first seen with mtime 1712663418.0
File C:\Users\Meira\AppData\Local\Programs\Python\Python312\Lib\graphlib.py first seen with mtime 1712663418.0
File C:\Users\Meira\PycharmProjects\Online store\.venv\Lib\site-packages\django\db\models\fields\proxy.py first seen with mtime 1725785713.7212212
File C:\Users\Meira\PycharmProjects\Online store\.venv\Lib\site-packages\django\forms\fields.py first seen with mtime 1725785713.7562227
File C:\Users\Meira\PycharmProjects\Online store\.venv\Lib\site-packages\django\contrib\staticfiles\__init__.py first seen with mtime 1725785713.445223
File C:\Users\Meira\PycharmProjects\Online store\.venv\Lib\site-packages\django\contrib\auth\views.py first seen with mtime 1725785711.4292233
File C:\Users\Meira\PycharmProjects\Online store\.venv\Lib\site-packages\django\utils\dates.py first seen with mtime 1725785713.884223
File C:\Users\Meira\AppData\Local\Programs\Python\Python312\Lib\encodings\cp1251.py first seen with mtime 1712663418.0
File C:\Users\Meira\PycharmProjects\Online store\.venv\Lib\site-packages\django\forms\models.py first seen with mtime 1725785713.759222
File C:\Users\Meira\PycharmProjects\Online store\.venv\Lib\site-packages\django\contrib\admin\filters.py first seen with mtime 1725785710.652223
File C:\Users\Meira\PycharmProjects\Online store\.venv\Lib\site-packages\asgiref\sync.py first seen with mtime 1725785708.9638891
File C:\Users\Meira\AppData\Local\Programs\Python\Python312\Lib\asyncio\base_subprocess.py first seen with mtime 1712663418.0
File C:\Users\Meira\AppData\Local\Programs\Python\Python312\Lib\asyncio\sslproto.py first seen with mtime 1712663418.0
File C:\Users\Meira\PycharmProjects\Online store\.venv\Lib\site-packages\django\db\models\functions\__init__.py first seen with mtime 1725785713.741223
File C:\Users\Meira\PycharmProjects\Online store\.venv\Lib\site-packages\django\utils\cache.py first seen with mtime 1725785713.879223
File C:\Users\Meira\PycharmProjects\Online store\.venv\Lib\site-packages\django\utils\termcolors.py first seen with mtime 1725785713.8992226
File C:\Users\Meira\PycharmProjects\Online store\.venv\Lib\site-packages\PIL\_binary.py first seen with mtime 1726377627.7900612
File C:\Users\Meira\PycharmProjects\Online store\.venv\Lib\site-packages\django\core\management\commands\__init__.py first seen with mtime 1725785713.573223
File C:\Users\Meira\PycharmProjects\Online store\.venv\Lib\site-packages\django\utils\encoding.py first seen with mtime 1725785713.8872228
File C:\Users\Meira\PycharmProjects\Online store\.venv\Lib\site-packages\django\utils\module_loading.py first seen with mtime 1725785713.896223
File C:\Users\Meira\PycharmProjects\Online store\.venv\Lib\site-packages\django\views\static.py first seen with mtime 1725785713.9142232
File C:\Users\Meira\AppData\Local\Programs\Python\Python312\Lib\asyncio\futures.py first seen with mtime 1712663418.0
File C:\Users\Meira\AppData\Local\Programs\Python\Python312\Lib\email\mime\message.py first seen with mtime 1712663418.0
File C:\Users\Meira\AppData\Local\Programs\Python\Python312\DLLs\select.pyd first seen with mtime 1712663462.0
File C:\Users\Meira\PycharmProjects\Online store\.venv\Lib\site-packages\asgiref\local.py first seen with mtime 1725785708.9618897
File C:\Users\Meira\PycharmProjects\Online store\.venv\Lib\site-packages\django\core\handlers\exception.py first seen with mtime 1725785713.5582232
File C:\Users\Meira\PycharmProjects\Online store\.venv\Lib\site-packages\sqlparse\engine\filter_stack.py first seen with mtime 1725785709.059322
File C:\Users\Meira\PycharmProjects\Online store\.venv\Lib\site-packages\django\db\backends\postgresql\client.py first seen with mtime 1725785713.6332223
File C:\Users\Meira\PycharmProjects\Online store\catalog\models.py first seen with mtime 1729964966.1893053
File C:\Users\Meira\AppData\Local\Programs\Python\Python312\Lib\collections\abc.py first seen with mtime 1712663418.0
File C:\Users\Meira\PycharmProjects\Online store\.venv\Lib\site-packages\django\forms\boundfield.py first seen with mtime 1725785713.755223
File C:\Users\Meira\PycharmProjects\Online store\.venv\Lib\site-packages\django\core\serializers\python.py first seen with mtime 1725785713.5972228
File C:\Users\Meira\PycharmProjects\Online store\.venv\Lib\site-packages\django\core\checks\__init__.py first seen with mtime 1725785713.472223
File C:\Users\Meira\PycharmProjects\Online store\.venv\Lib\site-packages\django\views\__init__.py first seen with mtime 1725785713.9102223
File C:\Users\Meira\PycharmProjects\Online store\.venv\Lib\site-packages\sqlparse\keywords.py first seen with mtime 1725785709.055322
File C:\Users\Meira\PycharmProjects\Online store\.venv\Lib\site-packages\django\db\__init__.py first seen with mtime 1725785713.6012232
File C:\Users\Meira\AppData\Local\Programs\Python\Python312\Lib\http\server.py first seen with mtime 1712663418.0
File C:\Users\Meira\PycharmProjects\Online store\.venv\Lib\site-packages\PIL\TiffTags.py first seen with mtime 1726377627.770084
File C:\Users\Meira\PycharmProjects\Online store\.venv\Lib\site-packages\django\contrib\auth\backends.py first seen with mtime 1725785711.4182222
File C:\Users\Meira\PycharmProjects\Online store\.venv\Lib\site-packages\django\db\models\signals.py first seen with mtime 1725785713.6862226
File C:\Users\Meira\PycharmProjects\Online store\.venv\Lib\site-packages\django\utils\_os.py first seen with mtime 1725785713.876223
File C:\Users\Meira\PycharmProjects\Online store\users\models.py first seen with mtime 1729964966.2043054
File C:\Users\Meira\PycharmProjects\Online store\.venv\Lib\site-packages\django\contrib\admin\views\main.py first seen with mtime 1725785711.1502228
File C:\Users\Meira\PycharmProjects\Online store\catalog\urls.py first seen with mtime 1729981553.370219
File C:\Users\Meira\PycharmProjects\Online store\.venv\Lib\site-packages\django\forms\widgets.py first seen with mtime 1725785713.7612221
File C:\Users\Meira\PycharmProjects\Online store\.venv\Lib\site-packages\django\template\loaders\app_directories.py first seen with mtime 1725785713.8562229
File C:\Users\Meira\PycharmProjects\Online store\.venv\Lib\site-packages\django\utils\text.py first seen with mtime 1725785713.9002228
File C:\Users\Meira\PycharmProjects\Online store\.venv\Lib\site-packages\django\core\__init__.py first seen with mtime 1725785713.458223
File C:\Users\Meira\PycharmProjects\Online store\.venv\Lib\site-packages\django\contrib\messages\apps.py first seen with mtime 1725785712.551223
File C:\Users\Meira\AppData\Local\Programs\Python\Python312\Lib\encodings\utf_8.py first seen with mtime 1712663418.0
File C:\Users\Meira\PycharmProjects\Online store\.venv\Lib\site-packages\django\contrib\contenttypes\fields.py first seen with mtime 1725785711.657223
File C:\Users\Meira\PycharmProjects\Online store\.venv\Lib\site-packages\django\contrib\auth\apps.py first seen with mtime 1725785711.4172232
File C:\Users\Meira\PycharmProjects\Online store\.venv\Lib\site-packages\_virtualenv.py first seen with mtime 1725785403.2189164
File C:\Users\Meira\PycharmProjects\Online store\.venv\Lib\site-packages\django\contrib\staticfiles\apps.py first seen with mtime 1725785713.446223
File C:\Users\Meira\AppData\Local\Programs\Python\Python312\Lib\asyncio\selector_events.py first seen with mtime 1712663418.0
File C:\Users\Meira\PycharmProjects\Online store\users\urls.py first seen with mtime 1729964966.2053053
File C:\Users\Meira\AppData\Local\Programs\Python\Python312\Lib\asyncio\protocols.py first seen with mtime 1712663418.0
File C:\Users\Meira\PycharmProjects\Online store\.venv\Lib\site-packages\django\core\checks\security\base.py first seen with mtime 1725785713.5052233
File C:\Users\Meira\PycharmProjects\Online store\.venv\Lib\site-packages\django\core\paginator.py first seen with mtime 1725785713.4602232
File C:\Users\Meira\PycharmProjects\Online store\.venv\Lib\site-packages\django\db\migrations\__init__.py first seen with mtime 1725785713.6452227
File C:\Users\Meira\PycharmProjects\Online store\.venv\Lib\site-packages\django\core\checks\translation.py first seen with mtime 1725785713.4862237
File C:\Users\Meira\AppData\Local\Programs\Python\Python312\Lib\re\_casefix.py first seen with mtime 1712663418.0
File C:\Users\Meira\AppData\Local\Programs\Python\Python312\Lib\email\charset.py first seen with mtime 1712663418.0
File C:\Users\Meira\PycharmProjects\Online store\.venv\Lib\site-packages\django\core\checks\security\csrf.py first seen with mtime 1725785713.5062232
File C:\Users\Meira\AppData\Local\Programs\Python\Python312\Lib\email\mime\nonmultipart.py first seen with mtime 1712663418.0
File C:\Users\Meira\AppData\Local\Programs\Python\Python312\Lib\opcode.py first seen with mtime 1712663418.0
File C:\Users\Meira\PycharmProjects\Online store\.venv\Lib\site-packages\django\db\backends\signals.py first seen with mtime 1725785713.605223
File C:\Users\Meira\AppData\Local\Programs\Python\Python312\Lib\json\__init__.py first seen with mtime 1712663418.0
File C:\Users\Meira\PycharmProjects\Online store\.venv\Lib\site-packages\django\contrib\sessions\models.py first seen with mtime 1725785713.0252233
File C:\Users\Meira\PycharmProjects\Online store\.venv\Lib\site-packages\django\utils\version.py first seen with mtime 1725785713.903223
File C:\Users\Meira\PycharmProjects\Online store\.venv\Lib\site-packages\django\utils\http.py first seen with mtime 1725785713.8912232
File C:\Users\Meira\PycharmProjects\Online store\.venv\Lib\site-packages\django\core\files\storage\memory.py first seen with mtime 1725785713.5542233
File C:\Users\Meira\PycharmProjects\Online store\.venv\Lib\site-packages\django\db\backends\base\creation.py first seen with mtime 1725785713.6092231
File C:\Users\Meira\PycharmProjects\Online store\.venv\Lib\site-packages\django\contrib\staticfiles\handlers.py first seen with mtime 1725785713.4482229
File C:\Users\Meira\PycharmProjects\Online store\.venv\Lib\site-packages\django\utils\choices.py first seen with mtime 1725785713.880223
File C:\Users\Meira\PycharmProjects\Online store\.venv\Lib\site-packages\django\utils\timesince.py first seen with mtime 1725785713.9012234
File C:\Users\Meira\PycharmProjects\Online store\.venv\Lib\site-packages\django\core\files\storage\handler.py first seen with mtime 1725785713.553222
File C:\Users\Meira\AppData\Local\Programs\Python\Python312\Lib\calendar.py first seen with mtime 1712663418.0
File C:\Users\Meira\PycharmProjects\Online store\.venv\Lib\site-packages\django\contrib\messages\constants.py first seen with mtime 1725785712.552223
File C:\Users\Meira\PycharmProjects\Online store\.venv\Lib\site-packages\django\core\files\storage\base.py first seen with mtime 1725785713.5522225
File C:\Users\Meira\PycharmProjects\Online store\.venv\Lib\site-packages\django\middleware\csrf.py first seen with mtime 1725785713.8352222
File C:\Users\Meira\PycharmProjects\Online store\.venv\Lib\site-packages\sqlparse\__init__.py first seen with mtime 1725785709.051322
File C:\Users\Meira\PycharmProjects\Online store\users\admin.py first seen with mtime 1729629899.073566
File C:\Users\Meira\PycharmProjects\Online store\.venv\Lib\site-packages\django\template\base.py first seen with mtime 1725785713.8412242
File C:\Users\Meira\AppData\Local\Programs\Python\Python312\Lib\logging\__init__.py first seen with mtime 1712663418.0
File C:\Users\Meira\AppData\Local\Programs\Python\Python312\Lib\keyword.py first seen with mtime 1712663418.0
File C:\Users\Meira\AppData\Local\Programs\Python\Python312\Lib\asyncio\base_tasks.py first seen with mtime 1712663418.0
File C:\Users\Meira\PycharmProjects\Online store\.venv\Lib\site-packages\django\contrib\admin\views\__init__.py first seen with mtime 1725785711.1482222
File C:\Users\Meira\PycharmProjects\Online store\catalog\views.py first seen with mtime 1729987860.3287897
File C:\Users\Meira\PycharmProjects\Online store\.venv\Lib\site-packages\django\db\backends\postgresql\features.py first seen with mtime 1725785713.6352227
File C:\Users\Meira\PycharmProjects\Online store\.venv\Lib\site-packages\django\core\files\images.py first seen with mtime 1725785713.5232234
File C:\Users\Meira\PycharmProjects\Online store\.venv\Lib\site-packages\django\db\backends\base\__init__.py first seen with mtime 1725785713.607223
File C:\Users\Meira\AppData\Local\Programs\Python\Python312\Lib\asyncio\timeouts.py first seen with mtime 1712663418.0
File C:\Users\Meira\AppData\Local\Programs\Python\Python312\DLLs\_wmi.pyd first seen with mtime 1712663462.0
File C:\Users\Meira\PycharmProjects\Online store\.venv\Lib\site-packages\django\core\checks\messages.py first seen with mtime 1725785713.4752233
File C:\Users\Meira\PycharmProjects\Online store\.venv\Lib\site-packages\django\db\migrations\operations\__init__.py first seen with mtime 1725785713.6552227
File C:\Users\Meira\PycharmProjects\Online store\.venv\Lib\site-packages\asgiref\__init__.py first seen with mtime 1725785708.9598897
File C:\Users\Meira\AppData\Local\Programs\Python\Python312\Lib\operator.py first seen with mtime 1712663418.0
File C:\Users\Meira\PycharmProjects\Online store\.venv\Lib\site-packages\django\template\loaders\__init__.py first seen with mtime 1725785713.855223
File C:\Users\Meira\PycharmProjects\Online store\.venv\Lib\site-packages\django\db\models\__init__.py first seen with mtime 1725785713.6592228
File C:\Users\Meira\AppData\Local\Programs\Python\Python312\Lib\email\utils.py first seen with mtime 1712663418.0
File C:\Users\Meira\AppData\Local\Programs\Python\Python312\Lib\email\errors.py first seen with mtime 1712663418.0
File C:\Users\Meira\PycharmProjects\Online store\users\apps.py first seen with mtime 1729629899.074566
File C:\Users\Meira\PycharmProjects\Online store\.venv\Lib\site-packages\django\contrib\messages\__init__.py first seen with mtime 1725785712.550223
File C:\Users\Meira\PycharmProjects\Online store\.venv\Lib\site-packages\colorama\ansitowin32.py first seen with mtime 1726398784.029024
File C:\Users\Meira\PycharmProjects\Online store\.venv\Lib\site-packages\django\db\migrations\operations\models.py first seen with mtime 1725785713.6572232
File C:\Users\Meira\PycharmProjects\Online store\.venv\Lib\site-packages\django\db\backends\postgresql\introspection.py first seen with mtime 1725785713.6352227
File C:\Users\Meira\PycharmProjects\Online store\.venv\Lib\site-packages\sqlparse\utils.py first seen with mtime 1725785709.0583217
File C:\Users\Meira\PycharmProjects\Online store\.venv\Lib\site-packages\django\views\decorators\csrf.py first seen with mtime 1725785713.9182224
File C:\Users\Meira\AppData\Local\Programs\Python\Python312\DLLs\_bz2.pyd first seen with mtime 1712663462.0
File C:\Users\Meira\PycharmProjects\Online store\.venv\Lib\site-packages\django\contrib\admin\apps.py first seen with mtime 1725785710.649223
File C:\Users\Meira\PycharmProjects\Online store\.venv\Lib\site-packages\django\db\backends\base\introspection.py first seen with mtime 1725785713.611222
File C:\Users\Meira\AppData\Local\Programs\Python\Python312\Lib\getpass.py first seen with mtime 1712663418.0
File C:\Users\Meira\PycharmProjects\Online store\.venv\Lib\site-packages\django\urls\resolvers.py first seen with mtime 1725785713.8742232
File C:\Users\Meira\AppData\Local\Programs\Python\Python312\Lib\uuid.py first seen with mtime 1712663418.0
File C:\Users\Meira\AppData\Local\Programs\Python\Python312\Lib\wsgiref\simple_server.py first seen with mtime 1712663418.0
File C:\Users\Meira\AppData\Local\Programs\Python\Python312\Lib\json\encoder.py first seen with mtime 1712663418.0
File C:\Users\Meira\AppData\Local\Programs\Python\Python312\Lib\platform.py first seen with mtime 1712663418.0
File C:\Users\Meira\PycharmProjects\Online store\.venv\Lib\site-packages\django\http\__init__.py first seen with mtime 1725785713.828223
File C:\Users\Meira\PycharmProjects\Online store\.venv\Lib\site-packages\colorama\ansi.py first seen with mtime 1726398784.0270252
File C:\Users\Meira\PycharmProjects\Online store\.venv\Lib\site-packages\colorama\win32.py first seen with mtime 1726398784.0310235
File C:\Users\Meira\PycharmProjects\Online store\.venv\Lib\site-packages\django\db\models\utils.py first seen with mtime 1725785713.6932228
File C:\Users\Meira\PycharmProjects\Online store\.venv\Lib\site-packages\django\templatetags\i18n.py first seen with mtime 1725785713.861223
File C:\Users\Meira\PycharmProjects\Online store\.venv\Lib\site-packages\django\db\backends\__init__.py first seen with mtime 1725785713.604223
File C:\Users\Meira\PycharmProjects\Online store\.venv\Lib\site-packages\django\contrib\contenttypes\__init__.py first seen with mtime 1725785711.6542246
File C:\Users\Meira\AppData\Local\Programs\Python\Python312\Lib\asyncio\trsock.py first seen with mtime 1712663418.0
File C:\Users\Meira\PycharmProjects\Online store\.venv\Lib\site-packages\django\contrib\auth\hashers.py first seen with mtime 1725785711.4232228
File C:\Users\Meira\PycharmProjects\Online store\.venv\Lib\site-packages\django\contrib\admin\decorators.py first seen with mtime 1725785710.650223
File C:\Users\Meira\AppData\Local\Programs\Python\Python312\Lib\html\__init__.py first seen with mtime 1712663418.0
File C:\Users\Meira\PycharmProjects\Online store\.venv\Lib\site-packages\sqlparse\engine\__init__.py first seen with mtime 1725785709.059322
File C:\Users\Meira\AppData\Local\Programs\Python\Python312\Lib\email\feedparser.py first seen with mtime 1712663418.0
File C:\Users\Meira\PycharmProjects\Online store\.venv\Lib\site-packages\django\db\models\sql\__init__.py first seen with mtime 1725785713.7472231
File C:\Users\Meira\PycharmProjects\Online store\.venv\Lib\site-packages\django\views\decorators\debug.py first seen with mtime 1725785713.9182224
File C:\Users\Meira\AppData\Local\Programs\Python\Python312\Lib\fnmatch.py first seen with mtime 1712663418.0
File C:\Users\Meira\AppData\Local\Programs\Python\Python312\Lib\contextlib.py first seen with mtime 1712663418.0
File C:\Users\Meira\PycharmProjects\Online store\.venv\Lib\site-packages\django\db\backends\postgresql\base.py first seen with mtime 1725785713.6332223
File C:\Users\Meira\AppData\Local\Programs\Python\Python312\Lib\pickle.py first seen with mtime 1712663418.0
File C:\Users\Meira\PycharmProjects\Online store\.venv\Lib\site-packages\django\contrib\staticfiles\checks.py first seen with mtime 1725785713.447223
File C:\Users\Meira\PycharmProjects\Online store\.venv\Lib\site-packages\django\contrib\admin\templatetags\__init__.py first seen with mtime 1725785711.1442227
File C:\Users\Meira\PycharmProjects\Online store\.venv\Lib\site-packages\dotenv\variables.py first seen with mtime 1726350682.2761097
File C:\Users\Meira\PycharmProjects\Online store\.venv\Lib\site-packages\django\db\models\constants.py first seen with mtime 1725785713.661223
File C:\Users\Meira\PycharmProjects\Online store\blog\admin.py first seen with mtime 1727634267.9603057
File C:\Users\Meira\AppData\Local\Programs\Python\Python312\Lib\collections\__init__.py first seen with mtime 1712663418.0
File C:\Users\Meira\AppData\Local\Programs\Python\Python312\Lib\random.py first seen with mtime 1712663418.0
File C:\Users\Meira\PycharmProjects\Online store\.venv\Lib\site-packages\django\db\models\lookups.py first seen with mtime 1725785713.6662223
File C:\Users\Meira\PycharmProjects\Online store\.venv\Lib\site-packages\django\utils\safestring.py first seen with mtime 1725785713.8992226
File C:\Users\Meira\PycharmProjects\Online store\.venv\Lib\site-packages\django\apps\config.py first seen with mtime 1725785710.293223
File C:\Users\Meira\PycharmProjects\Online store\.venv\Lib\site-packages\django\core\checks\database.py first seen with mtime 1725785713.4742231
File C:\Users\Meira\PycharmProjects\Online store\.venv\Lib\site-packages\sqlparse\sql.py first seen with mtime 1725785709.0563226
File C:\Users\Meira\AppData\Local\Programs\Python\Python312\DLLs\_zoneinfo.pyd first seen with mtime 1712663462.0
File C:\Users\Meira\PycharmProjects\Online store\.venv\Lib\site-packages\django\contrib\auth\models.py first seen with mtime 1725785711.4252229
File C:\Users\Meira\AppData\Local\Programs\Python\Python312\Lib\re\_compiler.py first seen with mtime 1712663418.0
File C:\Users\Meira\PycharmProjects\Online store\.venv\Lib\site-packages\sqlparse\filters\tokens.py first seen with mtime 1725785709.066322
File C:\Users\Meira\PycharmProjects\Online store\.venv\Lib\site-packages\django\core\files\storage\__init__.py first seen with mtime 1725785713.5512233
File C:\Users\Meira\PycharmProjects\Online store\.venv\Lib\site-packages\django\core\files\utils.py first seen with mtime 1725785713.5502234
File C:\Users\Meira\AppData\Local\Programs\Python\Python312\Lib\asyncio\base_futures.py first seen with mtime 1712663418.0
File C:\Users\Meira\PycharmProjects\Online store\.venv\Lib\site-packages\django\utils\inspect.py first seen with mtime 1725785713.8922222
File C:\Users\Meira\PycharmProjects\Online store\.venv\Lib\site-packages\django\core\checks\compatibility\__init__.py first seen with mtime 1725785713.495222
File C:\Users\Meira\PycharmProjects\Online store\.venv\Lib\site-packages\django\contrib\auth\__init__.py first seen with mtime 1725785711.4162228
File C:\Users\Meira\PycharmProjects\Online store\.venv\Lib\site-packages\django\utils\translation\trans_real.py first seen with mtime 1725785713.9092228
File C:\Users\Meira\PycharmProjects\Online store\.venv\Lib\site-packages\django\utils\connection.py first seen with mtime 1725785713.8812232
File C:\Users\Meira\PycharmProjects\Online store\.venv\Lib\site-packages\django\template\smartif.py first seen with mtime 1725785713.8492227
File C:\Users\Meira\PycharmProjects\Online store\.venv\Lib\site-packages\django\core\checks\compatibility\django_4_0.py first seen with mtime 1725785713.495222
File C:\Users\Meira\AppData\Local\Programs\Python\Python312\Lib\asyncio\threads.py first seen with mtime 1712663418.0
File C:\Users\Meira\AppData\Local\Programs\Python\Python312\Lib\email\policy.py first seen with mtime 1712663418.0
File C:\Users\Meira\AppData\Local\Programs\Python\Python312\Lib\functools.py first seen with mtime 1712663418.0
File C:\Users\Meira\AppData\Local\Programs\Python\Python312\Lib\zoneinfo\_common.py first seen with mtime 1712663418.0
File C:\Users\Meira\PycharmProjects\Online store\.venv\Lib\site-packages\django\core\cache\backends\filebased.py first seen with mtime 1725785713.4692245
File C:\Users\Meira\AppData\Local\Programs\Python\Python312\Lib\asyncio\streams.py first seen with mtime 1712663418.0
File C:\Users\Meira\AppData\Local\Programs\Python\Python312\Lib\asyncio\subprocess.py first seen with mtime 1712663418.0
File C:\Users\Meira\PycharmProjects\Online store\.venv\Lib\site-packages\django\core\checks\model_checks.py first seen with mtime 1725785713.476223
File C:\Users\Meira\AppData\Local\Programs\Python\Python312\Lib\dataclasses.py first seen with mtime 1712663418.0
File C:\Users\Meira\PycharmProjects\Online store\.venv\Lib\site-packages\django\views\decorators\__init__.py first seen with mtime 1725785713.915223
File C:\Users\Meira\PycharmProjects\Online store\.venv\Lib\site-packages\psycopg2\_psycopg.cp312-win_amd64.pyd first seen with mtime 1726349773.6695998
File C:\Users\Meira\PycharmProjects\Online store\catalog\forms.py first seen with mtime 1729964966.1823053
File C:\Users\Meira\PycharmProjects\Online store\.venv\Lib\site-packages\django\core\checks\caches.py first seen with mtime 1725785713.4732223
File C:\Users\Meira\PycharmProjects\Online store\.venv\Lib\site-packages\django\db\models\query.py first seen with mtime 1725785713.6772232
File C:\Users\Meira\PycharmProjects\Online store\.venv\Lib\site-packages\django\db\models\fields\__init__.py first seen with mtime 1725785713.6952217
File C:\Users\Meira\PycharmProjects\Online store\.venv\Lib\site-packages\django\templatetags\__init__.py first seen with mtime 1725785713.8592227
File C:\Users\Meira\AppData\Local\Programs\Python\Python312\Lib\_compat_pickle.py first seen with mtime 1712663418.0
File C:\Users\Meira\PycharmProjects\Online store\.venv\Lib\site-packages\django\contrib\admin\templatetags\admin_modify.py first seen with mtime 1725785711.1452227
File C:\Users\Meira\AppData\Local\Programs\Python\Python312\Lib\asyncio\taskgroups.py first seen with mtime 1712663418.0
File C:\Users\Meira\PycharmProjects\Online store\.venv\Lib\site-packages\django\db\migrations\operations\fields.py first seen with mtime 1725785713.6572232
File C:\Users\Meira\PycharmProjects\Online store\.venv\Lib\site-packages\django\core\servers\basehttp.py first seen with mtime 1725785713.6002228
File C:\Users\Meira\AppData\Local\Programs\Python\Python312\Lib\wsgiref\headers.py first seen with mtime 1712663418.0
File C:\Users\Meira\PycharmProjects\Online store\.venv\Lib\site-packages\colorama\__init__.py first seen with mtime 1726398784.0260234
File C:\Users\Meira\PycharmProjects\Online store\.venv\Lib\site-packages\django\contrib\staticfiles\views.py first seen with mtime 1725785713.4522233
File C:\Users\Meira\PycharmProjects\Online store\.venv\Lib\site-packages\django\db\models\expressions.py first seen with mtime 1725785713.665224
File C:\Users\Meira\AppData\Local\Programs\Python\Python312\Lib\_weakrefset.py first seen with mtime 1712663418.0
File C:\Users\Meira\PycharmProjects\Online store\.venv\Lib\site-packages\dotenv\main.py first seen with mtime 1726350682.2741098
File C:\Users\Meira\PycharmProjects\Online store\.venv\Lib\site-packages\django\db\backends\base\operations.py first seen with mtime 1725785713.612222
File C:\Users\Meira\PycharmProjects\Online store\.venv\Lib\site-packages\django\contrib\contenttypes\views.py first seen with mtime 1725785711.660223
File C:\Users\Meira\AppData\Local\Programs\Python\Python312\Lib\contextvars.py first seen with mtime 1712663418.0
File C:\Users\Meira\AppData\Local\Programs\Python\Python312\Lib\linecache.py first seen with mtime 1712663418.0
File C:\Users\Meira\PycharmProjects\Online store\.venv\Lib\site-packages\django\utils\crypto.py first seen with mtime 1725785713.8812232
File C:\Users\Meira\PycharmProjects\Online store\users\forms.py first seen with mtime 1729964966.2003052
File C:\Users\Meira\PycharmProjects\Online store\.venv\Lib\site-packages\django\core\files\uploadhandler.py first seen with mtime 1725785713.549224
File C:\Users\Meira\AppData\Local\Programs\Python\Python312\Lib\http\cookies.py first seen with mtime 1712663418.0
File C:\Users\Meira\PycharmProjects\Online store\.venv\Lib\site-packages\django\contrib\contenttypes\management\__init__.py first seen with mtime 1725785711.8532233
File C:\Users\Meira\AppData\Local\Programs\Python\Python312\Lib\asyncio\format_helpers.py first seen with mtime 1712663418.0
File C:\Users\Meira\PycharmProjects\Online store\.venv\Lib\site-packages\django\contrib\admin\actions.py first seen with mtime 1725785710.648223
File C:\Users\Meira\PycharmProjects\Online store\.venv\Lib\site-packages\django\conf\urls\static.py first seen with mtime 1725785710.646223
File C:\Users\Meira\AppData\Local\Programs\Python\Python312\Lib\asyncio\windows_utils.py first seen with mtime 1712663418.0
File C:\Users\Meira\PycharmProjects\Online store\.venv\Lib\site-packages\django\core\handlers\__init__.py first seen with mtime 1725785713.5562232
File C:\Users\Meira\AppData\Local\Programs\Python\Python312\DLLs\_socket.pyd first seen with mtime 1712663462.0
File C:\Users\Meira\PycharmProjects\Online store\.venv\Lib\site-packages\django\contrib\auth\forms.py first seen with mtime 1725785711.4232228
File C:\Users\Meira\PycharmProjects\Online store\.venv\Lib\site-packages\django\contrib\sessions\__init__.py first seen with mtime 1725785713.022223
File C:\Users\Meira\PycharmProjects\Online store\.venv\Lib\site-packages\django\db\models\base.py first seen with mtime 1725785713.661223
File C:\Users\Meira\PycharmProjects\Online store\.venv\Lib\site-packages\django\templatetags\tz.py first seen with mtime 1725785713.863223
File C:\Users\Meira\PycharmProjects\Online store\.venv\Lib\site-packages\django\contrib\staticfiles\utils.py first seen with mtime 1725785713.4512231
File C:\Users\Meira\PycharmProjects\Online store\.venv\Lib\site-packages\django\db\backends\postgresql\psycopg_any.py first seen with mtime 1725785713.6372228
File C:\Users\Meira\AppData\Local\Programs\Python\Python312\Lib\heapq.py first seen with mtime 1712663418.0
File C:\Users\Meira\PycharmProjects\Online store\.venv\Lib\site-packages\django\core\validators.py first seen with mtime 1725785713.4622233
File C:\Users\Meira\AppData\Local\Programs\Python\Python312\Lib\reprlib.py first seen with mtime 1712663418.0
File C:\Users\Meira\PycharmProjects\Online store\.venv\Lib\site-packages\django\contrib\contenttypes\admin.py first seen with mtime 1725785711.655223
File C:\Users\Meira\PycharmProjects\Online store\.venv\Lib\site-packages\django\template\__init__.py first seen with mtime 1725785713.839223
File C:\Users\Meira\PycharmProjects\Online store\blog\views.py first seen with mtime 1729964966.1783054
File C:\Users\Meira\AppData\Local\Programs\Python\Python312\Lib\secrets.py first seen with mtime 1712663418.0
File C:\Users\Meira\AppData\Local\Programs\Python\Python312\Lib\email\mime\multipart.py first seen with mtime 1712663418.0
File C:\Users\Meira\AppData\Local\Programs\Python\Python312\Lib\logging\handlers.py first seen with mtime 1712663418.0
File C:\Users\Meira\PycharmProjects\Online store\.venv\Lib\site-packages\django\contrib\contenttypes\apps.py first seen with mtime 1725785711.656223
File C:\Users\Meira\PycharmProjects\Online store\.venv\Lib\site-packages\django\contrib\admin\templatetags\log.py first seen with mtime 1725785711.1472232
File C:\Users\Meira\PycharmProjects\Online store\.venv\Lib\site-packages\django\contrib\admin\views\autocomplete.py first seen with mtime 1725785711.149223
File C:\Users\Meira\PycharmProjects\Online store\catalog\__init__.py first seen with mtime 1726395388.8914623
File C:\Users\Meira\AppData\Local\Programs\Python\Python312\Lib\wsgiref\handlers.py first seen with mtime 1712663418.0
File C:\Users\Meira\AppData\Local\Programs\Python\Python312\Lib\html\entities.py first seen with mtime 1712663418.0
File C:\Users\Meira\PycharmProjects\Online store\.venv\Lib\site-packages\django\contrib\admin\options.py first seen with mtime 1725785710.655223
File C:\Users\Meira\PycharmProjects\Online store\.venv\Lib\site-packages\django\db\models\constraints.py first seen with mtime 1725785713.6622229
File C:\Users\Meira\AppData\Local\Programs\Python\Python312\Lib\email\_encoded_words.py first seen with mtime 1712663418.0
File C:\Users\Meira\PycharmProjects\Online store\.venv\Lib\site-packages\django\http\response.py first seen with mtime 1725785713.8312228
File C:\Users\Meira\PycharmProjects\Online store\.venv\Lib\site-packages\django\contrib\sessions\apps.py first seen with mtime 1725785713.0232232
File C:\Users\Meira\PycharmProjects\Online store\.venv\Lib\site-packages\django\core\serializers\base.py first seen with mtime 1725785713.5942223
File C:\Users\Meira\AppData\Local\Programs\Python\Python312\Lib\encodings\aliases.py first seen with mtime 1712663418.0
File C:\Users\Meira\AppData\Local\Programs\Python\Python312\Lib\email\mime\text.py first seen with mtime 1712663418.0
File C:\Users\Meira\PycharmProjects\Online store\blog\models.py first seen with mtime 1729964966.1723053
File C:\Users\Meira\PycharmProjects\Online store\.venv\Lib\site-packages\django\template\loader_tags.py first seen with mtime 1725785713.8482223
File C:\Users\Meira\PycharmProjects\Online store\.venv\Lib\site-packages\sqlparse\formatter.py first seen with mtime 1725785709.054322
File C:\Users\Meira\PycharmProjects\Online store\.venv\Lib\site-packages\django\views\decorators\common.py first seen with mtime 1725785713.9172232
File C:\Users\Meira\AppData\Local\Programs\Python\Python312\Lib\email\header.py first seen with mtime 1712663418.0
File C:\Users\Meira\AppData\Local\Programs\Python\Python312\Lib\decimal.py first seen with mtime 1712663418.0
File C:\Users\Meira\PycharmProjects\Online store\.venv\Lib\site-packages\django\db\models\functions\mixins.py first seen with mtime 1725785713.7442222
File C:\Users\Meira\PycharmProjects\Online store\.venv\Lib\site-packages\django\utils\functional.py first seen with mtime 1725785713.8892221
File C:\Users\Meira\PycharmProjects\Online store\.venv\Lib\site-packages\django\contrib\auth\password_validation.py first seen with mtime 1725785711.4262226
File C:\Users\Meira\AppData\Local\Programs\Python\Python312\Lib\asyncio\windows_events.py first seen with mtime 1712663418.0
File C:\Users\Meira\AppData\Local\Programs\Python\Python312\Lib\ctypes\_endian.py first seen with mtime 1712663418.0
File C:\Users\Meira\PycharmProjects\Online store\.venv\Lib\site-packages\django\utils\html.py first seen with mtime 1725785713.8912232
File C:\Users\Meira\PycharmProjects\Online store\.venv\Lib\site-packages\django\utils\lorem_ipsum.py first seen with mtime 1725785713.8952231
File C:\Users\Meira\PycharmProjects\Online store\.venv\Lib\site-packages\django\utils\translation\reloader.py first seen with mtime 1725785713.9072225
File C:\Users\Meira\PycharmProjects\Online store\.venv\Lib\site-packages\django\db\models\fields\files.py first seen with mtime 1725785713.703223
File C:\Users\Meira\PycharmProjects\Online store\blog\__init__.py first seen with mtime 1727634267.958314
File C:\Users\Meira\PycharmProjects\Online store\.venv\Lib\site-packages\PIL\_imaging.cp312-win_amd64.pyd first seen with mtime 1726377627.8240843
File C:\Users\Meira\AppData\Local\Programs\Python\Python312\DLLs\_overlapped.pyd first seen with mtime 1712663462.0
File C:\Users\Meira\AppData\Local\Programs\Python\Python312\Lib\__future__.py first seen with mtime 1712663418.0
File C:\Users\Meira\AppData\Local\Programs\Python\Python312\Lib\numbers.py first seen with mtime 1712663418.0
File C:\Users\Meira\PycharmProjects\Online store\.venv\Lib\site-packages\django\utils\tree.py first seen with mtime 1725785713.902223
File C:\Users\Meira\AppData\Local\Programs\Python\Python312\Lib\re\__init__.py first seen with mtime 1712663418.0
File C:\Users\Meira\PycharmProjects\Online store\.venv\Lib\site-packages\django\urls\base.py first seen with mtime 1725785713.871223
File C:\Users\Meira\AppData\Local\Programs\Python\Python312\Lib\socketserver.py first seen with mtime 1712663418.0
File C:\Users\Meira\PycharmProjects\Online store\.venv\Lib\site-packages\django\contrib\sessions\base_session.py first seen with mtime 1725785713.0232232
File C:\Users\Meira\PycharmProjects\Online store\.venv\Lib\site-packages\django\templatetags\cache.py first seen with mtime 1725785713.860223
File C:\Users\Meira\AppData\Local\Programs\Python\Python312\DLLs\_lzma.pyd first seen with mtime 1712663462.0
File C:\Users\Meira\AppData\Local\Programs\Python\Python312\Lib\email\mime\__init__.py first seen with mtime 1712663418.0
File C:\Users\Meira\AppData\Local\Programs\Python\Python312\Lib\subprocess.py first seen with mtime 1712663418.0
File C:\Users\Meira\AppData\Local\Programs\Python\Python312\Lib\concurrent\__init__.py first seen with mtime 1712663418.0
File C:\Users\Meira\PycharmProjects\Online store\.venv\Lib\site-packages\django\db\backends\postgresql\__init__.py first seen with mtime 1725785713.6322227
File C:\Users\Meira\AppData\Local\Programs\Python\Python312\Lib\importlib\_abc.py first seen with mtime 1712663418.0
File C:\Users\Meira\PycharmProjects\Online store\.venv\Lib\site-packages\django\core\handlers\base.py first seen with mtime 1725785713.5572233
File C:\Users\Meira\PycharmProjects\Online store\.venv\Lib\site-packages\django\db\models\deletion.py first seen with mtime 1725785713.663223
File C:\Users\Meira\AppData\Local\Programs\Python\Python312\Lib\hashlib.py first seen with mtime 1712663418.0
File C:\Users\Meira\PycharmProjects\Online store\.venv\Lib\site-packages\django\core\cache\utils.py first seen with mtime 1725785713.4652276
File C:\Users\Meira\PycharmProjects\Online store\.venv\Lib\site-packages\django\urls\utils.py first seen with mtime 1725785713.875223
File C:\Users\Meira\PycharmProjects\Online store\.venv\Lib\site-packages\django\db\backends\base\features.py first seen with mtime 1725785713.6102233
File C:\Users\Meira\AppData\Local\Programs\Python\Python312\Lib\concurrent\futures\thread.py first seen with mtime 1712663418.0
File C:\Users\Meira\PycharmProjects\Online store\.venv\Lib\site-packages\PIL\ImageMode.py first seen with mtime 1726377627.6832519
File C:\Users\Meira\PycharmProjects\Online store\.venv\Lib\site-packages\django\views\i18n.py first seen with mtime 1725785713.913223
File C:\Users\Meira\AppData\Local\Programs\Python\Python312\Lib\asyncio\coroutines.py first seen with mtime 1712663418.0
File C:\Users\Meira\PycharmProjects\Online store\.venv\Lib\site-packages\django\core\mail\message.py first seen with mtime 1725785713.5602221
File C:\Users\Meira\PycharmProjects\Online store\.venv\Lib\site-packages\django\urls\conf.py first seen with mtime 1725785713.872223
File C:\Users\Meira\PycharmProjects\Online store\.venv\Lib\site-packages\django\contrib\admin\widgets.py first seen with mtime 1725785710.658223
File C:\Users\Meira\PycharmProjects\Online store\.venv\Lib\site-packages\django\core\files\move.py first seen with mtime 1725785713.532223
File C:\Users\Meira\AppData\Local\Programs\Python\Python312\Lib\pathlib.py first seen with mtime 1712663418.0
File C:\Users\Meira\PycharmProjects\Online store\.venv\Lib\site-packages\django\template\backends\django.py first seen with mtime 1725785713.8532226
File C:\Users\Meira\AppData\Local\Programs\Python\Python312\Lib\asyncio\constants.py first seen with mtime 1712663418.0
File C:\Users\Meira\AppData\Local\Programs\Python\Python312\Lib\wsgiref\util.py first seen with mtime 1712663418.0
File C:\Users\Meira\AppData\Local\Programs\Python\Python312\Lib\email\generator.py first seen with mtime 1712663418.0
File C:\Users\Meira\AppData\Local\Programs\Python\Python312\Lib\copyreg.py first seen with mtime 1712663418.0
File C:\Users\Meira\PycharmProjects\Online store\.venv\Lib\site-packages\django\contrib\sites\requests.py first seen with mtime 1725785713.238223
File C:\Users\Meira\PycharmProjects\Online store\.venv\Lib\site-packages\PIL\_version.py first seen with mtime 1726377627.937062
File C:\Users\Meira\AppData\Local\Programs\Python\Python312\Lib\concurrent\futures\_base.py first seen with mtime 1712663418.0
File C:\Users\Meira\PycharmProjects\Online store\.venv\Lib\site-packages\django\contrib\contenttypes\forms.py first seen with mtime 1725785711.6582232
File C:\Users\Meira\AppData\Local\Programs\Python\Python312\Lib\ssl.py first seen with mtime 1712663418.0
File C:\Users\Meira\PycharmProjects\Online store\.venv\Lib\site-packages\sqlparse\lexer.py first seen with mtime 1725785709.055322
File C:\Users\Meira\PycharmProjects\Online store\.venv\Lib\site-packages\django\conf\locale\__init__.py first seen with mtime 1725785710.301223
File C:\Users\Meira\PycharmProjects\Online store\.venv\Lib\site-packages\django\contrib\auth\management\__init__.py first seen with mtime 1725785711.6392221
File C:\Users\Meira\AppData\Local\Programs\Python\Python312\Lib\html\parser.py first seen with mtime 1712663418.0
File C:\Users\Meira\PycharmProjects\Online store\.venv\Lib\site-packages\django\shortcuts.py first seen with mtime 1725785710.2912238
File C:\Users\Meira\PycharmProjects\Online store\.venv\Lib\site-packages\django\db\models\sql\constants.py first seen with mtime 1725785713.748223
File C:\Users\Meira\AppData\Local\Programs\Python\Python312\Lib\struct.py first seen with mtime 1712663418.0
File C:\Users\Meira\PycharmProjects\Online store\.venv\Lib\site-packages\sqlparse\filters\aligned_indent.py first seen with mtime 1725785709.0623221
File C:\Users\Meira\PycharmProjects\Online store\.venv\Lib\site-packages\django\core\signals.py first seen with mtime 1725785713.461223
File C:\Users\Meira\PycharmProjects\Online store\.venv\Lib\site-packages\django\db\models\fields\generated.py first seen with mtime 1725785713.7042222
File C:\Users\Meira\PycharmProjects\Online store\.venv\Lib\site-packages\django\utils\ipv6.py first seen with mtime 1725785713.8932233
File C:\Users\Meira\PycharmProjects\Online store\.venv\Lib\site-packages\sqlparse\engine\statement_splitter.py first seen with mtime 1725785709.0613217
File C:\Users\Meira\PycharmProjects\Online store\.venv\Lib\site-packages\django\db\utils.py first seen with mtime 1725785713.603223
File C:\Users\Meira\PycharmProjects\Online store\.venv\Lib\site-packages\django\core\checks\async_checks.py first seen with mtime 1725785713.472223
File C:\Users\Meira\AppData\Local\Programs\Python\Python312\Lib\email\encoders.py first seen with mtime 1712663418.0
File C:\Users\Meira\PycharmProjects\Online store\.venv\Lib\site-packages\django\core\checks\templates.py first seen with mtime 1725785713.4862237
File C:\Users\Meira\AppData\Local\Programs\Python\Python312\Lib\ctypes\wintypes.py first seen with mtime 1712663418.0
File C:\Users\Meira\PycharmProjects\Online store\.venv\Lib\site-packages\django\core\serializers\__init__.py first seen with mtime 1725785713.5932233
File C:\Users\Meira\PycharmProjects\Online store\.venv\Lib\site-packages\django\utils\datastructures.py first seen with mtime 1725785713.8822227
File C:\Users\Meira\PycharmProjects\Online store\.venv\Lib\site-packages\django\utils\deprecation.py first seen with mtime 1725785713.886223
File C:\Users\Meira\PycharmProjects\Online store\.venv\Lib\site-packages\django\template\response.py first seen with mtime 1725785713.8482223
File C:\Users\Meira\PycharmProjects\Online store\.venv\Lib\site-packages\PIL\_deprecate.py first seen with mtime 1726377627.7920792
File C:\Users\Meira\AppData\Local\Programs\Python\Python312\Lib\json\scanner.py first seen with mtime 1712663418.0
File C:\Users\Meira\AppData\Local\Programs\Python\Python312\Lib\tokenize.py first seen with mtime 1712663418.0
File C:\Users\Meira\AppData\Local\Programs\Python\Python312\Lib\lzma.py first seen with mtime 1712663418.0
File C:\Users\Meira\PycharmProjects\Online store\.venv\Lib\site-packages\django\views\generic\detail.py first seen with mtime 1725785713.9242232
File C:\Users\Meira\PycharmProjects\Online store\.venv\Lib\site-packages\django\forms\__init__.py first seen with mtime 1725785713.755223
File C:\Users\Meira\PycharmProjects\Online store\catalog\services.py first seen with mtime 1729972713.250661
File C:\Users\Meira\PycharmProjects\Online store\.venv\Lib\site-packages\django\db\models\sql\query.py first seen with mtime 1725785713.7502227
File C:\Users\Meira\PycharmProjects\Online store\.venv\Lib\site-packages\django\contrib\staticfiles\management\commands\runserver.py first seen with mtime 1725785713.4562225
File C:\Users\Meira\PycharmProjects\Online store\.venv\Lib\site-packages\django\utils\asyncio.py first seen with mtime 1725785713.8782225
File C:\Users\Meira\AppData\Local\Programs\Python\Python312\Lib\encodings\__init__.py first seen with mtime 1712663418.0
File C:\Users\Meira\PycharmProjects\Online store\.venv\Lib\site-packages\psycopg2\__init__.py first seen with mtime 1726349773.654601
File C:\Users\Meira\AppData\Local\Programs\Python\Python312\Lib\email\base64mime.py first seen with mtime 1712663418.0
File C:\Users\Meira\PycharmProjects\Online store\.venv\Lib\site-packages\django\contrib\auth\tokens.py first seen with mtime 1725785711.4272232
File C:\Users\Meira\PycharmProjects\Online store\.venv\Lib\site-packages\django\urls\__init__.py first seen with mtime 1725785713.871223
File C:\Users\Meira\AppData\Local\Programs\Python\Python312\Lib\email\headerregistry.py first seen with mtime 1712663418.0
File C:\Users\Meira\PycharmProjects\Online store\.venv\Lib\site-packages\django\db\models\functions\comparison.py first seen with mtime 1725785713.742223
File C:\Users\Meira\AppData\Local\Programs\Python\Python312\Lib\email\mime\base.py first seen with mtime 1712663418.0
File C:\Users\Meira\PycharmProjects\Online store\.venv\Lib\site-packages\django\core\files\locks.py first seen with mtime 1725785713.5302246
File C:\Users\Meira\AppData\Local\Programs\Python\Python312\Lib\bisect.py first seen with mtime 1712663418.0
File C:\Users\Meira\PycharmProjects\Online store\.venv\Lib\site-packages\django\db\models\fields\json.py first seen with mtime 1725785713.7122233
File C:\Users\Meira\AppData\Local\Programs\Python\Python312\Lib\copy.py first seen with mtime 1712663418.0
File C:\Users\Meira\PycharmProjects\Online store\.venv\Lib\site-packages\django\db\backends\base\schema.py first seen with mtime 1725785713.612222
File C:\Users\Meira\AppData\Local\Programs\Python\Python312\Lib\email\contentmanager.py first seen with mtime 1712663418.0
File C:\Users\Meira\AppData\Local\Programs\Python\Python312\Lib\pprint.py first seen with mtime 1712663418.0
File C:\Users\Meira\AppData\Local\Programs\Python\Python312\Lib\zoneinfo\__init__.py first seen with mtime 1712663418.0
File C:\Users\Meira\AppData\Local\Programs\Python\Python312\Lib\traceback.py first seen with mtime 1712663418.0
File C:\Users\Meira\AppData\Local\Programs\Python\Python312\Lib\email\_policybase.py first seen with mtime 1712663418.0
File C:\Users\Meira\PycharmProjects\Online store\.venv\Lib\site-packages\django\views\debug.py first seen with mtime 1725785713.912223
File C:\Users\Meira\PycharmProjects\Online store\.venv\Lib\site-packages\django\template\utils.py first seen with mtime 1725785713.8502233
File C:\Users\Meira\PycharmProjects\Online store\.venv\Lib\site-packages\django\contrib\admin\templatetags\admin_list.py first seen with mtime 1725785711.1452227
File C:\Users\Meira\PycharmProjects\Online store\.venv\Lib\site-packages\django\contrib\admin\templatetags\admin_urls.py first seen with mtime 1725785711.1462228
File C:\Users\Meira\PycharmProjects\Online store\.venv\Lib\site-packages\django\utils\dateparse.py first seen with mtime 1725785713.883223
File C:\Users\Meira\PycharmProjects\Online store\.venv\Lib\site-packages\django\core\files\uploadedfile.py first seen with mtime 1725785713.5412216
File C:\Users\Meira\PycharmProjects\Online store\.venv\Lib\site-packages\django\core\management\__init__.py first seen with mtime 1725785713.5682223
File C:\Users\Meira\AppData\Local\Programs\Python\Python312\Lib\nturl2path.py first seen with mtime 1712663418.0
File C:\Users\Meira\PycharmProjects\Online store\.venv\Lib\site-packages\PIL\ExifTags.py first seen with mtime 1726377627.637252
File C:\Users\Meira\PycharmProjects\Online store\.venv\Lib\site-packages\django\utils\autoreload.py first seen with mtime 1725785713.8782225
File C:\Users\Meira\PycharmProjects\Online store\.venv\Lib\site-packages\django\contrib\admin\__init__.py first seen with mtime 1725785710.648223
File C:\Users\Meira\AppData\Local\Programs\Python\Python312\Lib\shutil.py first seen with mtime 1712663418.0
File C:\Users\Meira\PycharmProjects\Online store\.venv\Lib\site-packages\django\template\defaulttags.py first seen with mtime 1725785713.844223
File C:\Users\Meira\PycharmProjects\Online store\.venv\Lib\site-packages\django\db\models\options.py first seen with mtime 1725785713.6762233
File C:\Users\Meira\PycharmProjects\Online store\.venv\Lib\site-packages\django\db\models\sql\datastructures.py first seen with mtime 1725785713.7492223
File C:\Users\Meira\AppData\Local\Programs\Python\Python312\Lib\asyncio\events.py first seen with mtime 1712663418.0
File C:\Users\Meira\AppData\Local\Programs\Python\Python312\DLLs\_ssl.pyd first seen with mtime 1712663462.0
File C:\Users\Meira\PycharmProjects\Online store\.venv\Lib\site-packages\psycopg2\sql.py first seen with mtime 1726349773.6756
File C:\Users\Meira\PycharmProjects\Online store\.venv\Lib\site-packages\django\utils\translation\__init__.py first seen with mtime 1725785713.906223
File C:\Users\Meira\AppData\Local\Programs\Python\Python312\Lib\inspect.py first seen with mtime 1712663418.0
File C:\Users\Meira\PycharmProjects\Online store\.venv\Lib\site-packages\colorama\winterm.py first seen with mtime 1726398784.0320232
File C:\Users\Meira\PycharmProjects\Online store\.venv\Lib\site-packages\django\db\backends\base\validation.py first seen with mtime 1725785713.613223
File C:\Users\Meira\PycharmProjects\Online store\.venv\Lib\site-packages\sqlparse\exceptions.py first seen with mtime 1725785709.0533216
File C:\Users\Meira\PycharmProjects\Online store\.venv\Lib\site-packages\django\core\files\__init__.py first seen with mtime 1725785713.5142236
File C:\Users\Meira\PycharmProjects\Online store\.venv\Lib\site-packages\django\db\models\sql\where.py first seen with mtime 1725785713.752223
File C:\Users\Meira\PycharmProjects\Online store\.venv\Lib\site-packages\django\template\loaders\base.py first seen with mtime 1725785713.8562229
File C:\Users\Meira\PycharmProjects\Online store\.venv\Lib\site-packages\sqlparse\filters\output.py first seen with mtime 1725785709.0643215
File C:\Users\Meira\PycharmProjects\Online store\.venv\Lib\site-packages\django\templatetags\static.py first seen with mtime 1725785713.8622224
File C:\Users\Meira\PycharmProjects\Online store\.venv\Lib\site-packages\PIL\__init__.py first seen with mtime 1726377627.7860794
File C:\Users\Meira\PycharmProjects\Online store\.venv\Lib\site-packages\django\contrib\sessions\middleware.py first seen with mtime 1725785713.0252233
File C:\Users\Meira\PycharmProjects\Online store\.venv\Lib\site-packages\django\conf\urls\__init__.py first seen with mtime 1725785710.6452231
File C:\Users\Meira\PycharmProjects\Online store\.venv\Lib\site-packages\django\contrib\contenttypes\models.py first seen with mtime 1725785711.659223
File C:\Users\Meira\AppData\Local\Programs\Python\Python312\Lib\datetime.py first seen with mtime 1712663418.0
File C:\Users\Meira\PycharmProjects\Online store\blog\urls.py first seen with mtime 1729964966.1773052
File C:\Users\Meira\PycharmProjects\Online store\.venv\Lib\site-packages\django\core\checks\urls.py first seen with mtime 1725785713.4942238
File C:\Users\Meira\AppData\Local\Programs\Python\Python312\Lib\asyncio\mixins.py first seen with mtime 1712663418.0
File C:\Users\Meira\PycharmProjects\Online store\.venv\Lib\site-packages\django\core\management\color.py first seen with mtime 1725785713.5702243
File C:\Users\Meira\PycharmProjects\Online store\.venv\Lib\site-packages\django\template\backends\base.py first seen with mtime 1725785713.852222
File C:\Users\Meira\PycharmProjects\Online store\.venv\Lib\site-packages\django\core\checks\security\sessions.py first seen with mtime 1725785713.513224
File C:\Users\Meira\PycharmProjects\Online store\.venv\Lib\site-packages\django\contrib\auth\signals.py first seen with mtime 1725785711.4272232
File C:\Users\Meira\AppData\Local\Programs\Python\Python312\DLLs\_hashlib.pyd first seen with mtime 1712663462.0
File C:\Users\Meira\PycharmProjects\Online store\.venv\Lib\site-packages\django\core\handlers\asgi.py first seen with mtime 1725785713.5562232
File C:\Users\Meira\PycharmProjects\Online store\.venv\Lib\site-packages\django\utils\decorators.py first seen with mtime 1725785713.8852232
File C:\Users\Meira\AppData\Local\Programs\Python\Python312\Lib\urllib\request.py first seen with mtime 1712663418.0
File C:\Users\Meira\PycharmProjects\Online store\.venv\Lib\site-packages\django\db\backends\utils.py first seen with mtime 1725785713.606223
File C:\Users\Meira\PycharmProjects\Online store\.venv\Lib\site-packages\PIL\Image.py first seen with mtime 1726377627.6632543
File C:\Users\Meira\AppData\Local\Programs\Python\Python312\Lib\urllib\parse.py first seen with mtime 1712663418.0
File C:\Users\Meira\PycharmProjects\Online store\.venv\Lib\site-packages\django\core\management\commands\runserver.py first seen with mtime 1725785713.5842228
File C:\Users\Meira\PycharmProjects\Online store\.venv\Lib\site-packages\django\contrib\admin\utils.py first seen with mtime 1725785710.6572223
File C:\Users\Meira\AppData\Local\Programs\Python\Python312\Lib\asyncio\tasks.py first seen with mtime 1712663418.0
File C:\Users\Meira\PycharmProjects\Online store\.venv\Lib\site-packages\django\views\csrf.py first seen with mtime 1725785713.9112227
File C:\Users\Meira\PycharmProjects\Online store\.venv\Lib\site-packages\django\template\loader.py first seen with mtime 1725785713.8472233
File C:\Users\Meira\AppData\Local\Programs\Python\Python312\Lib\pkgutil.py first seen with mtime 1712663418.0
File C:\Users\Meira\PycharmProjects\Online store\.venv\Lib\site-packages\PIL\_typing.py first seen with mtime 1726377627.9330618
File C:\Users\Meira\PycharmProjects\Online store\.venv\Lib\site-packages\django\forms\utils.py first seen with mtime 1725785713.7602232
File C:\Users\Meira\PycharmProjects\Online store\.venv\Lib\site-packages\django\conf\__init__.py first seen with mtime 1725785710.295223
File C:\Users\Meira\AppData\Local\Programs\Python\Python312\Lib\urllib\error.py first seen with mtime 1712663418.0
File C:\Users\Meira\PycharmProjects\Online store\.venv\Lib\site-packages\django\contrib\auth\admin.py first seen with mtime 1725785711.4172232
File C:\Users\Meira\PycharmProjects\Online store\.venv\Lib\site-packages\django\core\mail\utils.py first seen with mtime 1725785713.5612233
File C:\Users\Meira\PycharmProjects\Online store\.venv\Lib\site-packages\django\core\cache\__init__.py first seen with mtime 1725785713.464223
File C:\Users\Meira\PycharmProjects\Online store\.venv\Lib\site-packages\django\contrib\admin\templatetags\base.py first seen with mtime 1725785711.1472232
File C:\Users\Meira\PycharmProjects\Online store\.venv\Lib\site-packages\django\contrib\staticfiles\management\commands\__init__.py first seen with mtime 1725785713.453223
File C:\Users\Meira\PycharmProjects\Online store\.venv\Lib\site-packages\colorama\initialise.py first seen with mtime 1726398784.0300233
File C:\Users\Meira\PycharmProjects\Online store\.venv\Lib\site-packages\django\db\models\aggregates.py first seen with mtime 1725785713.660223
File C:\Users\Meira\PycharmProjects\Online store\.venv\Lib\site-packages\django\middleware\security.py first seen with mtime 1725785713.8382223
File C:\Users\Meira\PycharmProjects\Online store\.venv\Lib\site-packages\django\db\backends\base\client.py first seen with mtime 1725785713.608223
File C:\Users\Meira\PycharmProjects\Online store\.venv\Lib\site-packages\django\contrib\auth\checks.py first seen with mtime 1725785711.420223
File C:\Users\Meira\PycharmProjects\Online store\catalog\templates\base.html first seen with mtime 1727425019.10018
File C:\Users\Meira\PycharmProjects\Online store\catalog\templates\catalog first seen with mtime 1729987326.584095
File C:\Users\Meira\PycharmProjects\Online store\catalog\templates\contacts.html first seen with mtime 1727425019.103184
File C:\Users\Meira\PycharmProjects\Online store\catalog\templates\footer.html first seen with mtime 1727425019.1041794
File C:\Users\Meira\PycharmProjects\Online store\catalog\templates\home.html first seen with mtime 1727425019.1051803
File C:\Users\Meira\PycharmProjects\Online store\catalog\templates\navbar.html first seen with mtime 1729981373.8310003
File C:\Users\Meira\PycharmProjects\Online store\catalog\templates\catalog\category_list.html first seen with mtime 1729981779.8377948
File C:\Users\Meira\PycharmProjects\Online store\catalog\templates\catalog\category_products.html first seen with mtime 1729982330.3034017
File C:\Users\Meira\PycharmProjects\Online store\catalog\templates\catalog\products_list.html first seen with mtime 1729964966.1933053
File C:\Users\Meira\PycharmProjects\Online store\catalog\templates\catalog\product_confirm_delete.html first seen with mtime 1729964966.1903052
File C:\Users\Meira\PycharmProjects\Online store\catalog\templates\catalog\product_create.html first seen with mtime 1729232600.073917
File C:\Users\Meira\PycharmProjects\Online store\catalog\templates\catalog\product_detail.html first seen with mtime 1729987326.5830936
File C:\Users\Meira\PycharmProjects\Online store\catalog\templates\catalog\product_editor.html first seen with mtime 1729964966.1923053
File C:\Users\Meira\PycharmProjects\Online store\blog\templates\blog first seen with mtime 1729964966.1763053
File C:\Users\Meira\PycharmProjects\Online store\blog\templates\blog\base.html first seen with mtime 1727634267.975394
File C:\Users\Meira\PycharmProjects\Online store\blog\templates\blog\blogpost_confirm_delete.html first seen with mtime 1729964966.1733053
File C:\Users\Meira\PycharmProjects\Online store\blog\templates\blog\blogpost_detail.html first seen with mtime 1729964966.1743052
File C:\Users\Meira\PycharmProjects\Online store\blog\templates\blog\blogpost_form.html first seen with mtime 1729964966.1753054
File C:\Users\Meira\PycharmProjects\Online store\blog\templates\blog\blogpost_list.html first seen with mtime 1729964966.1763053
File C:\Users\Meira\PycharmProjects\Online store\blog\templates\blog\footer.html first seen with mtime 1727634267.9944675
File C:\Users\Meira\PycharmProjects\Online store\blog\templates\blog\navbar.html first seen with mtime 1727634267.9964917
File C:\Users\Meira\PycharmProjects\Online store\users\templates\users first seen with mtime 1729629899.0825658
File C:\Users\Meira\PycharmProjects\Online store\users\templates\users\base.html first seen with mtime 1729629899.0815675
File C:\Users\Meira\PycharmProjects\Online store\users\templates\users\login.html first seen with mtime 1729629899.0825658
File C:\Users\Meira\PycharmProjects\Online store\users\templates\users\register.html first seen with mtime 1729629899.0825658
File C:\Users\Meira\PycharmProjects\Online store\.venv\Lib\site-packages\django\contrib\auth\migrations\0006_require_contenttypes_0002.py first seen with mtime 1725785711.6462233
File C:\Users\Meira\PycharmProjects\Online store\.venv\Lib\site-packages\django\db\migrations\recorder.py first seen with mtime 1725785713.651223
File C:\Users\Meira\PycharmProjects\Online store\.venv\Lib\site-packages\django\contrib\admin\migrations\__init__.py first seen with mtime 1725785711.0092235
File C:\Users\Meira\PycharmProjects\Online store\.venv\Lib\site-packages\django\contrib\admin\migrations\0003_logentry_add_action_flag_choices.py first seen with mtime 1725785711.0092235
File C:\Users\Meira\PycharmProjects\Online store\.venv\Lib\site-packages\django_redis\client\herd.py first seen with mtime 1729975372.0516818
File C:\Users\Meira\AppData\Local\Programs\Python\Python312\Lib\importlib\metadata\_collections.py first seen with mtime 1712663418.0
File C:\Users\Meira\PycharmProjects\Online store\.venv\Lib\site-packages\redis\asyncio\cluster.py first seen with mtime 1729966813.9713905
File C:\Users\Meira\PycharmProjects\Online store\.venv\Lib\site-packages\redis\asyncio\lock.py first seen with mtime 1729966813.9723907
File C:\Users\Meira\PycharmProjects\Online store\.venv\Lib\site-packages\redis\exceptions.py first seen with mtime 1729966813.9583905
File C:\Users\Meira\PycharmProjects\Online store\.venv\Lib\site-packages\redis\credentials.py first seen with mtime 1729966813.9573905
File C:\Users\Meira\PycharmProjects\Online store\.venv\Lib\site-packages\django\contrib\sessions\backends\base.py first seen with mtime 1725785713.0282228
File C:\Users\Meira\AppData\Local\Programs\Python\Python312\Lib\importlib\abc.py first seen with mtime 1712663418.0
File C:\Users\Meira\PycharmProjects\Online store\.venv\Lib\site-packages\django\contrib\auth\migrations\0010_alter_group_name_max_length.py first seen with mtime 1725785711.6492229
File C:\Users\Meira\PycharmProjects\Online store\.venv\Lib\site-packages\redis\_parsers\__init__.py first seen with mtime 1729966813.9633906
File C:\Users\Meira\PycharmProjects\Online store\.venv\Lib\site-packages\redis\asyncio\sentinel.py first seen with mtime 1729966813.9733906
File C:\Users\Meira\PycharmProjects\Online store\.venv\Lib\site-packages\redis\_parsers\encoders.py first seen with mtime 1729966813.9653904
File C:\Users\Meira\PycharmProjects\Online store\.venv\Lib\site-packages\redis\crc.py first seen with mtime 1729966813.9563904
File C:\Users\Meira\AppData\Local\Programs\Python\Python312\Lib\importlib\resources\_adapters.py first seen with mtime 1712663418.0
File C:\Users\Meira\PycharmProjects\Online store\catalog\migrations\__init__.py first seen with mtime 1726395388.8934622
File C:\Users\Meira\PycharmProjects\Online store\catalog\migrations\0002_alter_product_created_at_alter_product_updated_at.py first seen with mtime 1727425019.09918
File C:\Users\Meira\PycharmProjects\Online store\.venv\Lib\site-packages\django_redis\pool.py first seen with mtime 1729975372.0486822
File C:\Users\Meira\AppData\Local\Programs\Python\Python312\Lib\zipfile\_path\__init__.py first seen with mtime 1712663418.0
File C:\Users\Meira\AppData\Local\Programs\Python\Python312\Lib\importlib\resources\__init__.py first seen with mtime 1712663418.0
File C:\Users\Meira\AppData\Local\Programs\Python\Python312\Lib\importlib\metadata\_functools.py first seen with mtime 1712663418.0
File C:\Users\Meira\PycharmProjects\Online store\.venv\Lib\site-packages\django\contrib\sessions\migrations\__init__.py first seen with mtime 1725785713.228223
File C:\Users\Meira\AppData\Local\Programs\Python\Python312\Lib\importlib\metadata\_adapters.py first seen with mtime 1712663418.0
File C:\Users\Meira\PycharmProjects\Online store\.venv\Lib\site-packages\django\contrib\auth\migrations\0005_alter_user_last_login_null.py first seen with mtime 1725785711.6452227
File C:\Users\Meira\PycharmProjects\Online store\.venv\Lib\site-packages\django_redis\exceptions.py first seen with mtime 1729975372.0466821
File C:\Users\Meira\PycharmProjects\Online store\.venv\Lib\site-packages\django_redis\hash_ring.py first seen with mtime 1729975372.047681
File C:\Users\Meira\AppData\Local\Programs\Python\Python312\Lib\zipfile\_path\glob.py first seen with mtime 1712663418.0
File C:\Users\Meira\PycharmProjects\Online store\.venv\Lib\site-packages\redis\asyncio\client.py first seen with mtime 1729966813.9703906
File C:\Users\Meira\PycharmProjects\Online store\.venv\Lib\site-packages\django\contrib\auth\migrations\0008_alter_user_username_max_length.py first seen with mtime 1725785711.6472228
File C:\Users\Meira\AppData\Local\Programs\Python\Python312\Lib\importlib\metadata\_meta.py first seen with mtime 1712663418.0
File C:\Users\Meira\PycharmProjects\Online store\.venv\Lib\site-packages\redis\connection.py first seen with mtime 1729966813.9563904
File C:\Users\Meira\PycharmProjects\Online store\.venv\Lib\site-packages\redis\lock.py first seen with mtime 1729966813.9583905
File C:\Users\Meira\PycharmProjects\Online store\.venv\Lib\site-packages\redis\commands\cluster.py first seen with mtime 1729966813.9763906
File C:\Users\Meira\PycharmProjects\Online store\catalog\migrations\0004_alter_product_options.py first seen with mtime 1729964966.1853054
File C:\Users\Meira\PycharmProjects\Online store\catalog\migrations\0003_alter_product_options_product_is_published.py first seen with mtime 1729964966.1843054
File C:\Users\Meira\PycharmProjects\Online store\config\wsgi.py first seen with mtime 1725785954.6492324
File C:\Users\Meira\PycharmProjects\Online store\users\migrations\0001_initial.py first seen with mtime 1729964966.2033052
File C:\Users\Meira\PycharmProjects\Online store\blog\migrations\__init__.py first seen with mtime 1727634267.9693718
File C:\Users\Meira\AppData\Local\Programs\Python\Python312\Lib\importlib\metadata\_itertools.py first seen with mtime 1712663418.0
File C:\Users\Meira\PycharmProjects\Online store\.venv\Lib\site-packages\redis\_parsers\helpers.py first seen with mtime 1729966813.9663906
File C:\Users\Meira\PycharmProjects\Online store\.venv\Lib\site-packages\django\contrib\contenttypes\migrations\0002_remove_content_type_name.py first seen with mtime 1725785711.856223
File C:\Users\Meira\PycharmProjects\Online store\.venv\Lib\site-packages\django\contrib\admin\migrations\0001_initial.py first seen with mtime 1725785711.0072224
File C:\Users\Meira\PycharmProjects\Online store\.venv\Lib\site-packages\django\db\models\sql\compiler.py first seen with mtime 1725785713.748223
File C:\Users\Meira\PycharmProjects\Online store\catalog\migrations\0001_initial.py first seen with mtime 1726395388.8934622
File C:\Users\Meira\PycharmProjects\Online store\.venv\Lib\site-packages\django\db\migrations\loader.py first seen with mtime 1725785713.649223
File C:\Users\Meira\PycharmProjects\Online store\.venv\Lib\site-packages\django\contrib\auth\migrations\0001_initial.py first seen with mtime 1725785711.6432228
File C:\Users\Meira\AppData\Local\Programs\Python\Python312\Lib\csv.py first seen with mtime 1712663418.0
File C:\Users\Meira\PycharmProjects\Online store\.venv\Lib\site-packages\redis\commands\helpers.py first seen with mtime 1729966813.9783905
File C:\Users\Meira\PycharmProjects\Online store\.venv\Lib\site-packages\redis\asyncio\connection.py first seen with mtime 1729966813.9713905
File C:\Users\Meira\PycharmProjects\Online store\users\migrations\0002_customuser_token_alter_customuser_avatar_and_more.py first seen with mtime 1729629899.078566
File C:\Users\Meira\PycharmProjects\Online store\.venv\Lib\site-packages\django\middleware\clickjacking.py first seen with mtime 1725785713.8342223
File C:\Users\Meira\PycharmProjects\Online store\.venv\Lib\site-packages\django\contrib\auth\migrations\0007_alter_validators_add_error_messages.py first seen with mtime 1725785711.6472228
File C:\Users\Meira\PycharmProjects\Online store\.venv\Lib\site-packages\django\contrib\contenttypes\migrations\__init__.py first seen with mtime 1725785711.8572242
File C:\Users\Meira\PycharmProjects\Online store\.venv\Lib\site-packages\redis\__init__.py first seen with mtime 1729966813.9523904
File C:\Users\Meira\PycharmProjects\Online store\.venv\Lib\site-packages\redis\_parsers\resp2.py first seen with mtime 1729966813.9673905
File C:\Users\Meira\PycharmProjects\Online store\.venv\Lib\site-packages\redis\_parsers\commands.py first seen with mtime 1729966813.9643905
File C:\Users\Meira\PycharmProjects\Online store\.venv\Lib\site-packages\redis\commands\redismodules.py first seen with mtime 1729966813.9783905
File C:\Users\Meira\PycharmProjects\Online store\.venv\Lib\site-packages\redis\commands\sentinel.py first seen with mtime 1729966813.9793904
File C:\Users\Meira\AppData\Local\Programs\Python\Python312\Lib\stringprep.py first seen with mtime 1712663418.0
File C:\Users\Meira\PycharmProjects\Online store\.venv\Lib\site-packages\redis\asyncio\utils.py first seen with mtime 1729966813.9743905
File C:\Users\Meira\PycharmProjects\Online store\catalog\migrations\0006_alter_product_owner.py first seen with mtime 1729964966.1863053
File C:\Users\Meira\PycharmProjects\Online store\.venv\Lib\site-packages\django\contrib\auth\migrations\0012_alter_user_first_name_max_length.py first seen with mtime 1725785711.6502233
File C:\Users\Meira\PycharmProjects\Online store\.venv\Lib\site-packages\django_redis\client\__init__.py first seen with mtime 1729975372.0496817
File C:\Users\Meira\PycharmProjects\Online store\.venv\Lib\site-packages\django\contrib\auth\migrations\0003_alter_user_email_max_length.py first seen with mtime 1725785711.6442232
File C:\Users\Meira\PycharmProjects\Online store\.venv\Lib\site-packages\redis\asyncio\__init__.py first seen with mtime 1729966813.9693904
File C:\Users\Meira\PycharmProjects\Online store\.venv\Lib\site-packages\django\db\migrations\executor.py first seen with mtime 1725785713.6472237
File C:\Users\Meira\PycharmProjects\Online store\.venv\Lib\site-packages\redis\backoff.py first seen with mtime 1729966813.9523904
File C:\Users\Meira\PycharmProjects\Online store\.venv\Lib\site-packages\redis\typing.py first seen with mtime 1729966813.9623904
File C:\Users\Meira\PycharmProjects\Online store\.venv\Lib\site-packages\redis\_parsers\resp3.py first seen with mtime 1729966813.9683905
File C:\Users\Meira\PycharmProjects\Online store\.venv\Lib\site-packages\django\contrib\auth\migrations\0002_alter_permission_name_max_length.py first seen with mtime 1725785711.6432228
File C:\Users\Meira\PycharmProjects\Online store\.venv\Lib\site-packages\redis\commands\__init__.py first seen with mtime 1729966813.9753911
File C:\Users\Meira\PycharmProjects\Online store\users\migrations\__init__.py first seen with mtime 1729629899.079566
File C:\Users\Meira\AppData\Local\Programs\Python\Python312\Lib\encodings\idna.py first seen with mtime 1712663418.0
File C:\Users\Meira\PycharmProjects\Online store\.venv\Lib\site-packages\redis\asyncio\retry.py first seen with mtime 1729966813.9733906
File C:\Users\Meira\AppData\Local\Programs\Python\Python312\Lib\importlib\resources\abc.py first seen with mtime 1712663418.0
File C:\Users\Meira\PycharmProjects\Online store\.venv\Lib\site-packages\django\contrib\sessions\migrations\0001_initial.py first seen with mtime 1725785713.228223
File C:\Users\Meira\PycharmProjects\Online store\.venv\Lib\site-packages\django\contrib\sessions\backends\__init__.py first seen with mtime 1725785713.027222
File C:\Users\Meira\PycharmProjects\Online store\blog\migrations\0002_rename_is_published_blogpost_published_and_more.py first seen with mtime 1727634267.9673972
File C:\Users\Meira\PycharmProjects\Online store\.venv\Lib\site-packages\django\contrib\contenttypes\migrations\0001_initial.py first seen with mtime 1725785711.856223
File C:\Users\Meira\PycharmProjects\Online store\blog\migrations\0001_initial.py first seen with mtime 1727634267.9643435
File C:\Users\Meira\PycharmProjects\Online store\.venv\Lib\site-packages\django_redis\client\default.py first seen with mtime 1729975372.0506816
File C:\Users\Meira\PycharmProjects\Online store\.venv\Lib\site-packages\django\contrib\sessions\backends\db.py first seen with mtime 1725785713.0302231
File C:\Users\Meira\PycharmProjects\Online store\.venv\Lib\site-packages\redis\sentinel.py first seen with mtime 1729966813.9613905
File C:\Users\Meira\PycharmProjects\Online store\.venv\Lib\site-packages\django_redis\client\sentinel.py first seen with mtime 1729975372.0526826
File C:\Users\Meira\PycharmProjects\Online store\.venv\Lib\site-packages\django\contrib\messages\middleware.py first seen with mtime 1725785712.553223
File C:\Users\Meira\PycharmProjects\Online store\.venv\Lib\site-packages\redis\client.py first seen with mtime 1729966813.9543905
File C:\Users\Meira\PycharmProjects\Online store\catalog\migrations\0005_product_owner.py first seen with mtime 1729964966.1853054
File C:\Users\Meira\PycharmProjects\Online store\.venv\Lib\site-packages\django\contrib\admin\migrations\0002_logentry_remove_auto_add.py first seen with mtime 1725785711.0082226
File C:\Users\Meira\AppData\Local\Programs\Python\Python312\Lib\zipfile\__init__.py first seen with mtime 1712663418.0
File C:\Users\Meira\PycharmProjects\Online store\.venv\Lib\site-packages\redis\_parsers\base.py first seen with mtime 1729966813.9643905
File C:\Users\Meira\PycharmProjects\Online store\.venv\Lib\site-packages\django\middleware\common.py first seen with mtime 1725785713.8342223
File C:\Users\Meira\PycharmProjects\Online store\.venv\Lib\site-packages\redis\retry.py first seen with mtime 1729966813.9603906
File C:\Users\Meira\PycharmProjects\Online store\.venv\Lib\site-packages\redis\utils.py first seen with mtime 1729966813.9623904
File C:\Users\Meira\PycharmProjects\Online store\users\migrations\0003_remove_customuser_username.py first seen with mtime 1729629899.078566
File C:\Users\Meira\PycharmProjects\Online store\.venv\Lib\site-packages\django\contrib\auth\migrations\__init__.py first seen with mtime 1725785711.6512232
File C:\Users\Meira\AppData\Local\Programs\Python\Python312\Lib\importlib\resources\_legacy.py first seen with mtime 1712663418.0
File C:\Users\Meira\PycharmProjects\Online store\.venv\Lib\site-packages\django_redis\__init__.py first seen with mtime 1729975372.0456803
File C:\Users\Meira\PycharmProjects\Online store\catalog\migrations\0007_alter_product_is_published.py first seen with mtime 1729964966.1873052
File C:\Users\Meira\PycharmProjects\Online store\.venv\Lib\site-packages\django\contrib\auth\migrations\0011_update_proxy_permissions.py first seen with mtime 1725785711.6492229
File C:\Users\Meira\PycharmProjects\Online store\.venv\Lib\site-packages\django\contrib\auth\migrations\0004_alter_user_username_opts.py first seen with mtime 1725785711.6452227
File C:\Users\Meira\PycharmProjects\Online store\.venv\Lib\site-packages\django\db\migrations\graph.py first seen with mtime 1725785713.6482222
File C:\Users\Meira\PycharmProjects\Online store\.venv\Lib\site-packages\django_redis\util.py first seen with mtime 1729975372.0486822
File C:\Users\Meira\AppData\Local\Programs\Python\Python312\Lib\importlib\metadata\_text.py first seen with mtime 1712663418.0
File C:\Users\Meira\PycharmProjects\Online store\.venv\Lib\site-packages\django_redis\client\sharded.py first seen with mtime 1729975372.053682
File C:\Users\Meira\PycharmProjects\Online store\.venv\Lib\site-packages\django_redis\cache.py first seen with mtime 1729975372.0466821
File C:\Users\Meira\AppData\Local\Programs\Python\Python312\Lib\importlib\resources\_common.py first seen with mtime 1712663418.0
File C:\Users\Meira\AppData\Local\Programs\Python\Python312\Lib\importlib\metadata\__init__.py first seen with mtime 1712663418.0
File C:\Users\Meira\PycharmProjects\Online store\.venv\Lib\site-packages\redis\_parsers\socket.py first seen with mtime 1729966813.9683905
File C:\Users\Meira\PycharmProjects\Online store\.venv\Lib\site-packages\django\contrib\sessions\exceptions.py first seen with mtime 1725785713.0242226
File C:\Users\Meira\PycharmProjects\Online store\.venv\Lib\site-packages\redis\cache.py first seen with mtime 1729966813.9533906
File C:\Users\Meira\PycharmProjects\Online store\.venv\Lib\site-packages\redis\cluster.py first seen with mtime 1729966813.9553907
File C:\Users\Meira\PycharmProjects\Online store\.venv\Lib\site-packages\redis\_parsers\hiredis.py first seen with mtime 1729966813.9663906
File C:\Users\Meira\PycharmProjects\Online store\.venv\Lib\site-packages\redis\commands\core.py first seen with mtime 1729966813.9773908
File C:\Users\Meira\PycharmProjects\Online store\.venv\Lib\site-packages\django\contrib\auth\migrations\0009_alter_user_last_name_max_length.py first seen with mtime 1725785711.648223
File C:\Users\Meira\PycharmProjects\Online store\catalog\views.py previous mtime: 1729987860.3287897, current mtime: 1729989091.5931804
C:\Users\Meira\PycharmProjects\Online store\catalog\views.py notified as changed. Signal results: [(<function template_changed at 0x0000015F191932E0>, None), (<function translation_file_changed at 0x0000015F1A114220>, None)].
C:\Users\Meira\PycharmProjects\Online store\catalog\views.py changed, reloading.
Watching for file changes with StatReloader
Waiting for apps ready_event.
Apps ready_event triggered. Sending autoreload_started signal.
Watching dir C:\Users\Meira\PycharmProjects\Online store\blog\templates with glob **/*.
Watching dir C:\Users\Meira\PycharmProjects\Online store\catalog\templates with glob **/*.
Watching dir C:\Users\Meira\PycharmProjects\Online store\users\templates with glob **/*.
Watching dir C:\Users\Meira\PycharmProjects\Online store\locale with glob **/*.mo.
Watching dir C:\Users\Meira\PycharmProjects\Online store\catalog\locale with glob **/*.mo.
Watching dir C:\Users\Meira\PycharmProjects\Online store\blog\locale with glob **/*.mo.
Watching dir C:\Users\Meira\PycharmProjects\Online store\users\locale with glob **/*.mo.
(0.000) 
            SELECT
                c.relname,
                CASE
                    WHEN c.relispartition THEN 'p'
                    WHEN c.relkind IN ('m', 'v') THEN 'v'
                    ELSE 't'
                END,
                obj_description(c.oid, 'pg_class')
            FROM pg_catalog.pg_class c
            LEFT JOIN pg_catalog.pg_namespace n ON n.oid = c.relnamespace
            WHERE c.relkind IN ('f', 'm', 'p', 'r', 'v')
                AND n.nspname NOT IN ('pg_catalog', 'pg_toast')
                AND pg_catalog.pg_table_is_visible(c.oid)
        ; args=None; alias=default
(0.000) SELECT "django_migrations"."id", "django_migrations"."app", "django_migrations"."name", "django_migrations"."applied" FROM "django_migrations"; args=(); alias=default
File C:\Users\Meira\PycharmProjects\Online store\catalog\services.py first seen with mtime 1729972713.250661
File C:\Users\Meira\AppData\Local\Programs\Python\Python312\Lib\asyncio\constants.py first seen with mtime 1712663418.0
File C:\Users\Meira\AppData\Local\Programs\Python\Python312\Lib\zoneinfo\__init__.py first seen with mtime 1712663418.0
File C:\Users\Meira\AppData\Local\Programs\Python\Python312\Lib\contextlib.py first seen with mtime 1712663418.0
File C:\Users\Meira\AppData\Local\Programs\Python\Python312\DLLs\_bz2.pyd first seen with mtime 1712663462.0
File C:\Users\Meira\AppData\Local\Programs\Python\Python312\Lib\warnings.py first seen with mtime 1712663418.0
File C:\Users\Meira\AppData\Local\Programs\Python\Python312\Lib\asyncio\mixins.py first seen with mtime 1712663418.0
File C:\Users\Meira\PycharmProjects\Online store\.venv\Lib\site-packages\django\contrib\messages\api.py first seen with mtime 1725785712.551223
File C:\Users\Meira\PycharmProjects\Online store\.venv\Lib\site-packages\colorama\initialise.py first seen with mtime 1726398784.0300233
File C:\Users\Meira\AppData\Local\Programs\Python\Python312\Lib\subprocess.py first seen with mtime 1712663418.0
File C:\Users\Meira\PycharmProjects\Online store\.venv\Lib\site-packages\django\db\models\sql\__init__.py first seen with mtime 1725785713.7472231
File C:\Users\Meira\PycharmProjects\Online store\.venv\Lib\site-packages\sqlparse\tokens.py first seen with mtime 1725785709.0573218
File C:\Users\Meira\PycharmProjects\Online store\.venv\Lib\site-packages\django\utils\deconstruct.py first seen with mtime 1725785713.884223
File C:\Users\Meira\AppData\Local\Programs\Python\Python312\Lib\json\decoder.py first seen with mtime 1712663418.0
File C:\Users\Meira\PycharmProjects\Online store\.venv\Lib\site-packages\django\contrib\sites\requests.py first seen with mtime 1725785713.238223
File C:\Users\Meira\PycharmProjects\Online store\.venv\Lib\site-packages\django\forms\models.py first seen with mtime 1725785713.759222
File C:\Users\Meira\PycharmProjects\Online store\.venv\Lib\site-packages\django\core\checks\security\sessions.py first seen with mtime 1725785713.513224
File C:\Users\Meira\PycharmProjects\Online store\.venv\Lib\site-packages\django\utils\text.py first seen with mtime 1725785713.9002228
File C:\Users\Meira\PycharmProjects\Online store\.venv\Lib\site-packages\django\forms\fields.py first seen with mtime 1725785713.7562227
File C:\Users\Meira\AppData\Local\Programs\Python\Python312\Lib\asyncio\__init__.py first seen with mtime 1712663418.0
File C:\Users\Meira\PycharmProjects\Online store\.venv\Lib\site-packages\sqlparse\sql.py first seen with mtime 1725785709.0563226
File C:\Users\Meira\AppData\Local\Programs\Python\Python312\Lib\gettext.py first seen with mtime 1712663418.0
File C:\Users\Meira\PycharmProjects\Online store\.venv\Lib\site-packages\django\utils\dateparse.py first seen with mtime 1725785713.883223
File C:\Users\Meira\PycharmProjects\Online store\.venv\Lib\site-packages\psycopg2\_range.py first seen with mtime 1726349773.6706026
File C:\Users\Meira\PycharmProjects\Online store\.venv\Lib\site-packages\django\core\servers\basehttp.py first seen with mtime 1725785713.6002228
File C:\Users\Meira\PycharmProjects\Online store\.venv\Lib\site-packages\psycopg2\_json.py first seen with mtime 1726349773.6566017
File C:\Users\Meira\PycharmProjects\Online store\.venv\Lib\site-packages\django\contrib\staticfiles\management\__init__.py first seen with mtime 1725785713.453223
File C:\Users\Meira\PycharmProjects\Online store\.venv\Lib\site-packages\django\contrib\admin\utils.py first seen with mtime 1725785710.6572223
File C:\Users\Meira\AppData\Local\Programs\Python\Python312\Lib\glob.py first seen with mtime 1712663418.0
File C:\Users\Meira\PycharmProjects\Online store\.venv\Lib\site-packages\django\utils\autoreload.py first seen with mtime 1725785713.8782225
File C:\Users\Meira\PycharmProjects\Online store\.venv\Lib\site-packages\colorama\__init__.py first seen with mtime 1726398784.0260234
File C:\Users\Meira\PycharmProjects\Online store\.venv\Lib\site-packages\sqlparse\engine\__init__.py first seen with mtime 1725785709.059322
File C:\Users\Meira\AppData\Local\Programs\Python\Python312\Lib\logging\config.py first seen with mtime 1712663418.0
File C:\Users\Meira\PycharmProjects\Online store\.venv\Lib\site-packages\django\contrib\messages\utils.py first seen with mtime 1725785712.5552227
File C:\Users\Meira\PycharmProjects\Online store\.venv\Lib\site-packages\django\template\loaders\app_directories.py first seen with mtime 1725785713.8562229
File C:\Users\Meira\PycharmProjects\Online store\.venv\Lib\site-packages\django\views\decorators\debug.py first seen with mtime 1725785713.9182224
File C:\Users\Meira\PycharmProjects\Online store\.venv\Lib\site-packages\django\apps\__init__.py first seen with mtime 1725785710.2922227
File C:\Users\Meira\PycharmProjects\Online store\config\urls.py first seen with mtime 1729964966.1993053
File C:\Users\Meira\AppData\Local\Programs\Python\Python312\Lib\contextvars.py first seen with mtime 1712663418.0
File C:\Users\Meira\PycharmProjects\Online store\.venv\Lib\site-packages\django\contrib\auth\forms.py first seen with mtime 1725785711.4232228
File C:\Users\Meira\PycharmProjects\Online store\.venv\Lib\site-packages\django\shortcuts.py first seen with mtime 1725785710.2912238
File C:\Users\Meira\PycharmProjects\Online store\users\views.py first seen with mtime 1729964966.2063053
File C:\Users\Meira\PycharmProjects\Online store\.venv\Lib\site-packages\django\db\backends\postgresql\client.py first seen with mtime 1725785713.6332223
File C:\Users\Meira\AppData\Local\Programs\Python\Python312\Lib\concurrent\futures\_base.py first seen with mtime 1712663418.0
File C:\Users\Meira\PycharmProjects\Online store\.venv\Lib\site-packages\django\templatetags\cache.py first seen with mtime 1725785713.860223
File C:\Users\Meira\PycharmProjects\Online store\.venv\Lib\site-packages\PIL\__init__.py first seen with mtime 1726377627.7860794
File C:\Users\Meira\PycharmProjects\Online store\.venv\Lib\site-packages\django\db\models\functions\__init__.py first seen with mtime 1725785713.741223
File C:\Users\Meira\PycharmProjects\Online store\.venv\Lib\site-packages\psycopg2\_psycopg.cp312-win_amd64.pyd first seen with mtime 1726349773.6695998
File C:\Users\Meira\PycharmProjects\Online store\.venv\Lib\site-packages\django\contrib\contenttypes\admin.py first seen with mtime 1725785711.655223
File C:\Users\Meira\PycharmProjects\Online store\.venv\Lib\site-packages\django\contrib\admin\widgets.py first seen with mtime 1725785710.658223
File C:\Users\Meira\AppData\Local\Programs\Python\Python312\Lib\email\mime\text.py first seen with mtime 1712663418.0
File C:\Users\Meira\AppData\Local\Programs\Python\Python312\Lib\email\parser.py first seen with mtime 1712663418.0
File C:\Users\Meira\AppData\Local\Programs\Python\Python312\Lib\email\contentmanager.py first seen with mtime 1712663418.0
File C:\Users\Meira\PycharmProjects\Online store\.venv\Lib\site-packages\django\utils\tree.py first seen with mtime 1725785713.902223
File C:\Users\Meira\AppData\Local\Programs\Python\Python312\Lib\email\base64mime.py first seen with mtime 1712663418.0
File C:\Users\Meira\PycharmProjects\Online store\.venv\Lib\site-packages\django\db\models\lookups.py first seen with mtime 1725785713.6662223
File C:\Users\Meira\PycharmProjects\Online store\.venv\Lib\site-packages\django\utils\formats.py first seen with mtime 1725785713.8892221
File C:\Users\Meira\AppData\Local\Programs\Python\Python312\Lib\platform.py first seen with mtime 1712663418.0
File C:\Users\Meira\PycharmProjects\Online store\.venv\Lib\site-packages\django\template\context.py first seen with mtime 1725785713.842223
File C:\Users\Meira\AppData\Local\Programs\Python\Python312\Lib\email\encoders.py first seen with mtime 1712663418.0
File C:\Users\Meira\PycharmProjects\Online store\.venv\Lib\site-packages\django\db\migrations\state.py first seen with mtime 1725785713.653223
File C:\Users\Meira\PycharmProjects\Online store\.venv\Lib\site-packages\django\template\loader.py first seen with mtime 1725785713.8472233
File C:\Users\Meira\PycharmProjects\Online store\.venv\Lib\site-packages\django\db\backends\base\__init__.py first seen with mtime 1725785713.607223
File C:\Users\Meira\PycharmProjects\Online store\.venv\Lib\site-packages\django\utils\asyncio.py first seen with mtime 1725785713.8782225
File C:\Users\Meira\PycharmProjects\Online store\.venv\Lib\site-packages\django\db\models\manager.py first seen with mtime 1725785713.6672232
File C:\Users\Meira\PycharmProjects\Online store\users\urls.py first seen with mtime 1729964966.2053053
File C:\Users\Meira\PycharmProjects\Online store\.venv\Lib\site-packages\django\contrib\admin\sites.py first seen with mtime 1725785710.6562226
File C:\Users\Meira\PycharmProjects\Online store\.venv\Lib\site-packages\django\contrib\messages\constants.py first seen with mtime 1725785712.552223
File C:\Users\Meira\AppData\Local\Programs\Python\Python312\Lib\email\errors.py first seen with mtime 1712663418.0
File C:\Users\Meira\PycharmProjects\Online store\.venv\Lib\site-packages\dotenv\__init__.py first seen with mtime 1726350682.2711103
File C:\Users\Meira\AppData\Local\Programs\Python\Python312\Lib\numbers.py first seen with mtime 1712663418.0
File C:\Users\Meira\AppData\Local\Programs\Python\Python312\Lib\email\feedparser.py first seen with mtime 1712663418.0
File C:\Users\Meira\PycharmProjects\Online store\.venv\Lib\site-packages\django\contrib\admin\views\__init__.py first seen with mtime 1725785711.1482222
File C:\Users\Meira\PycharmProjects\Online store\.venv\Lib\site-packages\django\template\defaultfilters.py first seen with mtime 1725785713.843222
File C:\Users\Meira\AppData\Local\Programs\Python\Python312\Lib\operator.py first seen with mtime 1712663418.0
File C:\Users\Meira\PycharmProjects\Online store\.venv\Lib\site-packages\dotenv\variables.py first seen with mtime 1726350682.2761097
File C:\Users\Meira\AppData\Local\Programs\Python\Python312\Lib\asyncio\base_events.py first seen with mtime 1712663418.0
File C:\Users\Meira\PycharmProjects\Online store\blog\apps.py first seen with mtime 1727634267.962022
File C:\Users\Meira\PycharmProjects\Online store\.venv\Lib\site-packages\django\db\models\base.py first seen with mtime 1725785713.661223
File C:\Users\Meira\AppData\Local\Programs\Python\Python312\Lib\asyncio\sslproto.py first seen with mtime 1712663418.0
File C:\Users\Meira\PycharmProjects\Online store\.venv\Lib\site-packages\django\contrib\auth\password_validation.py first seen with mtime 1725785711.4262226
File C:\Users\Meira\AppData\Local\Programs\Python\Python312\Lib\nturl2path.py first seen with mtime 1712663418.0
File C:\Users\Meira\PycharmProjects\Online store\.venv\Lib\site-packages\django\core\files\uploadhandler.py first seen with mtime 1725785713.549224
File C:\Users\Meira\AppData\Local\Programs\Python\Python312\Lib\email\_header_value_parser.py first seen with mtime 1712663418.0
File C:\Users\Meira\PycharmProjects\Online store\.venv\Lib\site-packages\sqlparse\__init__.py first seen with mtime 1725785709.051322
File C:\Users\Meira\PycharmProjects\Online store\.venv\Lib\site-packages\django\template\loaders\base.py first seen with mtime 1725785713.8562229
File C:\Users\Meira\PycharmProjects\Online store\.venv\Lib\site-packages\asgiref\current_thread_executor.py first seen with mtime 1725785708.9618897
File C:\Users\Meira\AppData\Local\Programs\Python\Python312\Lib\tempfile.py first seen with mtime 1712663418.0
File C:\Users\Meira\AppData\Local\Programs\Python\Python312\DLLs\_uuid.pyd first seen with mtime 1712663462.0
File C:\Users\Meira\AppData\Local\Programs\Python\Python312\Lib\email\_policybase.py first seen with mtime 1712663418.0
File C:\Users\Meira\AppData\Local\Programs\Python\Python312\Lib\html\entities.py first seen with mtime 1712663418.0
File C:\Users\Meira\PycharmProjects\Online store\.venv\Lib\site-packages\django\db\models\constraints.py first seen with mtime 1725785713.6622229
File C:\Users\Meira\PycharmProjects\Online store\.venv\Lib\site-packages\sqlparse\formatter.py first seen with mtime 1725785709.054322
File C:\Users\Meira\PycharmProjects\Online store\.venv\Lib\site-packages\django\template\autoreload.py first seen with mtime 1725785713.8402233
File C:\Users\Meira\AppData\Local\Programs\Python\Python312\Lib\_weakrefset.py first seen with mtime 1712663418.0
File C:\Users\Meira\PycharmProjects\Online store\.venv\Lib\site-packages\django\core\files\uploadedfile.py first seen with mtime 1725785713.5412216
File C:\Users\Meira\PycharmProjects\Online store\.venv\Lib\site-packages\django\contrib\sites\__init__.py first seen with mtime 1725785713.233223
File C:\Users\Meira\AppData\Local\Programs\Python\Python312\Lib\email\mime\__init__.py first seen with mtime 1712663418.0
File C:\Users\Meira\PycharmProjects\Online store\.venv\Lib\site-packages\django\db\models\functions\text.py first seen with mtime 1725785713.745222
File C:\Users\Meira\PycharmProjects\Online store\.venv\Lib\site-packages\django\db\models\constants.py first seen with mtime 1725785713.661223
File C:\Users\Meira\PycharmProjects\Online store\.venv\Lib\site-packages\django\http\multipartparser.py first seen with mtime 1725785713.8292227
File C:\Users\Meira\PycharmProjects\Online store\.venv\Lib\site-packages\django\contrib\staticfiles\apps.py first seen with mtime 1725785713.446223
File C:\Users\Meira\PycharmProjects\Online store\.venv\Lib\site-packages\django\template\loaders\filesystem.py first seen with mtime 1725785713.8582232
File C:\Users\Meira\AppData\Local\Programs\Python\Python312\Lib\pkgutil.py first seen with mtime 1712663418.0
File C:\Users\Meira\AppData\Local\Programs\Python\Python312\Lib\shutil.py first seen with mtime 1712663418.0
File C:\Users\Meira\PycharmProjects\Online store\.venv\Lib\site-packages\django\utils\module_loading.py first seen with mtime 1725785713.896223
File C:\Users\Meira\PycharmProjects\Online store\.venv\Lib\site-packages\django\contrib\admin\options.py first seen with mtime 1725785710.655223
File C:\Users\Meira\PycharmProjects\Online store\.venv\Lib\site-packages\django\core\checks\caches.py first seen with mtime 1725785713.4732223
File C:\Users\Meira\PycharmProjects\Online store\.venv\Lib\site-packages\django\conf\locale\__init__.py first seen with mtime 1725785710.301223
File C:\Users\Meira\PycharmProjects\Online store\.venv\Lib\site-packages\django\utils\http.py first seen with mtime 1725785713.8912232
File C:\Users\Meira\PycharmProjects\Online store\.venv\Lib\site-packages\django\db\models\signals.py first seen with mtime 1725785713.6862226
File C:\Users\Meira\PycharmProjects\Online store\.venv\Lib\site-packages\PIL\Image.py first seen with mtime 1726377627.6632543
File C:\Users\Meira\AppData\Local\Programs\Python\Python312\Lib\types.py first seen with mtime 1712663418.0
File C:\Users\Meira\PycharmProjects\Online store\.venv\Lib\site-packages\asgiref\sync.py first seen with mtime 1725785708.9638891
File C:\Users\Meira\AppData\Local\Programs\Python\Python312\Lib\sysconfig.py first seen with mtime 1712663418.0
File C:\Users\Meira\PycharmProjects\Online store\.venv\Lib\site-packages\django\core\checks\model_checks.py first seen with mtime 1725785713.476223
File C:\Users\Meira\AppData\Local\Programs\Python\Python312\Lib\email\_parseaddr.py first seen with mtime 1712663418.0
File C:\Users\Meira\AppData\Local\Programs\Python\Python312\Lib\email\utils.py first seen with mtime 1712663418.0
File C:\Users\Meira\PycharmProjects\Online store\.venv\Lib\site-packages\django\db\backends\postgresql\operations.py first seen with mtime 1725785713.636223
File C:\Users\Meira\PycharmProjects\Online store\.venv\Lib\site-packages\django\db\models\fields\__init__.py first seen with mtime 1725785713.6952217
File C:\Users\Meira\PycharmProjects\Online store\.venv\Lib\site-packages\django\core\files\images.py first seen with mtime 1725785713.5232234
File C:\Users\Meira\PycharmProjects\Online store\.venv\Lib\site-packages\django\core\handlers\__init__.py first seen with mtime 1725785713.5562232
File C:\Users\Meira\PycharmProjects\Online store\.venv\Lib\site-packages\django\db\backends\base\base.py first seen with mtime 1725785713.608223
File C:\Users\Meira\PycharmProjects\Online store\.venv\Lib\site-packages\django\utils\encoding.py first seen with mtime 1725785713.8872228
File C:\Users\Meira\AppData\Local\Programs\Python\Python312\Lib\concurrent\__init__.py first seen with mtime 1712663418.0
File C:\Users\Meira\PycharmProjects\Online store\.venv\Lib\site-packages\django\db\backends\postgresql\introspection.py first seen with mtime 1725785713.6352227
File C:\Users\Meira\PycharmProjects\Online store\.venv\Lib\site-packages\django\db\models\functions\datetime.py first seen with mtime 1725785713.7432227
File C:\Users\Meira\PycharmProjects\Online store\.venv\Lib\site-packages\django\contrib\staticfiles\handlers.py first seen with mtime 1725785713.4482229
File C:\Users\Meira\PycharmProjects\Online store\.venv\Lib\site-packages\django\forms\renderers.py first seen with mtime 1725785713.7602232
File C:\Users\Meira\PycharmProjects\Online store\.venv\Lib\site-packages\django\contrib\messages\apps.py first seen with mtime 1725785712.551223
File C:\Users\Meira\PycharmProjects\Online store\.venv\Lib\site-packages\django\contrib\auth\management\__init__.py first seen with mtime 1725785711.6392221
File C:\Users\Meira\AppData\Local\Programs\Python\Python312\Lib\asyncio\runners.py first seen with mtime 1712663418.0
File C:\Users\Meira\PycharmProjects\Online store\.venv\Lib\site-packages\django\contrib\auth\__init__.py first seen with mtime 1725785711.4162228
File C:\Users\Meira\PycharmProjects\Online store\.venv\Lib\site-packages\django\utils\safestring.py first seen with mtime 1725785713.8992226
File C:\Users\Meira\AppData\Local\Programs\Python\Python312\Lib\asyncio\exceptions.py first seen with mtime 1712663418.0
File C:\Users\Meira\PycharmProjects\Online store\.venv\Lib\site-packages\django\db\migrations\operations\models.py first seen with mtime 1725785713.6572232
File C:\Users\Meira\PycharmProjects\Online store\.venv\Lib\site-packages\django\utils\__init__.py first seen with mtime 1725785713.876223
File C:\Users\Meira\PycharmProjects\Online store\.venv\Lib\site-packages\django\contrib\contenttypes\forms.py first seen with mtime 1725785711.6582232
File C:\Users\Meira\PycharmProjects\Online store\.venv\Lib\site-packages\django\db\backends\base\operations.py first seen with mtime 1725785713.612222
File C:\Users\Meira\AppData\Local\Programs\Python\Python312\Lib\lzma.py first seen with mtime 1712663418.0
File C:\Users\Meira\PycharmProjects\Online store\.venv\Lib\site-packages\django\utils\connection.py first seen with mtime 1725785713.8812232
File C:\Users\Meira\PycharmProjects\Online store\.venv\Lib\site-packages\django\middleware\cache.py first seen with mtime 1725785713.833223
File C:\Users\Meira\PycharmProjects\Online store\.venv\Lib\site-packages\django\views\defaults.py first seen with mtime 1725785713.913223
File C:\Users\Meira\PycharmProjects\Online store\.venv\Lib\site-packages\django\core\files\locks.py first seen with mtime 1725785713.5302246
File C:\Users\Meira\PycharmProjects\Online store\.venv\Lib\site-packages\psycopg2\extras.py first seen with mtime 1726349773.6746
File C:\Users\Meira\AppData\Local\Programs\Python\Python312\Lib\graphlib.py first seen with mtime 1712663418.0
File C:\Users\Meira\AppData\Local\Programs\Python\Python312\Lib\email\__init__.py first seen with mtime 1712663418.0
File C:\Users\Meira\PycharmProjects\Online store\.venv\Lib\site-packages\django\core\checks\translation.py first seen with mtime 1725785713.4862237
File C:\Users\Meira\PycharmProjects\Online store\.venv\Lib\site-packages\django\http\request.py first seen with mtime 1725785713.830223
File C:\Users\Meira\PycharmProjects\Online store\.venv\Lib\site-packages\django\template\library.py first seen with mtime 1725785713.8462222
File C:\Users\Meira\PycharmProjects\Online store\.venv\Lib\site-packages\django\conf\global_settings.py first seen with mtime 1725785710.295223
File C:\Users\Meira\PycharmProjects\Online store\.venv\Lib\site-packages\django\forms\forms.py first seen with mtime 1725785713.7572238
File C:\Users\Meira\PycharmProjects\Online store\.venv\Lib\site-packages\django\urls\converters.py first seen with mtime 1725785713.8732233
File C:\Users\Meira\PycharmProjects\Online store\.venv\Lib\site-packages\django\forms\__init__.py first seen with mtime 1725785713.755223
File C:\Users\Meira\AppData\Local\Programs\Python\Python312\Lib\ipaddress.py first seen with mtime 1712663418.0
File C:\Users\Meira\PycharmProjects\Online store\.venv\Lib\site-packages\django\views\decorators\common.py first seen with mtime 1725785713.9172232
File C:\Users\Meira\AppData\Local\Programs\Python\Python312\Lib\calendar.py first seen with mtime 1712663418.0
File C:\Users\Meira\PycharmProjects\Online store\.venv\Lib\site-packages\PIL\_typing.py first seen with mtime 1726377627.9330618
File C:\Users\Meira\AppData\Local\Programs\Python\Python312\Lib\email\policy.py first seen with mtime 1712663418.0
File C:\Users\Meira\PycharmProjects\Online store\.venv\Lib\site-packages\django\contrib\admin\views\main.py first seen with mtime 1725785711.1502228
File C:\Users\Meira\PycharmProjects\Online store\.venv\Lib\site-packages\django\db\backends\postgresql\base.py first seen with mtime 1725785713.6332223
File C:\Users\Meira\PycharmProjects\Online store\.venv\Lib\site-packages\django\core\validators.py first seen with mtime 1725785713.4622233
File C:\Users\Meira\AppData\Local\Programs\Python\Python312\Lib\email\mime\base.py first seen with mtime 1712663418.0
File C:\Users\Meira\PycharmProjects\Online store\catalog\apps.py first seen with mtime 1726395388.8924632
File C:\Users\Meira\PycharmProjects\Online store\.venv\Lib\site-packages\django\template\__init__.py first seen with mtime 1725785713.839223
File C:\Users\Meira\PycharmProjects\Online store\.venv\Lib\site-packages\colorama\win32.py first seen with mtime 1726398784.0310235
File C:\Users\Meira\PycharmProjects\Online store\.venv\Lib\site-packages\django\contrib\contenttypes\management\__init__.py first seen with mtime 1725785711.8532233
File C:\Users\Meira\PycharmProjects\Online store\.venv\Lib\site-packages\django\templatetags\l10n.py first seen with mtime 1725785713.8622224
File C:\Users\Meira\PycharmProjects\Online store\.venv\Lib\site-packages\psycopg2\errors.py first seen with mtime 1726349773.6726005
File C:\Users\Meira\PycharmProjects\Online store\.venv\Lib\site-packages\django\utils\lorem_ipsum.py first seen with mtime 1725785713.8952231
File C:\Users\Meira\PycharmProjects\Online store\.venv\Lib\site-packages\django\db\models\functions\comparison.py first seen with mtime 1725785713.742223
File C:\Users\Meira\PycharmProjects\Online store\.venv\Lib\site-packages\django\middleware\__init__.py first seen with mtime 1725785713.8322222
File C:\Users\Meira\PycharmProjects\Online store\blog\__init__.py first seen with mtime 1727634267.958314
File C:\Users\Meira\PycharmProjects\Online store\blog\models.py first seen with mtime 1729964966.1723053
File C:\Users\Meira\PycharmProjects\Online store\.venv\Lib\site-packages\django\db\models\fields\proxy.py first seen with mtime 1725785713.7212212
File C:\Users\Meira\PycharmProjects\Online store\catalog\models.py first seen with mtime 1729964966.1893053
File C:\Users\Meira\PycharmProjects\Online store\.venv\Lib\site-packages\django\middleware\csrf.py first seen with mtime 1725785713.8352222
File C:\Users\Meira\PycharmProjects\Online store\.venv\Lib\site-packages\django\utils\regex_helper.py first seen with mtime 1725785713.8982234
File C:\Users\Meira\PycharmProjects\Online store\.venv\Lib\site-packages\django\template\backends\django.py first seen with mtime 1725785713.8532226
File C:\Users\Meira\PycharmProjects\Online store\.venv\Lib\site-packages\django\db\backends\base\schema.py first seen with mtime 1725785713.612222
File C:\Users\Meira\PycharmProjects\Online store\.venv\Lib\site-packages\django\contrib\sites\shortcuts.py first seen with mtime 1725785713.2392232
File C:\Users\Meira\PycharmProjects\Online store\.venv\Lib\site-packages\django\contrib\__init__.py first seen with mtime 1725785710.647223
File C:\Users\Meira\PycharmProjects\Online store\.venv\Lib\site-packages\django\contrib\admin\checks.py first seen with mtime 1725785710.650223
File C:\Users\Meira\PycharmProjects\Online store\.venv\Lib\site-packages\django\contrib\admin\templatetags\admin_urls.py first seen with mtime 1725785711.1462228
File C:\Users\Meira\PycharmProjects\Online store\.venv\Lib\site-packages\django\core\management\commands\runserver.py first seen with mtime 1725785713.5842228
File C:\Users\Meira\PycharmProjects\Online store\.venv\Lib\site-packages\django\db\models\fields\related_descriptors.py first seen with mtime 1725785713.7302237
File C:\Users\Meira\PycharmProjects\Online store\.venv\Lib\site-packages\django\db\models\query_utils.py first seen with mtime 1725785713.685224
File C:\Users\Meira\AppData\Local\Programs\Python\Python312\DLLs\_lzma.pyd first seen with mtime 1712663462.0
File C:\Users\Meira\PycharmProjects\Online store\.venv\Lib\site-packages\django\http\cookie.py first seen with mtime 1725785713.8292227
File C:\Users\Meira\PycharmProjects\Online store\.venv\Lib\site-packages\django\db\models\fields\files.py first seen with mtime 1725785713.703223
File C:\Users\Meira\PycharmProjects\Online store\.venv\Lib\site-packages\django\db\backends\postgresql\psycopg_any.py first seen with mtime 1725785713.6372228
File C:\Users\Meira\PycharmProjects\Online store\.venv\Lib\site-packages\django\core\servers\__init__.py first seen with mtime 1725785713.5992231
File C:\Users\Meira\AppData\Local\Programs\Python\Python312\Lib\hmac.py first seen with mtime 1712663418.0
File C:\Users\Meira\PycharmProjects\Online store\.venv\Lib\site-packages\django\db\backends\base\creation.py first seen with mtime 1725785713.6092231
File C:\Users\Meira\PycharmProjects\Online store\.venv\Lib\site-packages\django\core\checks\templates.py first seen with mtime 1725785713.4862237
File C:\Users\Meira\PycharmProjects\Online store\.venv\Lib\site-packages\django\utils\log.py first seen with mtime 1725785713.8952231
File C:\Users\Meira\AppData\Local\Programs\Python\Python312\Lib\encodings\__init__.py first seen with mtime 1712663418.0
File C:\Users\Meira\AppData\Local\Programs\Python\Python312\DLLs\_decimal.pyd first seen with mtime 1712663462.0
File C:\Users\Meira\PycharmProjects\Online store\.venv\Lib\site-packages\django\contrib\admin\apps.py first seen with mtime 1725785710.649223
File C:\Users\Meira\PycharmProjects\Online store\users\apps.py first seen with mtime 1729629899.074566
File C:\Users\Meira\PycharmProjects\Online store\.venv\Lib\site-packages\django\utils\translation\__init__.py first seen with mtime 1725785713.906223
File C:\Users\Meira\PycharmProjects\Online store\.venv\Lib\site-packages\sqlparse\filters\tokens.py first seen with mtime 1725785709.066322
File C:\Users\Meira\AppData\Local\Programs\Python\Python312\Lib\difflib.py first seen with mtime 1712663418.0
File C:\Users\Meira\AppData\Local\Programs\Python\Python312\Lib\re\_casefix.py first seen with mtime 1712663418.0
File C:\Users\Meira\AppData\Local\Programs\Python\Python312\DLLs\_wmi.pyd first seen with mtime 1712663462.0
File C:\Users\Meira\AppData\Local\Programs\Python\Python312\Lib\asyncio\windows_events.py first seen with mtime 1712663418.0
File C:\Users\Meira\PycharmProjects\Online store\.venv\Lib\site-packages\django\core\wsgi.py first seen with mtime 1725785713.463223
File C:\Users\Meira\PycharmProjects\Online store\.venv\Lib\site-packages\sqlparse\filters\__init__.py first seen with mtime 1725785709.0623221
File C:\Users\Meira\PycharmProjects\Online store\.venv\Lib\site-packages\django\template\backends\base.py first seen with mtime 1725785713.852222
File C:\Users\Meira\AppData\Local\Programs\Python\Python312\Lib\encodings\cp1251.py first seen with mtime 1712663418.0
File C:\Users\Meira\AppData\Local\Programs\Python\Python312\Lib\urllib\error.py first seen with mtime 1712663418.0
File C:\Users\Meira\PycharmProjects\Online store\.venv\Lib\site-packages\django\db\backends\postgresql\__init__.py first seen with mtime 1725785713.6322227
File C:\Users\Meira\PycharmProjects\Online store\.venv\Lib\site-packages\django\contrib\auth\admin.py first seen with mtime 1725785711.4172232
File C:\Users\Meira\AppData\Local\Programs\Python\Python312\Lib\urllib\response.py first seen with mtime 1712663418.0
File C:\Users\Meira\PycharmProjects\Online store\.venv\Lib\site-packages\django\views\decorators\csrf.py first seen with mtime 1725785713.9182224
File C:\Users\Meira\PycharmProjects\Online store\.venv\Lib\site-packages\django\utils\dates.py first seen with mtime 1725785713.884223
File C:\Users\Meira\PycharmProjects\Online store\.venv\Lib\site-packages\django\core\signing.py first seen with mtime 1725785713.4622233
File C:\Users\Meira\PycharmProjects\Online store\.venv\Lib\site-packages\django\db\backends\base\client.py first seen with mtime 1725785713.608223
File C:\Users\Meira\PycharmProjects\Online store\.venv\Lib\site-packages\django\template\smartif.py first seen with mtime 1725785713.8492227
File C:\Users\Meira\PycharmProjects\Online store\.venv\Lib\site-packages\django\core\mail\__init__.py first seen with mtime 1725785713.5602221
File C:\Users\Meira\AppData\Local\Programs\Python\Python312\Lib\queue.py first seen with mtime 1712663418.0
File C:\Users\Meira\AppData\Local\Programs\Python\Python312\Lib\urllib\__init__.py first seen with mtime 1712663418.0
File C:\Users\Meira\PycharmProjects\Online store\.venv\Lib\site-packages\sqlparse\filters\others.py first seen with mtime 1725785709.0633218
File C:\Users\Meira\AppData\Local\Programs\Python\Python312\Lib\asyncio\trsock.py first seen with mtime 1712663418.0
File C:\Users\Meira\AppData\Local\Programs\Python\Python312\Lib\dis.py first seen with mtime 1712663418.0
File C:\Users\Meira\PycharmProjects\Online store\.venv\Lib\site-packages\django\db\backends\postgresql\features.py first seen with mtime 1725785713.6352227
File C:\Users\Meira\PycharmProjects\Online store\.venv\Lib\site-packages\django\utils\_os.py first seen with mtime 1725785713.876223
File C:\Users\Meira\PycharmProjects\Online store\.venv\Lib\site-packages\django\conf\urls\static.py first seen with mtime 1725785710.646223
File C:\Users\Meira\AppData\Local\Programs\Python\Python312\DLLs\_ssl.pyd first seen with mtime 1712663462.0
File C:\Users\Meira\AppData\Local\Programs\Python\Python312\Lib\datetime.py first seen with mtime 1712663418.0
File C:\Users\Meira\AppData\Local\Programs\Python\Python312\Lib\email\iterators.py first seen with mtime 1712663418.0
File C:\Users\Meira\PycharmProjects\Online store\.venv\Lib\site-packages\sqlparse\lexer.py first seen with mtime 1725785709.055322
File C:\Users\Meira\AppData\Local\Programs\Python\Python312\DLLs\_overlapped.pyd first seen with mtime 1712663462.0
File C:\Users\Meira\PycharmProjects\Online store\.venv\Lib\site-packages\django\db\models\options.py first seen with mtime 1725785713.6762233
File C:\Users\Meira\PycharmProjects\Online store\.venv\Lib\site-packages\django\core\serializers\python.py first seen with mtime 1725785713.5972228
File C:\Users\Meira\PycharmProjects\Online store\.venv\Lib\site-packages\django\forms\widgets.py first seen with mtime 1725785713.7612221
File C:\Users\Meira\PycharmProjects\Online store\.venv\Lib\site-packages\django\db\migrations\utils.py first seen with mtime 1725785713.6542227
File C:\Users\Meira\PycharmProjects\Online store\.venv\Lib\site-packages\django\contrib\contenttypes\models.py first seen with mtime 1725785711.659223
File C:\Users\Meira\PycharmProjects\Online store\.venv\Lib\site-packages\django\contrib\admin\filters.py first seen with mtime 1725785710.652223
File C:\Users\Meira\PycharmProjects\Online store\.venv\Lib\site-packages\django\core\checks\security\__init__.py first seen with mtime 1725785713.5042233
File C:\Users\Meira\PycharmProjects\Online store\.venv\Lib\site-packages\django\core\serializers\__init__.py first seen with mtime 1725785713.5932233
File C:\Users\Meira\PycharmProjects\Online store\.venv\Lib\site-packages\django\core\files\utils.py first seen with mtime 1725785713.5502234
File C:\Users\Meira\PycharmProjects\Online store\.venv\Lib\site-packages\django\utils\html.py first seen with mtime 1725785713.8912232
File C:\Users\Meira\PycharmProjects\Online store\.venv\Lib\site-packages\django\db\models\sql\query.py first seen with mtime 1725785713.7502227
File C:\Users\Meira\AppData\Local\Programs\Python\Python312\Lib\email\message.py first seen with mtime 1712663418.0
File C:\Users\Meira\PycharmProjects\Online store\.venv\Lib\site-packages\django\db\migrations\operations\__init__.py first seen with mtime 1725785713.6552227
File C:\Users\Meira\PycharmProjects\Online store\.venv\Lib\site-packages\django\contrib\admin\templatetags\log.py first seen with mtime 1725785711.1472232
File C:\Users\Meira\PycharmProjects\Online store\.venv\Lib\site-packages\django\utils\numberformat.py first seen with mtime 1725785713.8972225
File C:\Users\Meira\PycharmProjects\Online store\blog\urls.py first seen with mtime 1729964966.1773052
File C:\Users\Meira\PycharmProjects\Online store\.venv\Lib\site-packages\django\contrib\messages\storage\__init__.py first seen with mtime 1725785712.556223
File C:\Users\Meira\PycharmProjects\Online store\.venv\Lib\site-packages\django\db\models\query.py first seen with mtime 1725785713.6772232
File C:\Users\Meira\PycharmProjects\Online store\.venv\Lib\site-packages\django\db\models\functions\math.py first seen with mtime 1725785713.7432227
File C:\Users\Meira\PycharmProjects\Online store\.venv\Lib\site-packages\django\template\loaders\__init__.py first seen with mtime 1725785713.855223
File C:\Users\Meira\PycharmProjects\Online store\.venv\Lib\site-packages\django\urls\utils.py first seen with mtime 1725785713.875223
File C:\Users\Meira\PycharmProjects\Online store\.venv\Lib\site-packages\django\http\response.py first seen with mtime 1725785713.8312228
File C:\Users\Meira\AppData\Local\Programs\Python\Python312\Lib\asyncio\futures.py first seen with mtime 1712663418.0
File C:\Users\Meira\PycharmProjects\Online store\catalog\views.py first seen with mtime 1729989091.5931804
File C:\Users\Meira\AppData\Local\Programs\Python\Python312\Lib\urllib\request.py first seen with mtime 1712663418.0
File C:\Users\Meira\AppData\Local\Programs\Python\Python312\Lib\linecache.py first seen with mtime 1712663418.0
File C:\Users\Meira\AppData\Local\Programs\Python\Python312\Lib\concurrent\futures\__init__.py first seen with mtime 1712663418.0
File C:\Users\Meira\AppData\Local\Programs\Python\Python312\Lib\collections\abc.py first seen with mtime 1712663418.0
File C:\Users\Meira\PycharmProjects\Online store\.venv\Lib\site-packages\django\contrib\admin\exceptions.py first seen with mtime 1725785710.651223
File C:\Users\Meira\PycharmProjects\Online store\.venv\Lib\site-packages\psycopg2\__init__.py first seen with mtime 1726349773.654601
File C:\Users\Meira\PycharmProjects\Online store\.venv\Lib\site-packages\django\db\models\utils.py first seen with mtime 1725785713.6932228
File C:\Users\Meira\PycharmProjects\Online store\.venv\Lib\site-packages\django\views\debug.py first seen with mtime 1725785713.912223
File C:\Users\Meira\PycharmProjects\Online store\.venv\Lib\site-packages\django\core\management\base.py first seen with mtime 1725785713.5692232
File C:\Users\Meira\PycharmProjects\Online store\.venv\Lib\site-packages\django\contrib\auth\checks.py first seen with mtime 1725785711.420223
File C:\Users\Meira\PycharmProjects\Online store\.venv\Lib\site-packages\django\utils\timezone.py first seen with mtime 1725785713.902223
File C:\Users\Meira\PycharmProjects\Online store\.venv\Lib\site-packages\django\core\checks\compatibility\__init__.py first seen with mtime 1725785713.495222
File C:\Users\Meira\PycharmProjects\Online store\.venv\Lib\site-packages\django\db\models\fields\generated.py first seen with mtime 1725785713.7042222
File C:\Users\Meira\AppData\Local\Programs\Python\Python312\Lib\email\generator.py first seen with mtime 1712663418.0
File C:\Users\Meira\AppData\Local\Programs\Python\Python312\Lib\email\mime\message.py first seen with mtime 1712663418.0
File C:\Users\Meira\AppData\Local\Programs\Python\Python312\Lib\re\_compiler.py first seen with mtime 1712663418.0
File C:\Users\Meira\PycharmProjects\Online store\.venv\Lib\site-packages\psycopg2\extensions.py first seen with mtime 1726349773.6735997
File C:\Users\Meira\PycharmProjects\Online store\.venv\Lib\site-packages\django\dispatch\__init__.py first seen with mtime 1725785713.753222
File C:\Users\Meira\PycharmProjects\Online store\.venv\Lib\site-packages\django\template\loaders\cached.py first seen with mtime 1725785713.8572228
File C:\Users\Meira\PycharmProjects\Online store\.venv\Lib\site-packages\django\template\utils.py first seen with mtime 1725785713.8502233
File C:\Users\Meira\PycharmProjects\Online store\.venv\Lib\site-packages\django\db\migrations\__init__.py first seen with mtime 1725785713.6452227
File C:\Users\Meira\PycharmProjects\Online store\.venv\Lib\site-packages\django\utils\choices.py first seen with mtime 1725785713.880223
File C:\Users\Meira\PycharmProjects\Online store\.venv\Lib\site-packages\django\contrib\staticfiles\management\commands\__init__.py first seen with mtime 1725785713.453223
File C:\Users\Meira\PycharmProjects\Online store\.venv\Lib\site-packages\django\utils\ipv6.py first seen with mtime 1725785713.8932233
File C:\Users\Meira\AppData\Local\Programs\Python\Python312\Lib\http\cookies.py first seen with mtime 1712663418.0
File C:\Users\Meira\PycharmProjects\Online store\.venv\Lib\site-packages\django\contrib\staticfiles\views.py first seen with mtime 1725785713.4522233
File C:\Users\Meira\PycharmProjects\Online store\.venv\Lib\site-packages\django\core\cache\backends\filebased.py first seen with mtime 1725785713.4692245
File C:\Users\Meira\AppData\Local\Programs\Python\Python312\Lib\urllib\parse.py first seen with mtime 1712663418.0
File C:\Users\Meira\PycharmProjects\Online store\users\__init__.py first seen with mtime 1729629899.072566
File C:\Users\Meira\PycharmProjects\Online store\.venv\Lib\site-packages\PIL\_deprecate.py first seen with mtime 1726377627.7920792
File C:\Users\Meira\PycharmProjects\Online store\catalog\forms.py first seen with mtime 1729964966.1823053
File C:\Users\Meira\AppData\Local\Programs\Python\Python312\DLLs\_socket.pyd first seen with mtime 1712663462.0
File C:\Users\Meira\PycharmProjects\Online store\.venv\Lib\site-packages\colorama\ansi.py first seen with mtime 1726398784.0270252
File C:\Users\Meira\PycharmProjects\Online store\.venv\Lib\site-packages\django\views\generic\list.py first seen with mtime 1725785713.9252226
File C:\Users\Meira\PycharmProjects\Online store\.venv\Lib\site-packages\django\templatetags\tz.py first seen with mtime 1725785713.863223
File C:\Users\Meira\PycharmProjects\Online store\.venv\Lib\site-packages\django\template\exceptions.py first seen with mtime 1725785713.8452232
File C:\Users\Meira\PycharmProjects\Online store\.venv\Lib\site-packages\django\core\checks\compatibility\django_4_0.py first seen with mtime 1725785713.495222
File C:\Users\Meira\PycharmProjects\Online store\.venv\Lib\site-packages\django\db\backends\postgresql\creation.py first seen with mtime 1725785713.634223
File C:\Users\Meira\PycharmProjects\Online store\.venv\Lib\site-packages\django\core\checks\__init__.py first seen with mtime 1725785713.472223
File C:\Users\Meira\AppData\Local\Programs\Python\Python312\Lib\dataclasses.py first seen with mtime 1712663418.0
File C:\Users\Meira\PycharmProjects\Online store\config\settings.py first seen with mtime 1729988145.2765465
File C:\Users\Meira\PycharmProjects\Online store\.venv\Lib\site-packages\django\core\checks\messages.py first seen with mtime 1725785713.4752233
File C:\Users\Meira\AppData\Local\Programs\Python\Python312\Lib\http\server.py first seen with mtime 1712663418.0
File C:\Users\Meira\PycharmProjects\Online store\manage.py first seen with mtime 1725785954.5432363
File C:\Users\Meira\AppData\Local\Programs\Python\Python312\Lib\gzip.py first seen with mtime 1712663418.0
File C:\Users\Meira\PycharmProjects\Online store\config\__init__.py first seen with mtime 1725785953.5208223
File C:\Users\Meira\AppData\Local\Programs\Python\Python312\Lib\reprlib.py first seen with mtime 1712663418.0
File C:\Users\Meira\PycharmProjects\Online store\.venv\Lib\site-packages\django\db\backends\signals.py first seen with mtime 1725785713.605223
File C:\Users\Meira\PycharmProjects\Online store\.venv\Lib\site-packages\PIL\_binary.py first seen with mtime 1726377627.7900612
File C:\Users\Meira\AppData\Local\Programs\Python\Python312\Lib\importlib\_abc.py first seen with mtime 1712663418.0
File C:\Users\Meira\AppData\Local\Programs\Python\Python312\Lib\pprint.py first seen with mtime 1712663418.0
File C:\Users\Meira\PycharmProjects\Online store\catalog\admin.py first seen with mtime 1729964966.1793053
File C:\Users\Meira\PycharmProjects\Online store\.venv\Lib\site-packages\django\utils\inspect.py first seen with mtime 1725785713.8922222
File C:\Users\Meira\PycharmProjects\Online store\.venv\Lib\site-packages\django\db\models\sql\datastructures.py first seen with mtime 1725785713.7492223
File C:\Users\Meira\AppData\Local\Programs\Python\Python312\Lib\html\parser.py first seen with mtime 1712663418.0
File C:\Users\Meira\PycharmProjects\Online store\.venv\Lib\site-packages\django\contrib\contenttypes\fields.py first seen with mtime 1725785711.657223
File C:\Users\Meira\AppData\Local\Programs\Python\Python312\Lib\threading.py first seen with mtime 1712663418.0
File C:\Users\Meira\AppData\Local\Programs\Python\Python312\Lib\asyncio\base_futures.py first seen with mtime 1712663418.0
File C:\Users\Meira\PycharmProjects\Online store\.venv\Lib\site-packages\django\core\handlers\wsgi.py first seen with mtime 1725785713.559223
File C:\Users\Meira\AppData\Local\Programs\Python\Python312\Lib\pickle.py first seen with mtime 1712663418.0
File C:\Users\Meira\PycharmProjects\Online store\.venv\Lib\site-packages\django\core\cache\backends\__init__.py first seen with mtime 1725785713.466223
File C:\Users\Meira\PycharmProjects\Online store\.venv\Lib\site-packages\django\core\handlers\asgi.py first seen with mtime 1725785713.5562232
File C:\Users\Meira\PycharmProjects\Online store\.venv\Lib\site-packages\django\utils\datastructures.py first seen with mtime 1725785713.8822227
File C:\Users\Meira\PycharmProjects\Online store\.venv\Lib\site-packages\django\utils\dateformat.py first seen with mtime 1725785713.883223
File C:\Users\Meira\PycharmProjects\Online store\.venv\Lib\site-packages\django\contrib\auth\signals.py first seen with mtime 1725785711.4272232
File C:\Users\Meira\PycharmProjects\Online store\.venv\Lib\site-packages\django\db\models\sql\subqueries.py first seen with mtime 1725785713.751223
File C:\Users\Meira\PycharmProjects\Online store\.venv\Lib\site-packages\django\core\checks\security\csrf.py first seen with mtime 1725785713.5062232
File C:\Users\Meira\AppData\Local\Programs\Python\Python312\Lib\enum.py first seen with mtime 1712663418.0
File C:\Users\Meira\PycharmProjects\Online store\.venv\Lib\site-packages\django\db\models\aggregates.py first seen with mtime 1725785713.660223
File C:\Users\Meira\AppData\Local\Programs\Python\Python312\Lib\pathlib.py first seen with mtime 1712663418.0
File C:\Users\Meira\PycharmProjects\Online store\.venv\Lib\site-packages\django\core\exceptions.py first seen with mtime 1725785713.4602232
File C:\Users\Meira\PycharmProjects\Online store\.venv\Lib\site-packages\django\utils\termcolors.py first seen with mtime 1725785713.8992226
File C:\Users\Meira\PycharmProjects\Online store\.venv\Lib\site-packages\django\core\paginator.py first seen with mtime 1725785713.4602232
File C:\Users\Meira\PycharmProjects\Online store\.venv\Lib\site-packages\django\contrib\auth\middleware.py first seen with mtime 1725785711.424223
File C:\Users\Meira\PycharmProjects\Online store\.venv\Lib\site-packages\django\db\models\functions\mixins.py first seen with mtime 1725785713.7442222
File C:\Users\Meira\AppData\Local\Programs\Python\Python312\Lib\wsgiref\simple_server.py first seen with mtime 1712663418.0
File C:\Users\Meira\AppData\Local\Programs\Python\Python312\Lib\wsgiref\handlers.py first seen with mtime 1712663418.0
File C:\Users\Meira\PycharmProjects\Online store\.venv\Lib\site-packages\django\core\checks\registry.py first seen with mtime 1725785713.4772224
File C:\Users\Meira\PycharmProjects\Online store\.venv\Lib\site-packages\django\contrib\contenttypes\apps.py first seen with mtime 1725785711.656223
File C:\Users\Meira\PycharmProjects\Online store\.venv\Lib\site-packages\django\core\files\storage\filesystem.py first seen with mtime 1725785713.5522225
File C:\Users\Meira\PycharmProjects\Online store\.venv\Lib\site-packages\django\core\files\storage\memory.py first seen with mtime 1725785713.5542233
File C:\Users\Meira\PycharmProjects\Online store\.venv\Lib\site-packages\django\core\handlers\exception.py first seen with mtime 1725785713.5582232
File C:\Users\Meira\PycharmProjects\Online store\.venv\Lib\site-packages\django\templatetags\static.py first seen with mtime 1725785713.8622224
File C:\Users\Meira\PycharmProjects\Online store\.venv\Lib\site-packages\sqlparse\engine\statement_splitter.py first seen with mtime 1725785709.0613217
File C:\Users\Meira\PycharmProjects\Online store\.venv\Lib\site-packages\sqlparse\exceptions.py first seen with mtime 1725785709.0533216
File C:\Users\Meira\PycharmProjects\Online store\.venv\Lib\site-packages\django\utils\functional.py first seen with mtime 1725785713.8892221
File C:\Users\Meira\PycharmProjects\Online store\.venv\Lib\site-packages\django\utils\translation\trans_real.py first seen with mtime 1725785713.9092228
File C:\Users\Meira\PycharmProjects\Online store\.venv\Lib\site-packages\django\db\models\enums.py first seen with mtime 1725785713.6642232
File C:\Users\Meira\PycharmProjects\Online store\.venv\Lib\site-packages\django\urls\base.py first seen with mtime 1725785713.871223
File C:\Users\Meira\PycharmProjects\Online store\.venv\Lib\site-packages\django\contrib\contenttypes\views.py first seen with mtime 1725785711.660223
File C:\Users\Meira\PycharmProjects\Online store\.venv\Lib\site-packages\django\core\files\base.py first seen with mtime 1725785713.5222232
File C:\Users\Meira\PycharmProjects\Online store\.venv\Lib\site-packages\django\contrib\admin\__init__.py first seen with mtime 1725785710.648223
File C:\Users\Meira\PycharmProjects\Online store\users\forms.py first seen with mtime 1729964966.2003052
File C:\Users\Meira\PycharmProjects\Online store\.venv\Lib\site-packages\django\contrib\auth\validators.py first seen with mtime 1725785711.4292233
File C:\Users\Meira\AppData\Local\Programs\Python\Python312\Lib\asyncio\subprocess.py first seen with mtime 1712663418.0
File C:\Users\Meira\AppData\Local\Programs\Python\Python312\Lib\logging\handlers.py first seen with mtime 1712663418.0
File C:\Users\Meira\PycharmProjects\Online store\.venv\Lib\site-packages\asgiref\local.py first seen with mtime 1725785708.9618897
File C:\Users\Meira\AppData\Local\Programs\Python\Python312\Lib\selectors.py first seen with mtime 1712663418.0
File C:\Users\Meira\AppData\Local\Programs\Python\Python312\Lib\traceback.py first seen with mtime 1712663418.0
File C:\Users\Meira\PycharmProjects\Online store\.venv\Lib\site-packages\django\core\serializers\json.py first seen with mtime 1725785713.5952232
File C:\Users\Meira\PycharmProjects\Online store\.venv\Lib\site-packages\PIL\ImageMode.py first seen with mtime 1726377627.6832519
File C:\Users\Meira\AppData\Local\Programs\Python\Python312\Lib\_compat_pickle.py first seen with mtime 1712663418.0
File C:\Users\Meira\PycharmProjects\Online store\.venv\Lib\site-packages\django\db\migrations\operations\special.py first seen with mtime 1725785713.658223
File C:\Users\Meira\PycharmProjects\Online store\.venv\Lib\site-packages\django\views\generic\__init__.py first seen with mtime 1725785713.921222
File C:\Users\Meira\AppData\Local\Programs\Python\Python312\Lib\json\scanner.py first seen with mtime 1712663418.0
File C:\Users\Meira\PycharmProjects\Online store\.venv\Lib\site-packages\sqlparse\utils.py first seen with mtime 1725785709.0583217
File C:\Users\Meira\AppData\Local\Programs\Python\Python312\Lib\asyncio\selector_events.py first seen with mtime 1712663418.0
File C:\Users\Meira\PycharmProjects\Online store\.venv\Lib\site-packages\django\contrib\staticfiles\__init__.py first seen with mtime 1725785713.445223
File C:\Users\Meira\PycharmProjects\Online store\.venv\Lib\site-packages\django\contrib\auth\apps.py first seen with mtime 1725785711.4172232
File C:\Users\Meira\PycharmProjects\Online store\.venv\Lib\site-packages\django\contrib\staticfiles\management\commands\runserver.py first seen with mtime 1725785713.4562225
File C:\Users\Meira\PycharmProjects\Online store\.venv\Lib\site-packages\django\db\models\expressions.py first seen with mtime 1725785713.665224
File C:\Users\Meira\AppData\Local\Programs\Python\Python312\Lib\bz2.py first seen with mtime 1712663418.0
File C:\Users\Meira\AppData\Local\Programs\Python\Python312\Lib\asyncio\format_helpers.py first seen with mtime 1712663418.0
File C:\Users\Meira\AppData\Local\Programs\Python\Python312\DLLs\_queue.pyd first seen with mtime 1712663462.0
File C:\Users\Meira\PycharmProjects\Online store\.venv\Lib\site-packages\sqlparse\filters\aligned_indent.py first seen with mtime 1725785709.0623221
File C:\Users\Meira\PycharmProjects\Online store\.venv\Lib\site-packages\django\core\checks\urls.py first seen with mtime 1725785713.4942238
File C:\Users\Meira\PycharmProjects\Online store\.venv\Lib\site-packages\django\urls\resolvers.py first seen with mtime 1725785713.8742232
File C:\Users\Meira\PycharmProjects\Online store\.venv\Lib\site-packages\django\db\models\indexes.py first seen with mtime 1725785713.665224
File C:\Users\Meira\PycharmProjects\Online store\.venv\Lib\site-packages\django\db\models\sql\constants.py first seen with mtime 1725785713.748223
File C:\Users\Meira\PycharmProjects\Online store\.venv\Lib\site-packages\colorama\ansitowin32.py first seen with mtime 1726398784.029024
File C:\Users\Meira\AppData\Local\Programs\Python\Python312\Lib\textwrap.py first seen with mtime 1712663418.0
File C:\Users\Meira\PycharmProjects\Online store\.venv\Lib\site-packages\django\forms\boundfield.py first seen with mtime 1725785713.755223
File C:\Users\Meira\AppData\Local\Programs\Python\Python312\Lib\functools.py first seen with mtime 1712663418.0
File C:\Users\Meira\AppData\Local\Programs\Python\Python312\Lib\random.py first seen with mtime 1712663418.0
File C:\Users\Meira\AppData\Local\Programs\Python\Python312\Lib\argparse.py first seen with mtime 1712663418.0
File C:\Users\Meira\PycharmProjects\Online store\.venv\Lib\site-packages\django\contrib\sessions\middleware.py first seen with mtime 1725785713.0252233
File C:\Users\Meira\PycharmProjects\Online store\.venv\Lib\site-packages\django\core\signals.py first seen with mtime 1725785713.461223
File C:\Users\Meira\AppData\Local\Programs\Python\Python312\Lib\json\encoder.py first seen with mtime 1712663418.0
File C:\Users\Meira\PycharmProjects\Online store\.venv\Lib\site-packages\django\apps\config.py first seen with mtime 1725785710.293223
File C:\Users\Meira\PycharmProjects\Online store\.venv\Lib\site-packages\django\contrib\admin\decorators.py first seen with mtime 1725785710.650223
File C:\Users\Meira\PycharmProjects\Online store\.venv\Lib\site-packages\django\contrib\admin\templatetags\admin_list.py first seen with mtime 1725785711.1452227
File C:\Users\Meira\AppData\Local\Programs\Python\Python312\Lib\typing.py first seen with mtime 1712663418.0
File C:\Users\Meira\AppData\Local\Programs\Python\Python312\Lib\email\mime\nonmultipart.py first seen with mtime 1712663418.0
File C:\Users\Meira\PycharmProjects\Online store\.venv\Lib\site-packages\django\db\models\functions\window.py first seen with mtime 1725785713.7462232
File C:\Users\Meira\PycharmProjects\Online store\.venv\Lib\site-packages\django\core\files\move.py first seen with mtime 1725785713.532223
File C:\Users\Meira\AppData\Local\Programs\Python\Python312\Lib\heapq.py first seen with mtime 1712663418.0
File C:\Users\Meira\PycharmProjects\Online store\.venv\Lib\site-packages\sqlparse\filters\output.py first seen with mtime 1725785709.0643215
File C:\Users\Meira\AppData\Local\Programs\Python\Python312\Lib\struct.py first seen with mtime 1712663418.0
File C:\Users\Meira\AppData\Local\Programs\Python\Python312\Lib\zoneinfo\_common.py first seen with mtime 1712663418.0
File C:\Users\Meira\PycharmProjects\Online store\.venv\Lib\site-packages\django\db\backends\utils.py first seen with mtime 1725785713.606223
File C:\Users\Meira\PycharmProjects\Online store\.venv\Lib\site-packages\django\template\loader_tags.py first seen with mtime 1725785713.8482223
File C:\Users\Meira\PycharmProjects\Online store\.venv\Lib\site-packages\PIL\_version.py first seen with mtime 1726377627.937062
File C:\Users\Meira\PycharmProjects\Online store\.venv\Lib\site-packages\django\utils\version.py first seen with mtime 1725785713.903223
File C:\Users\Meira\PycharmProjects\Online store\.venv\Lib\site-packages\PIL\_imaging.cp312-win_amd64.pyd first seen with mtime 1726377627.8240843
File C:\Users\Meira\PycharmProjects\Online store\.venv\Lib\site-packages\django\db\models\fields\reverse_related.py first seen with mtime 1725785713.7402234
File C:\Users\Meira\PycharmProjects\Online store\.venv\Lib\site-packages\django\core\cache\backends\base.py first seen with mtime 1725785713.466223
File C:\Users\Meira\PycharmProjects\Online store\.venv\Lib\site-packages\django\contrib\admin\views\autocomplete.py first seen with mtime 1725785711.149223
File C:\Users\Meira\PycharmProjects\Online store\.venv\Lib\site-packages\django\contrib\sessions\base_session.py first seen with mtime 1725785713.0232232
File C:\Users\Meira\AppData\Local\Programs\Python\Python312\Lib\email\mime\multipart.py first seen with mtime 1712663418.0
File C:\Users\Meira\AppData\Local\Programs\Python\Python312\Lib\string.py first seen with mtime 1712663418.0
File C:\Users\Meira\AppData\Local\Programs\Python\Python312\Lib\wsgiref\__init__.py first seen with mtime 1712663418.0
File C:\Users\Meira\AppData\Local\Programs\Python\Python312\DLLs\_ctypes.pyd first seen with mtime 1712663462.0
File C:\Users\Meira\PycharmProjects\Online store\.venv\Lib\site-packages\django\core\checks\async_checks.py first seen with mtime 1725785713.472223
File C:\Users\Meira\PycharmProjects\Online store\.venv\Lib\site-packages\django\db\backends\__init__.py first seen with mtime 1725785713.604223
File C:\Users\Meira\PycharmProjects\Online store\.venv\Lib\site-packages\django\db\models\fields\mixins.py first seen with mtime 1725785713.7132237
File C:\Users\Meira\AppData\Local\Programs\Python\Python312\Lib\token.py first seen with mtime 1712663418.0
File C:\Users\Meira\AppData\Local\Programs\Python\Python312\Lib\email\quoprimime.py first seen with mtime 1712663418.0
File C:\Users\Meira\PycharmProjects\Online store\.venv\Lib\site-packages\colorama\winterm.py first seen with mtime 1726398784.0320232
File C:\Users\Meira\AppData\Local\Programs\Python\Python312\Lib\ctypes\wintypes.py first seen with mtime 1712663418.0
File C:\Users\Meira\PycharmProjects\Online store\blog\admin.py first seen with mtime 1727634267.9603057
File C:\Users\Meira\PycharmProjects\Online store\catalog\urls.py first seen with mtime 1729981553.370219
File C:\Users\Meira\PycharmProjects\Online store\.venv\Lib\site-packages\django\dispatch\dispatcher.py first seen with mtime 1725785713.753222
File C:\Users\Meira\PycharmProjects\Online store\.venv\Lib\site-packages\django\db\migrations\operations\base.py first seen with mtime 1725785713.6562345
File C:\Users\Meira\PycharmProjects\Online store\.venv\Lib\site-packages\django\utils\deprecation.py first seen with mtime 1725785713.886223
File C:\Users\Meira\AppData\Local\Programs\Python\Python312\Lib\ssl.py first seen with mtime 1712663418.0
File C:\Users\Meira\PycharmProjects\Online store\.venv\Lib\site-packages\django\urls\conf.py first seen with mtime 1725785713.872223
File C:\Users\Meira\AppData\Local\Programs\Python\Python312\Lib\asyncio\staggered.py first seen with mtime 1712663418.0
File C:\Users\Meira\PycharmProjects\Online store\.venv\Lib\site-packages\django\contrib\auth\mixins.py first seen with mtime 1725785711.4252229
File C:\Users\Meira\PycharmProjects\Online store\.venv\Lib\site-packages\django\core\checks\database.py first seen with mtime 1725785713.4742231
File C:\Users\Meira\PycharmProjects\Online store\.venv\Lib\site-packages\django\db\backends\postgresql\schema.py first seen with mtime 1725785713.6382232
File C:\Users\Meira\AppData\Local\Programs\Python\Python312\Lib\encodings\utf_8.py first seen with mtime 1712663418.0
File C:\Users\Meira\PycharmProjects\Online store\.venv\Lib\site-packages\django\contrib\auth\base_user.py first seen with mtime 1725785711.419223
File C:\Users\Meira\PycharmProjects\Online store\.venv\Lib\site-packages\django\views\generic\detail.py first seen with mtime 1725785713.9242232
File C:\Users\Meira\PycharmProjects\Online store\.venv\Lib\site-packages\sqlparse\filters\right_margin.py first seen with mtime 1725785709.0653214
File C:\Users\Meira\AppData\Local\Programs\Python\Python312\Lib\asyncio\coroutines.py first seen with mtime 1712663418.0
File C:\Users\Meira\PycharmProjects\Online store\.venv\Lib\site-packages\django\__init__.py first seen with mtime 1725785710.290229
File C:\Users\Meira\PycharmProjects\Online store\.venv\Lib\site-packages\django\views\generic\base.py first seen with mtime 1725785713.9222224
File C:\Users\Meira\PycharmProjects\Online store\.venv\Lib\site-packages\django\core\files\storage\mixins.py first seen with mtime 1725785713.5552225
File C:\Users\Meira\PycharmProjects\Online store\.venv\Lib\site-packages\django\views\decorators\cache.py first seen with mtime 1725785713.9162228
File C:\Users\Meira\PycharmProjects\Online store\.venv\Lib\site-packages\django\core\mail\message.py first seen with mtime 1725785713.5602221
File C:\Users\Meira\AppData\Local\Programs\Python\Python312\DLLs\select.pyd first seen with mtime 1712663462.0
File C:\Users\Meira\PycharmProjects\Online store\.venv\Lib\site-packages\django\db\models\fields\related_lookups.py first seen with mtime 1725785713.7312226
File C:\Users\Meira\AppData\Local\Programs\Python\Python312\Lib\weakref.py first seen with mtime 1712663418.0
File C:\Users\Meira\PycharmProjects\Online store\.venv\Lib\site-packages\django\conf\urls\__init__.py first seen with mtime 1725785710.6452231
File C:\Users\Meira\AppData\Local\Programs\Python\Python312\Lib\email\charset.py first seen with mtime 1712663418.0
File C:\Users\Meira\PycharmProjects\Online store\.venv\Lib\site-packages\django\middleware\security.py first seen with mtime 1725785713.8382223
File C:\Users\Meira\AppData\Local\Programs\Python\Python312\Lib\opcode.py first seen with mtime 1712663418.0
File C:\Users\Meira\PycharmProjects\Online store\.venv\Lib\site-packages\django\utils\translation\reloader.py first seen with mtime 1725785713.9072225
File C:\Users\Meira\PycharmProjects\Online store\.venv\Lib\site-packages\django\contrib\auth\decorators.py first seen with mtime 1725785711.422223
File C:\Users\Meira\PycharmProjects\Online store\.venv\Lib\site-packages\django\contrib\sessions\models.py first seen with mtime 1725785713.0252233
File C:\Users\Meira\PycharmProjects\Online store\users\models.py first seen with mtime 1729964966.2043054
File C:\Users\Meira\PycharmProjects\Online store\blog\views.py first seen with mtime 1729964966.1783054
File C:\Users\Meira\AppData\Local\Programs\Python\Python312\Lib\__future__.py first seen with mtime 1712663418.0
File C:\Users\Meira\AppData\Local\Programs\Python\Python312\Lib\tokenize.py first seen with mtime 1712663418.0
File C:\Users\Meira\PycharmProjects\Online store\catalog\__init__.py first seen with mtime 1726395388.8914623
File C:\Users\Meira\PycharmProjects\Online store\.venv\Lib\site-packages\PIL\_util.py first seen with mtime 1726377627.9350657
File C:\Users\Meira\AppData\Local\Programs\Python\Python312\Lib\asyncio\queues.py first seen with mtime 1712663418.0
File C:\Users\Meira\AppData\Local\Programs\Python\Python312\Lib\wsgiref\util.py first seen with mtime 1712663418.0
File C:\Users\Meira\AppData\Local\Programs\Python\Python312\Lib\decimal.py first seen with mtime 1712663418.0
File C:\Users\Meira\PycharmProjects\Online store\.venv\Lib\site-packages\django\db\models\__init__.py first seen with mtime 1725785713.6592228
File C:\Users\Meira\AppData\Local\Programs\Python\Python312\Lib\asyncio\windows_utils.py first seen with mtime 1712663418.0
File C:\Users\Meira\PycharmProjects\Online store\.venv\Lib\site-packages\dotenv\main.py first seen with mtime 1726350682.2741098
File C:\Users\Meira\AppData\Local\Programs\Python\Python312\Lib\email\headerregistry.py first seen with mtime 1712663418.0
File C:\Users\Meira\PycharmProjects\Online store\.venv\Lib\site-packages\django\utils\timesince.py first seen with mtime 1725785713.9012234
File C:\Users\Meira\PycharmProjects\Online store\.venv\Lib\site-packages\django\db\transaction.py first seen with mtime 1725785713.6022224
File C:\Users\Meira\AppData\Local\Programs\Python\Python312\Lib\asyncio\protocols.py first seen with mtime 1712663418.0
File C:\Users\Meira\PycharmProjects\Online store\.venv\Lib\site-packages\django\conf\__init__.py first seen with mtime 1725785710.295223
File C:\Users\Meira\PycharmProjects\Online store\.venv\Lib\site-packages\django\db\backends\base\features.py first seen with mtime 1725785713.6102233
File C:\Users\Meira\PycharmProjects\Online store\.venv\Lib\site-packages\django\template\engine.py first seen with mtime 1725785713.8452232
File C:\Users\Meira\AppData\Local\Programs\Python\Python312\Lib\re\__init__.py first seen with mtime 1712663418.0
File C:\Users\Meira\PycharmProjects\Online store\.venv\Lib\site-packages\django\template\base.py first seen with mtime 1725785713.8412242
File C:\Users\Meira\AppData\Local\Programs\Python\Python312\Lib\secrets.py first seen with mtime 1712663418.0
File C:\Users\Meira\PycharmProjects\Online store\.venv\Lib\site-packages\django\contrib\staticfiles\checks.py first seen with mtime 1725785713.447223
File C:\Users\Meira\PycharmProjects\Online store\.venv\Lib\site-packages\django\utils\cache.py first seen with mtime 1725785713.879223
File C:\Users\Meira\PycharmProjects\Online store\.venv\Lib\site-packages\django\db\backends\base\validation.py first seen with mtime 1725785713.613223
File C:\Users\Meira\PycharmProjects\Online store\.venv\Lib\site-packages\sqlparse\engine\filter_stack.py first seen with mtime 1725785709.059322
File C:\Users\Meira\PycharmProjects\Online store\.venv\Lib\site-packages\django\contrib\staticfiles\finders.py first seen with mtime 1725785713.447223
File C:\Users\Meira\PycharmProjects\Online store\.venv\Lib\site-packages\django\db\models\fields\related.py first seen with mtime 1725785713.722222
File C:\Users\Meira\PycharmProjects\Online store\.venv\Lib\site-packages\django\core\handlers\base.py first seen with mtime 1725785713.5572233
File C:\Users\Meira\PycharmProjects\Online store\.venv\Lib\site-packages\django\urls\exceptions.py first seen with mtime 1725785713.8732233
File C:\Users\Meira\AppData\Local\Programs\Python\Python312\DLLs\_zoneinfo.pyd first seen with mtime 1712663462.0
File C:\Users\Meira\PycharmProjects\Online store\.venv\Lib\site-packages\django\contrib\sessions\backends\__init__.py first seen with mtime 1725785713.027222
File C:\Users\Meira\PycharmProjects\Online store\.venv\Lib\site-packages\django\db\backends\ddl_references.py first seen with mtime 1725785713.604223
File C:\Users\Meira\PycharmProjects\Online store\.venv\Lib\site-packages\django\db\models\deletion.py first seen with mtime 1725785713.663223
File C:\Users\Meira\PycharmProjects\Online store\.venv\Lib\site-packages\asgiref\__init__.py first seen with mtime 1725785708.9598897
File C:\Users\Meira\PycharmProjects\Online store\.venv\Lib\site-packages\django\db\utils.py first seen with mtime 1725785713.603223
File C:\Users\Meira\AppData\Local\Programs\Python\Python312\Lib\copy.py first seen with mtime 1712663418.0
File C:\Users\Meira\PycharmProjects\Online store\.venv\Lib\site-packages\django\contrib\contenttypes\__init__.py first seen with mtime 1725785711.6542246
File C:\Users\Meira\AppData\Local\Programs\Python\Python312\Lib\asyncio\timeouts.py first seen with mtime 1712663418.0
File C:\Users\Meira\PycharmProjects\Online store\.venv\Lib\site-packages\django\core\checks\files.py first seen with mtime 1725785713.4742231
File C:\Users\Meira\PycharmProjects\Online store\.venv\Lib\site-packages\django\core\management\__init__.py first seen with mtime 1725785713.5682223
File C:\Users\Meira\PycharmProjects\Online store\.venv\Lib\site-packages\django\contrib\auth\backends.py first seen with mtime 1725785711.4182222
File C:\Users\Meira\PycharmProjects\Online store\.venv\Lib\site-packages\django\template\backends\__init__.py first seen with mtime 1725785713.851223
File C:\Users\Meira\PycharmProjects\Online store\.venv\Lib\site-packages\dotenv\parser.py first seen with mtime 1726350682.2741098
File C:\Users\Meira\PycharmProjects\Online store\.venv\Lib\site-packages\django\contrib\sessions\apps.py first seen with mtime 1725785713.0232232
File C:\Users\Meira\PycharmProjects\Online store\.venv\Lib\site-packages\django\contrib\admin\templatetags\base.py first seen with mtime 1725785711.1472232
File C:\Users\Meira\PycharmProjects\Online store\.venv\Lib\site-packages\django\db\__init__.py first seen with mtime 1725785713.6012232
File C:\Users\Meira\PycharmProjects\Online store\.venv\Lib\site-packages\django\views\static.py first seen with mtime 1725785713.9142232
File C:\Users\Meira\PycharmProjects\Online store\.venv\Lib\site-packages\django\contrib\admin\templatetags\admin_modify.py first seen with mtime 1725785711.1452227
File C:\Users\Meira\PycharmProjects\Online store\.venv\Lib\site-packages\psycopg2\sql.py first seen with mtime 1726349773.6756
File C:\Users\Meira\PycharmProjects\Online store\.venv\Lib\site-packages\django\views\decorators\__init__.py first seen with mtime 1725785713.915223
File C:\Users\Meira\AppData\Local\Programs\Python\Python312\Lib\base64.py first seen with mtime 1712663418.0
File C:\Users\Meira\AppData\Local\Programs\Python\Python312\DLLs\_hashlib.pyd first seen with mtime 1712663462.0
File C:\Users\Meira\AppData\Local\Programs\Python\Python312\Lib\re\_parser.py first seen with mtime 1712663418.0
File C:\Users\Meira\PycharmProjects\Online store\.venv\Lib\site-packages\django\contrib\messages\__init__.py first seen with mtime 1725785712.550223
File C:\Users\Meira\AppData\Local\Programs\Python\Python312\Lib\asyncio\tasks.py first seen with mtime 1712663418.0
File C:\Users\Meira\AppData\Local\Programs\Python\Python312\Lib\ctypes\_endian.py first seen with mtime 1712663418.0
File C:\Users\Meira\PycharmProjects\Online store\.venv\Lib\site-packages\django\contrib\auth\hashers.py first seen with mtime 1725785711.4232228
File C:\Users\Meira\PycharmProjects\Online store\.venv\Lib\site-packages\django\core\files\storage\handler.py first seen with mtime 1725785713.553222
File C:\Users\Meira\PycharmProjects\Online store\.venv\Lib\site-packages\django\db\migrations\operations\fields.py first seen with mtime 1725785713.6572232
File C:\Users\Meira\AppData\Local\Programs\Python\Python312\Lib\socket.py first seen with mtime 1712663418.0
File C:\Users\Meira\AppData\Local\Programs\Python\Python312\Lib\asyncio\base_subprocess.py first seen with mtime 1712663418.0
File C:\Users\Meira\AppData\Local\Programs\Python\Python312\Lib\asyncio\events.py first seen with mtime 1712663418.0
File C:\Users\Meira\PycharmProjects\Online store\.venv\Lib\site-packages\sqlparse\keywords.py first seen with mtime 1725785709.055322
File C:\Users\Meira\PycharmProjects\Online store\.venv\Lib\site-packages\django\contrib\admin\actions.py first seen with mtime 1725785710.648223
File C:\Users\Meira\PycharmProjects\Online store\.venv\Lib\site-packages\django\contrib\staticfiles\utils.py first seen with mtime 1725785713.4512231
File C:\Users\Meira\PycharmProjects\Online store\.venv\Lib\site-packages\django\core\files\storage\base.py first seen with mtime 1725785713.5522225
File C:\Users\Meira\AppData\Local\Programs\Python\Python312\DLLs\_asyncio.pyd first seen with mtime 1712663462.0
File C:\Users\Meira\PycharmProjects\Online store\.venv\Lib\site-packages\django\contrib\contenttypes\checks.py first seen with mtime 1725785711.656223
File C:\Users\Meira\AppData\Local\Programs\Python\Python312\Lib\zoneinfo\_tzpath.py first seen with mtime 1712663418.0
File C:\Users\Meira\AppData\Local\Programs\Python\Python312\Lib\ctypes\__init__.py first seen with mtime 1712663418.0
File C:\Users\Meira\PycharmProjects\Online store\.venv\Lib\site-packages\django\core\cache\utils.py first seen with mtime 1725785713.4652276
File C:\Users\Meira\PycharmProjects\Online store\.venv\Lib\site-packages\django\db\migrations\exceptions.py first seen with mtime 1725785713.6462233
File C:\Users\Meira\PycharmProjects\Online store\.venv\Lib\site-packages\django\core\__init__.py first seen with mtime 1725785713.458223
File C:\Users\Meira\PycharmProjects\Online store\.venv\Lib\site-packages\django\views\csrf.py first seen with mtime 1725785713.9112227
File C:\Users\Meira\AppData\Local\Programs\Python\Python312\Lib\re\_constants.py first seen with mtime 1712663418.0
File C:\Users\Meira\AppData\Local\Programs\Python\Python312\Lib\fnmatch.py first seen with mtime 1712663418.0
File C:\Users\Meira\PycharmProjects\Online store\.venv\Lib\site-packages\django\core\cache\__init__.py first seen with mtime 1725785713.464223
File C:\Users\Meira\PycharmProjects\Online store\.venv\Lib\site-packages\psycopg2\_ipaddress.py first seen with mtime 1726349773.6556013
File C:\Users\Meira\AppData\Local\Programs\Python\Python312\Lib\uuid.py first seen with mtime 1712663418.0
File C:\Users\Meira\AppData\Local\Programs\Python\Python312\Lib\locale.py first seen with mtime 1712663418.0
File C:\Users\Meira\AppData\Local\Programs\Python\Python312\Lib\quopri.py first seen with mtime 1712663418.0
File C:\Users\Meira\PycharmProjects\Online store\users\admin.py first seen with mtime 1729629899.073566
File C:\Users\Meira\PycharmProjects\Online store\.venv\Lib\site-packages\django\template\defaulttags.py first seen with mtime 1725785713.844223
File C:\Users\Meira\PycharmProjects\Online store\.venv\Lib\site-packages\django\urls\__init__.py first seen with mtime 1725785713.871223
File C:\Users\Meira\PycharmProjects\Online store\.venv\Lib\site-packages\django\views\generic\edit.py first seen with mtime 1725785713.9242232
File C:\Users\Meira\AppData\Local\Programs\Python\Python312\Lib\inspect.py first seen with mtime 1712663418.0
File C:\Users\Meira\PycharmProjects\Online store\.venv\Lib\site-packages\django\template\response.py first seen with mtime 1725785713.8482223
File C:\Users\Meira\AppData\Local\Programs\Python\Python312\Lib\asyncio\base_tasks.py first seen with mtime 1712663418.0
File C:\Users\Meira\PycharmProjects\Online store\.venv\Lib\site-packages\django\templatetags\i18n.py first seen with mtime 1725785713.861223
File C:\Users\Meira\AppData\Local\Programs\Python\Python312\Lib\asyncio\proactor_events.py first seen with mtime 1712663418.0
File C:\Users\Meira\AppData\Local\Programs\Python\Python312\Lib\hashlib.py first seen with mtime 1712663418.0
File C:\Users\Meira\PycharmProjects\Online store\.venv\Lib\site-packages\django\db\models\sql\where.py first seen with mtime 1725785713.752223
File C:\Users\Meira\AppData\Local\Programs\Python\Python312\Lib\asyncio\locks.py first seen with mtime 1712663418.0
File C:\Users\Meira\PycharmProjects\Online store\.venv\Lib\site-packages\django\utils\duration.py first seen with mtime 1725785713.886223
File C:\Users\Meira\AppData\Local\Programs\Python\Python312\DLLs\unicodedata.pyd first seen with mtime 1712663462.0
File C:\Users\Meira\AppData\Local\Programs\Python\Python312\Lib\keyword.py first seen with mtime 1712663418.0
File C:\Users\Meira\PycharmProjects\Online store\.venv\Lib\site-packages\django\core\serializers\base.py first seen with mtime 1725785713.5942223
File C:\Users\Meira\AppData\Local\Programs\Python\Python312\Lib\asyncio\log.py first seen with mtime 1712663418.0
File C:\Users\Meira\PycharmProjects\Online store\.venv\Lib\site-packages\sqlparse\engine\grouping.py first seen with mtime 1725785709.060322
File C:\Users\Meira\AppData\Local\Programs\Python\Python312\Lib\asyncio\streams.py first seen with mtime 1712663418.0
File C:\Users\Meira\AppData\Local\Programs\Python\Python312\Lib\_markupbase.py first seen with mtime 1712663418.0
File C:\Users\Meira\AppData\Local\Programs\Python\Python312\Lib\http\__init__.py first seen with mtime 1712663418.0
File C:\Users\Meira\PycharmProjects\Online store\.venv\Lib\site-packages\django\contrib\messages\storage\base.py first seen with mtime 1725785712.557223
File C:\Users\Meira\PycharmProjects\Online store\.venv\Lib\site-packages\django\contrib\auth\models.py first seen with mtime 1725785711.4252229
File C:\Users\Meira\AppData\Local\Programs\Python\Python312\Lib\collections\__init__.py first seen with mtime 1712663418.0
File C:\Users\Meira\PycharmProjects\Online store\.venv\Lib\site-packages\django\contrib\auth\tokens.py first seen with mtime 1725785711.4272232
File C:\Users\Meira\AppData\Local\Programs\Python\Python312\Lib\_compression.py first seen with mtime 1712663418.0
File C:\Users\Meira\AppData\Local\Programs\Python\Python312\Lib\json\__init__.py first seen with mtime 1712663418.0
File C:\Users\Meira\PycharmProjects\Online store\.venv\Lib\site-packages\django\utils\crypto.py first seen with mtime 1725785713.8812232
File C:\Users\Meira\PycharmProjects\Online store\.venv\Lib\site-packages\django\apps\registry.py first seen with mtime 1725785710.294223
File C:\Users\Meira\AppData\Local\Programs\Python\Python312\Lib\asyncio\transports.py first seen with mtime 1712663418.0
File C:\Users\Meira\PycharmProjects\Online store\.venv\Lib\site-packages\django\core\management\commands\__init__.py first seen with mtime 1725785713.573223
File C:\Users\Meira\AppData\Local\Programs\Python\Python312\Lib\copyreg.py first seen with mtime 1712663418.0
File C:\Users\Meira\PycharmProjects\Online store\.venv\Lib\site-packages\django\db\migrations\migration.py first seen with mtime 1725785713.6502228
File C:\Users\Meira\PycharmProjects\Online store\.venv\Lib\site-packages\django\db\models\fields\json.py first seen with mtime 1725785713.7122233
File C:\Users\Meira\PycharmProjects\Online store\.venv\Lib\site-packages\django\views\generic\dates.py first seen with mtime 1725785713.923223
File C:\Users\Meira\AppData\Local\Programs\Python\Python312\Lib\logging\__init__.py first seen with mtime 1712663418.0
File C:\Users\Meira\AppData\Local\Programs\Python\Python312\Lib\signal.py first seen with mtime 1712663418.0
File C:\Users\Meira\PycharmProjects\Online store\.venv\Lib\site-packages\django\core\checks\security\base.py first seen with mtime 1725785713.5052233
File C:\Users\Meira\AppData\Local\Programs\Python\Python312\Lib\wsgiref\headers.py first seen with mtime 1712663418.0
File C:\Users\Meira\AppData\Local\Programs\Python\Python312\Lib\mimetypes.py first seen with mtime 1712663418.0
File C:\Users\Meira\AppData\Local\Programs\Python\Python312\Lib\ast.py first seen with mtime 1712663418.0
File C:\Users\Meira\PycharmProjects\Online store\.venv\Lib\site-packages\django\contrib\auth\views.py first seen with mtime 1725785711.4292233
File C:\Users\Meira\PycharmProjects\Online store\.venv\Lib\site-packages\django\views\__init__.py first seen with mtime 1725785713.9102223
File C:\Users\Meira\PycharmProjects\Online store\.venv\Lib\site-packages\django\contrib\admin\helpers.py first seen with mtime 1725785710.6532247
File C:\Users\Meira\AppData\Local\Programs\Python\Python312\Lib\bisect.py first seen with mtime 1712663418.0
File C:\Users\Meira\PycharmProjects\Online store\.venv\Lib\site-packages\django\http\__init__.py first seen with mtime 1725785713.828223
File C:\Users\Meira\PycharmProjects\Online store\.venv\Lib\site-packages\PIL\TiffTags.py first seen with mtime 1726377627.770084
File C:\Users\Meira\PycharmProjects\Online store\.venv\Lib\site-packages\django\forms\utils.py first seen with mtime 1725785713.7602232
File C:\Users\Meira\PycharmProjects\Online store\.venv\Lib\site-packages\sqlparse\cli.py first seen with mtime 1725785709.0523214
File C:\Users\Meira\PycharmProjects\Online store\.venv\Lib\site-packages\django\contrib\sessions\__init__.py first seen with mtime 1725785713.022223
File C:\Users\Meira\PycharmProjects\Online store\.venv\Lib\site-packages\django\core\files\storage\__init__.py first seen with mtime 1725785713.5512233
File C:\Users\Meira\PycharmProjects\Online store\.venv\Lib\site-packages\django\core\mail\utils.py first seen with mtime 1725785713.5612233
File C:\Users\Meira\PycharmProjects\Online store\.venv\Lib\site-packages\django\core\management\color.py first seen with mtime 1725785713.5702243
File C:\Users\Meira\PycharmProjects\Online store\.venv\Lib\site-packages\django\forms\formsets.py first seen with mtime 1725785713.7582216
File C:\Users\Meira\AppData\Local\Programs\Python\Python312\Lib\asyncio\threads.py first seen with mtime 1712663418.0
File C:\Users\Meira\AppData\Local\Programs\Python\Python312\Lib\email\_encoded_words.py first seen with mtime 1712663418.0
File C:\Users\Meira\AppData\Local\Programs\Python\Python312\Lib\html\__init__.py first seen with mtime 1712663418.0
File C:\Users\Meira\AppData\Local\Programs\Python\Python312\Lib\http\client.py first seen with mtime 1712663418.0
File C:\Users\Meira\PycharmProjects\Online store\.venv\Lib\site-packages\django\views\i18n.py first seen with mtime 1725785713.913223
File C:\Users\Meira\PycharmProjects\Online store\.venv\Lib\site-packages\django\utils\decorators.py first seen with mtime 1725785713.8852232
File C:\Users\Meira\PycharmProjects\Online store\.venv\Lib\site-packages\sqlparse\filters\reindent.py first seen with mtime 1725785709.0643215
File C:\Users\Meira\PycharmProjects\Online store\.venv\Lib\site-packages\django\contrib\admin\templatetags\__init__.py first seen with mtime 1725785711.1442227
File C:\Users\Meira\AppData\Local\Programs\Python\Python312\Lib\concurrent\futures\thread.py first seen with mtime 1712663418.0
File C:\Users\Meira\PycharmProjects\Online store\.venv\Lib\site-packages\_virtualenv.py first seen with mtime 1725785403.2189164
File C:\Users\Meira\PycharmProjects\Online store\.venv\Lib\site-packages\django\templatetags\__init__.py first seen with mtime 1725785713.8592227
File C:\Users\Meira\PycharmProjects\Online store\.venv\Lib\site-packages\django\core\files\__init__.py first seen with mtime 1725785713.5142236
File C:\Users\Meira\AppData\Local\Programs\Python\Python312\Lib\asyncio\taskgroups.py first seen with mtime 1712663418.0
File C:\Users\Meira\PycharmProjects\Online store\.venv\Lib\site-packages\django\utils\hashable.py first seen with mtime 1725785713.8902225
File C:\Users\Meira\PycharmProjects\Online store\.venv\Lib\site-packages\django\contrib\admin\models.py first seen with mtime 1725785710.654223
File C:\Users\Meira\PycharmProjects\Online store\.venv\Lib\site-packages\django\core\files\temp.py first seen with mtime 1725785713.5402217
File C:\Users\Meira\AppData\Local\Programs\Python\Python312\Lib\importlib\__init__.py first seen with mtime 1712663418.0
File C:\Users\Meira\PycharmProjects\Online store\.venv\Lib\site-packages\PIL\ExifTags.py first seen with mtime 1726377627.637252
File C:\Users\Meira\AppData\Local\Programs\Python\Python312\Lib\getpass.py first seen with mtime 1712663418.0
File C:\Users\Meira\AppData\Local\Programs\Python\Python312\Lib\encodings\aliases.py first seen with mtime 1712663418.0
File C:\Users\Meira\AppData\Local\Programs\Python\Python312\Lib\socketserver.py first seen with mtime 1712663418.0
File C:\Users\Meira\PycharmProjects\Online store\.venv\Lib\site-packages\django\db\backends\base\introspection.py first seen with mtime 1725785713.611222
File C:\Users\Meira\AppData\Local\Programs\Python\Python312\Lib\email\header.py first seen with mtime 1712663418.0
File C:\Users\Meira\PycharmProjects\Online store\blog\templates\blog first seen with mtime 1729964966.1763053
File C:\Users\Meira\PycharmProjects\Online store\blog\templates\blog\base.html first seen with mtime 1727634267.975394
File C:\Users\Meira\PycharmProjects\Online store\blog\templates\blog\blogpost_confirm_delete.html first seen with mtime 1729964966.1733053
File C:\Users\Meira\PycharmProjects\Online store\blog\templates\blog\blogpost_detail.html first seen with mtime 1729964966.1743052
File C:\Users\Meira\PycharmProjects\Online store\blog\templates\blog\blogpost_form.html first seen with mtime 1729964966.1753054
File C:\Users\Meira\PycharmProjects\Online store\blog\templates\blog\blogpost_list.html first seen with mtime 1729964966.1763053
File C:\Users\Meira\PycharmProjects\Online store\blog\templates\blog\footer.html first seen with mtime 1727634267.9944675
File C:\Users\Meira\PycharmProjects\Online store\blog\templates\blog\navbar.html first seen with mtime 1727634267.9964917
File C:\Users\Meira\PycharmProjects\Online store\catalog\templates\base.html first seen with mtime 1727425019.10018
File C:\Users\Meira\PycharmProjects\Online store\catalog\templates\catalog first seen with mtime 1729989091.598183
File C:\Users\Meira\PycharmProjects\Online store\catalog\templates\contacts.html first seen with mtime 1727425019.103184
File C:\Users\Meira\PycharmProjects\Online store\catalog\templates\footer.html first seen with mtime 1727425019.1041794
File C:\Users\Meira\PycharmProjects\Online store\catalog\templates\home.html first seen with mtime 1727425019.1051803
File C:\Users\Meira\PycharmProjects\Online store\catalog\templates\navbar.html first seen with mtime 1729981373.8310003
File C:\Users\Meira\PycharmProjects\Online store\catalog\templates\catalog\category_list.html first seen with mtime 1729981779.8377948
File C:\Users\Meira\PycharmProjects\Online store\catalog\templates\catalog\category_products.html first seen with mtime 1729982330.3034017
File C:\Users\Meira\PycharmProjects\Online store\catalog\templates\catalog\products_list.html first seen with mtime 1729964966.1933053
File C:\Users\Meira\PycharmProjects\Online store\catalog\templates\catalog\product_confirm_delete.html first seen with mtime 1729964966.1903052
File C:\Users\Meira\PycharmProjects\Online store\catalog\templates\catalog\product_create.html first seen with mtime 1729232600.073917
File C:\Users\Meira\PycharmProjects\Online store\catalog\templates\catalog\product_detail.html first seen with mtime 1729989091.5971825
File C:\Users\Meira\PycharmProjects\Online store\catalog\templates\catalog\product_editor.html first seen with mtime 1729964966.1923053
File C:\Users\Meira\PycharmProjects\Online store\users\templates\users first seen with mtime 1729629899.0825658
File C:\Users\Meira\PycharmProjects\Online store\users\templates\users\base.html first seen with mtime 1729629899.0815675
File C:\Users\Meira\PycharmProjects\Online store\users\templates\users\login.html first seen with mtime 1729629899.0825658
File C:\Users\Meira\PycharmProjects\Online store\users\templates\users\register.html first seen with mtime 1729629899.0825658
File C:\Users\Meira\PycharmProjects\Online store\blog\migrations\__init__.py first seen with mtime 1727634267.9693718
File C:\Users\Meira\PycharmProjects\Online store\.venv\Lib\site-packages\django_redis\util.py first seen with mtime 1729975372.0486822
File C:\Users\Meira\PycharmProjects\Online store\.venv\Lib\site-packages\redis\asyncio\utils.py first seen with mtime 1729966813.9743905
File C:\Users\Meira\PycharmProjects\Online store\.venv\Lib\site-packages\redis\commands\core.py first seen with mtime 1729966813.9773908
File C:\Users\Meira\AppData\Local\Programs\Python\Python312\Lib\encodings\idna.py first seen with mtime 1712663418.0
File C:\Users\Meira\PycharmProjects\Online store\.venv\Lib\site-packages\redis\asyncio\__init__.py first seen with mtime 1729966813.9693904
File C:\Users\Meira\PycharmProjects\Online store\.venv\Lib\site-packages\redis\_parsers\resp2.py first seen with mtime 1729966813.9673905
File C:\Users\Meira\PycharmProjects\Online store\.venv\Lib\site-packages\redis\_parsers\encoders.py first seen with mtime 1729966813.9653904
File C:\Users\Meira\PycharmProjects\Online store\.venv\Lib\site-packages\django\contrib\auth\migrations\0006_require_contenttypes_0002.py first seen with mtime 1725785711.6462233
File C:\Users\Meira\PycharmProjects\Online store\.venv\Lib\site-packages\django\contrib\messages\middleware.py first seen with mtime 1725785712.553223
File C:\Users\Meira\PycharmProjects\Online store\catalog\migrations\0003_alter_product_options_product_is_published.py first seen with mtime 1729964966.1843054
File C:\Users\Meira\AppData\Local\Programs\Python\Python312\Lib\importlib\resources\_legacy.py first seen with mtime 1712663418.0
File C:\Users\Meira\PycharmProjects\Online store\.venv\Lib\site-packages\django\contrib\contenttypes\migrations\0001_initial.py first seen with mtime 1725785711.856223
File C:\Users\Meira\PycharmProjects\Online store\catalog\migrations\0002_alter_product_created_at_alter_product_updated_at.py first seen with mtime 1727425019.09918
File C:\Users\Meira\PycharmProjects\Online store\.venv\Lib\site-packages\django_redis\hash_ring.py first seen with mtime 1729975372.047681
File C:\Users\Meira\PycharmProjects\Online store\.venv\Lib\site-packages\redis\credentials.py first seen with mtime 1729966813.9573905
File C:\Users\Meira\AppData\Local\Programs\Python\Python312\Lib\zipfile\_path\glob.py first seen with mtime 1712663418.0
File C:\Users\Meira\PycharmProjects\Online store\.venv\Lib\site-packages\redis\backoff.py first seen with mtime 1729966813.9523904
File C:\Users\Meira\PycharmProjects\Online store\.venv\Lib\site-packages\redis\client.py first seen with mtime 1729966813.9543905
File C:\Users\Meira\PycharmProjects\Online store\.venv\Lib\site-packages\django\db\migrations\loader.py first seen with mtime 1725785713.649223
File C:\Users\Meira\PycharmProjects\Online store\.venv\Lib\site-packages\redis\_parsers\commands.py first seen with mtime 1729966813.9643905
File C:\Users\Meira\PycharmProjects\Online store\.venv\Lib\site-packages\django\contrib\auth\migrations\0012_alter_user_first_name_max_length.py first seen with mtime 1725785711.6502233
File C:\Users\Meira\PycharmProjects\Online store\.venv\Lib\site-packages\django\contrib\auth\migrations\0003_alter_user_email_max_length.py first seen with mtime 1725785711.6442232
File C:\Users\Meira\AppData\Local\Programs\Python\Python312\Lib\stringprep.py first seen with mtime 1712663418.0
File C:\Users\Meira\AppData\Local\Programs\Python\Python312\Lib\zipfile\__init__.py first seen with mtime 1712663418.0
File C:\Users\Meira\PycharmProjects\Online store\blog\migrations\0001_initial.py first seen with mtime 1727634267.9643435
File C:\Users\Meira\PycharmProjects\Online store\catalog\migrations\0005_product_owner.py first seen with mtime 1729964966.1853054
File C:\Users\Meira\PycharmProjects\Online store\.venv\Lib\site-packages\redis\cluster.py first seen with mtime 1729966813.9553907
File C:\Users\Meira\PycharmProjects\Online store\.venv\Lib\site-packages\redis\_parsers\socket.py first seen with mtime 1729966813.9683905
File C:\Users\Meira\PycharmProjects\Online store\.venv\Lib\site-packages\redis\asyncio\client.py first seen with mtime 1729966813.9703906
File C:\Users\Meira\AppData\Local\Programs\Python\Python312\Lib\importlib\metadata\_adapters.py first seen with mtime 1712663418.0
File C:\Users\Meira\AppData\Local\Programs\Python\Python312\Lib\importlib\metadata\__init__.py first seen with mtime 1712663418.0
File C:\Users\Meira\PycharmProjects\Online store\.venv\Lib\site-packages\django_redis\__init__.py first seen with mtime 1729975372.0456803
File C:\Users\Meira\PycharmProjects\Online store\.venv\Lib\site-packages\django_redis\cache.py first seen with mtime 1729975372.0466821
File C:\Users\Meira\PycharmProjects\Online store\blog\migrations\0002_rename_is_published_blogpost_published_and_more.py first seen with mtime 1727634267.9673972
File C:\Users\Meira\PycharmProjects\Online store\.venv\Lib\site-packages\django\contrib\sessions\exceptions.py first seen with mtime 1725785713.0242226
File C:\Users\Meira\PycharmProjects\Online store\.venv\Lib\site-packages\django\contrib\sessions\backends\base.py first seen with mtime 1725785713.0282228
File C:\Users\Meira\PycharmProjects\Online store\.venv\Lib\site-packages\redis\_parsers\hiredis.py first seen with mtime 1729966813.9663906
File C:\Users\Meira\PycharmProjects\Online store\.venv\Lib\site-packages\redis\asyncio\retry.py first seen with mtime 1729966813.9733906
File C:\Users\Meira\PycharmProjects\Online store\.venv\Lib\site-packages\redis\asyncio\sentinel.py first seen with mtime 1729966813.9733906
File C:\Users\Meira\PycharmProjects\Online store\catalog\migrations\0007_alter_product_is_published.py first seen with mtime 1729964966.1873052
File C:\Users\Meira\PycharmProjects\Online store\.venv\Lib\site-packages\django\contrib\contenttypes\migrations\0002_remove_content_type_name.py first seen with mtime 1725785711.856223
File C:\Users\Meira\PycharmProjects\Online store\.venv\Lib\site-packages\django\contrib\contenttypes\migrations\__init__.py first seen with mtime 1725785711.8572242
File C:\Users\Meira\AppData\Local\Programs\Python\Python312\Lib\importlib\resources\_adapters.py first seen with mtime 1712663418.0
File C:\Users\Meira\PycharmProjects\Online store\users\migrations\0001_initial.py first seen with mtime 1729964966.2033052
File C:\Users\Meira\PycharmProjects\Online store\.venv\Lib\site-packages\redis\commands\__init__.py first seen with mtime 1729966813.9753911
File C:\Users\Meira\PycharmProjects\Online store\.venv\Lib\site-packages\redis\retry.py first seen with mtime 1729966813.9603906
File C:\Users\Meira\PycharmProjects\Online store\.venv\Lib\site-packages\redis\typing.py first seen with mtime 1729966813.9623904
File C:\Users\Meira\PycharmProjects\Online store\.venv\Lib\site-packages\redis\exceptions.py first seen with mtime 1729966813.9583905
File C:\Users\Meira\PycharmProjects\Online store\catalog\migrations\__init__.py first seen with mtime 1726395388.8934622
File C:\Users\Meira\PycharmProjects\Online store\.venv\Lib\site-packages\redis\asyncio\connection.py first seen with mtime 1729966813.9713905
File C:\Users\Meira\PycharmProjects\Online store\.venv\Lib\site-packages\django\contrib\auth\migrations\0011_update_proxy_permissions.py first seen with mtime 1725785711.6492229
File C:\Users\Meira\PycharmProjects\Online store\.venv\Lib\site-packages\redis\commands\helpers.py first seen with mtime 1729966813.9783905
File C:\Users\Meira\PycharmProjects\Online store\.venv\Lib\site-packages\redis\sentinel.py first seen with mtime 1729966813.9613905
File C:\Users\Meira\AppData\Local\Programs\Python\Python312\Lib\importlib\metadata\_functools.py first seen with mtime 1712663418.0
File C:\Users\Meira\PycharmProjects\Online store\.venv\Lib\site-packages\redis\lock.py first seen with mtime 1729966813.9583905
File C:\Users\Meira\PycharmProjects\Online store\config\wsgi.py first seen with mtime 1725785954.6492324
File C:\Users\Meira\PycharmProjects\Online store\.venv\Lib\site-packages\django_redis\pool.py first seen with mtime 1729975372.0486822
File C:\Users\Meira\PycharmProjects\Online store\users\migrations\__init__.py first seen with mtime 1729629899.079566
File C:\Users\Meira\PycharmProjects\Online store\.venv\Lib\site-packages\django\db\migrations\executor.py first seen with mtime 1725785713.6472237
File C:\Users\Meira\PycharmProjects\Online store\.venv\Lib\site-packages\django_redis\client\herd.py first seen with mtime 1729975372.0516818
File C:\Users\Meira\PycharmProjects\Online store\.venv\Lib\site-packages\django\contrib\sessions\migrations\__init__.py first seen with mtime 1725785713.228223
File C:\Users\Meira\PycharmProjects\Online store\.venv\Lib\site-packages\redis\utils.py first seen with mtime 1729966813.9623904
File C:\Users\Meira\PycharmProjects\Online store\.venv\Lib\site-packages\django_redis\client\sentinel.py first seen with mtime 1729975372.0526826
File C:\Users\Meira\PycharmProjects\Online store\.venv\Lib\site-packages\django\contrib\sessions\backends\db.py first seen with mtime 1725785713.0302231
File C:\Users\Meira\AppData\Local\Programs\Python\Python312\Lib\importlib\metadata\_text.py first seen with mtime 1712663418.0
File C:\Users\Meira\PycharmProjects\Online store\.venv\Lib\site-packages\django\contrib\auth\migrations\__init__.py first seen with mtime 1725785711.6512232
File C:\Users\Meira\PycharmProjects\Online store\.venv\Lib\site-packages\redis\commands\sentinel.py first seen with mtime 1729966813.9793904
File C:\Users\Meira\PycharmProjects\Online store\.venv\Lib\site-packages\django\db\migrations\recorder.py first seen with mtime 1725785713.651223
File C:\Users\Meira\PycharmProjects\Online store\users\migrations\0003_remove_customuser_username.py first seen with mtime 1729629899.078566
File C:\Users\Meira\PycharmProjects\Online store\.venv\Lib\site-packages\django\contrib\admin\migrations\0001_initial.py first seen with mtime 1725785711.0072224
File C:\Users\Meira\AppData\Local\Programs\Python\Python312\Lib\importlib\metadata\_itertools.py first seen with mtime 1712663418.0
File C:\Users\Meira\PycharmProjects\Online store\.venv\Lib\site-packages\django\contrib\auth\migrations\0007_alter_validators_add_error_messages.py first seen with mtime 1725785711.6472228
File C:\Users\Meira\PycharmProjects\Online store\.venv\Lib\site-packages\redis\commands\cluster.py first seen with mtime 1729966813.9763906
File C:\Users\Meira\PycharmProjects\Online store\.venv\Lib\site-packages\django\contrib\auth\migrations\0001_initial.py first seen with mtime 1725785711.6432228
File C:\Users\Meira\PycharmProjects\Online store\catalog\migrations\0001_initial.py first seen with mtime 1726395388.8934622
File C:\Users\Meira\AppData\Local\Programs\Python\Python312\Lib\csv.py first seen with mtime 1712663418.0
File C:\Users\Meira\PycharmProjects\Online store\catalog\migrations\0006_alter_product_owner.py first seen with mtime 1729964966.1863053
File C:\Users\Meira\PycharmProjects\Online store\.venv\Lib\site-packages\django\contrib\sessions\migrations\0001_initial.py first seen with mtime 1725785713.228223
File C:\Users\Meira\PycharmProjects\Online store\.venv\Lib\site-packages\django\contrib\admin\migrations\__init__.py first seen with mtime 1725785711.0092235
File C:\Users\Meira\PycharmProjects\Online store\.venv\Lib\site-packages\django\db\migrations\graph.py first seen with mtime 1725785713.6482222
File C:\Users\Meira\PycharmProjects\Online store\.venv\Lib\site-packages\django_redis\exceptions.py first seen with mtime 1729975372.0466821
File C:\Users\Meira\PycharmProjects\Online store\catalog\migrations\0004_alter_product_options.py first seen with mtime 1729964966.1853054
File C:\Users\Meira\PycharmProjects\Online store\.venv\Lib\site-packages\django\contrib\admin\migrations\0002_logentry_remove_auto_add.py first seen with mtime 1725785711.0082226
File C:\Users\Meira\PycharmProjects\Online store\.venv\Lib\site-packages\django\middleware\clickjacking.py first seen with mtime 1725785713.8342223
File C:\Users\Meira\PycharmProjects\Online store\.venv\Lib\site-packages\django\contrib\auth\migrations\0004_alter_user_username_opts.py first seen with mtime 1725785711.6452227
File C:\Users\Meira\PycharmProjects\Online store\.venv\Lib\site-packages\redis\cache.py first seen with mtime 1729966813.9533906
File C:\Users\Meira\PycharmProjects\Online store\.venv\Lib\site-packages\django\contrib\auth\migrations\0010_alter_group_name_max_length.py first seen with mtime 1725785711.6492229
File C:\Users\Meira\PycharmProjects\Online store\.venv\Lib\site-packages\django\contrib\auth\migrations\0005_alter_user_last_login_null.py first seen with mtime 1725785711.6452227
File C:\Users\Meira\PycharmProjects\Online store\.venv\Lib\site-packages\redis\_parsers\resp3.py first seen with mtime 1729966813.9683905
File C:\Users\Meira\PycharmProjects\Online store\.venv\Lib\site-packages\django\contrib\admin\migrations\0003_logentry_add_action_flag_choices.py first seen with mtime 1725785711.0092235
File C:\Users\Meira\PycharmProjects\Online store\.venv\Lib\site-packages\django\contrib\auth\migrations\0002_alter_permission_name_max_length.py first seen with mtime 1725785711.6432228
File C:\Users\Meira\AppData\Local\Programs\Python\Python312\Lib\importlib\resources\abc.py first seen with mtime 1712663418.0
File C:\Users\Meira\PycharmProjects\Online store\.venv\Lib\site-packages\django\contrib\auth\migrations\0009_alter_user_last_name_max_length.py first seen with mtime 1725785711.648223
File C:\Users\Meira\PycharmProjects\Online store\.venv\Lib\site-packages\redis\connection.py first seen with mtime 1729966813.9563904
File C:\Users\Meira\PycharmProjects\Online store\.venv\Lib\site-packages\django\db\models\sql\compiler.py first seen with mtime 1725785713.748223
File C:\Users\Meira\PycharmProjects\Online store\.venv\Lib\site-packages\redis\crc.py first seen with mtime 1729966813.9563904
File C:\Users\Meira\AppData\Local\Programs\Python\Python312\Lib\importlib\resources\__init__.py first seen with mtime 1712663418.0
File C:\Users\Meira\PycharmProjects\Online store\.venv\Lib\site-packages\redis\commands\redismodules.py first seen with mtime 1729966813.9783905
File C:\Users\Meira\PycharmProjects\Online store\.venv\Lib\site-packages\redis\asyncio\lock.py first seen with mtime 1729966813.9723907
File C:\Users\Meira\PycharmProjects\Online store\.venv\Lib\site-packages\redis\_parsers\base.py first seen with mtime 1729966813.9643905
File C:\Users\Meira\PycharmProjects\Online store\users\migrations\0002_customuser_token_alter_customuser_avatar_and_more.py first seen with mtime 1729629899.078566
File C:\Users\Meira\AppData\Local\Programs\Python\Python312\Lib\importlib\metadata\_collections.py first seen with mtime 1712663418.0
File C:\Users\Meira\PycharmProjects\Online store\.venv\Lib\site-packages\redis\_parsers\__init__.py first seen with mtime 1729966813.9633906
File C:\Users\Meira\PycharmProjects\Online store\.venv\Lib\site-packages\django\middleware\common.py first seen with mtime 1725785713.8342223
File C:\Users\Meira\PycharmProjects\Online store\.venv\Lib\site-packages\django_redis\client\default.py first seen with mtime 1729975372.0506816
File C:\Users\Meira\AppData\Local\Programs\Python\Python312\Lib\importlib\abc.py first seen with mtime 1712663418.0
File C:\Users\Meira\AppData\Local\Programs\Python\Python312\Lib\zipfile\_path\__init__.py first seen with mtime 1712663418.0
File C:\Users\Meira\PycharmProjects\Online store\.venv\Lib\site-packages\django_redis\client\__init__.py first seen with mtime 1729975372.0496817
File C:\Users\Meira\AppData\Local\Programs\Python\Python312\Lib\importlib\metadata\_meta.py first seen with mtime 1712663418.0
File C:\Users\Meira\AppData\Local\Programs\Python\Python312\Lib\importlib\resources\_common.py first seen with mtime 1712663418.0
File C:\Users\Meira\PycharmProjects\Online store\.venv\Lib\site-packages\django\contrib\auth\migrations\0008_alter_user_username_max_length.py first seen with mtime 1725785711.6472228
File C:\Users\Meira\PycharmProjects\Online store\.venv\Lib\site-packages\redis\__init__.py first seen with mtime 1729966813.9523904
File C:\Users\Meira\PycharmProjects\Online store\.venv\Lib\site-packages\django_redis\client\sharded.py first seen with mtime 1729975372.053682
File C:\Users\Meira\PycharmProjects\Online store\.venv\Lib\site-packages\redis\_parsers\helpers.py first seen with mtime 1729966813.9663906
File C:\Users\Meira\PycharmProjects\Online store\.venv\Lib\site-packages\redis\asyncio\cluster.py first seen with mtime 1729966813.9713905
(0.000) SELECT "django_session"."session_key", "django_session"."session_data", "django_session"."expire_date" FROM "django_session" WHERE ("django_session"."expire_date" > '2024-10-27T00:31:35.330236+00:00'::timestamptz AND "django_session"."session_key" = '9az6cxlgy8v29eyckgchezbverxclfoq') LIMIT 21; args=(datetime.datetime(2024, 10, 27, 0, 31, 35, 330236, tzinfo=datetime.timezone.utc), '9az6cxlgy8v29eyckgchezbverxclfoq'); alias=default
(0.000) SELECT "users_customuser"."id", "users_customuser"."password", "users_customuser"."last_login", "users_customuser"."is_superuser", "users_customuser"."first_name", "users_customuser"."last_name", "users_customuser"."is_staff", "users_customuser"."is_active", "users_customuser"."date_joined", "users_customuser"."email", "users_customuser"."avatar", "users_customuser"."phone_number", "users_customuser"."country", "users_customuser"."token" FROM "users_customuser" WHERE "users_customuser"."id" = 3 LIMIT 21; args=(3,); alias=default
(0.000) SELECT "catalog_product"."id", "catalog_product"."name", "catalog_product"."description", "catalog_product"."image", "catalog_product"."category_id", "catalog_product"."price", "catalog_product"."created_at", "catalog_product"."updated_at", "catalog_product"."is_published", "catalog_product"."owner_id" FROM "catalog_product" ORDER BY "catalog_product"."name" ASC; args=(); alias=default
(0.000) SELECT "users_customuser"."id", "users_customuser"."password", "users_customuser"."last_login", "users_customuser"."is_superuser", "users_customuser"."first_name", "users_customuser"."last_name", "users_customuser"."is_staff", "users_customuser"."is_active", "users_customuser"."date_joined", "users_customuser"."email", "users_customuser"."avatar", "users_customuser"."phone_number", "users_customuser"."country", "users_customuser"."token" FROM "users_customuser" WHERE "users_customuser"."id" = 3 LIMIT 21; args=(3,); alias=default
(0.000) SELECT "users_customuser"."id", "users_customuser"."password", "users_customuser"."last_login", "users_customuser"."is_superuser", "users_customuser"."first_name", "users_customuser"."last_name", "users_customuser"."is_staff", "users_customuser"."is_active", "users_customuser"."date_joined", "users_customuser"."email", "users_customuser"."avatar", "users_customuser"."phone_number", "users_customuser"."country", "users_customuser"."token" FROM "users_customuser" WHERE "users_customuser"."id" = 3 LIMIT 21; args=(3,); alias=default
(0.000) SELECT "users_customuser"."id", "users_customuser"."password", "users_customuser"."last_login", "users_customuser"."is_superuser", "users_customuser"."first_name", "users_customuser"."last_name", "users_customuser"."is_staff", "users_customuser"."is_active", "users_customuser"."date_joined", "users_customuser"."email", "users_customuser"."avatar", "users_customuser"."phone_number", "users_customuser"."country", "users_customuser"."token" FROM "users_customuser" WHERE "users_customuser"."id" = 9 LIMIT 21; args=(9,); alias=default
(0.000) SELECT "users_customuser"."id", "users_customuser"."password", "users_customuser"."last_login", "users_customuser"."is_superuser", "users_customuser"."first_name", "users_customuser"."last_name", "users_customuser"."is_staff", "users_customuser"."is_active", "users_customuser"."date_joined", "users_customuser"."email", "users_customuser"."avatar", "users_customuser"."phone_number", "users_customuser"."country", "users_customuser"."token" FROM "users_customuser" WHERE "users_customuser"."id" = 3 LIMIT 21; args=(3,); alias=default
(0.000) SELECT "users_customuser"."id", "users_customuser"."password", "users_customuser"."last_login", "users_customuser"."is_superuser", "users_customuser"."first_name", "users_customuser"."last_name", "users_customuser"."is_staff", "users_customuser"."is_active", "users_customuser"."date_joined", "users_customuser"."email", "users_customuser"."avatar", "users_customuser"."phone_number", "users_customuser"."country", "users_customuser"."token" FROM "users_customuser" WHERE "users_customuser"."id" = 3 LIMIT 21; args=(3,); alias=default
(0.000) SELECT "users_customuser"."id", "users_customuser"."password", "users_customuser"."last_login", "users_customuser"."is_superuser", "users_customuser"."first_name", "users_customuser"."last_name", "users_customuser"."is_staff", "users_customuser"."is_active", "users_customuser"."date_joined", "users_customuser"."email", "users_customuser"."avatar", "users_customuser"."phone_number", "users_customuser"."country", "users_customuser"."token" FROM "users_customuser" WHERE "users_customuser"."id" = 9 LIMIT 21; args=(9,); alias=default
(0.000) SELECT "users_customuser"."id", "users_customuser"."password", "users_customuser"."last_login", "users_customuser"."is_superuser", "users_customuser"."first_name", "users_customuser"."last_name", "users_customuser"."is_staff", "users_customuser"."is_active", "users_customuser"."date_joined", "users_customuser"."email", "users_customuser"."avatar", "users_customuser"."phone_number", "users_customuser"."country", "users_customuser"."token" FROM "users_customuser" WHERE "users_customuser"."id" = 9 LIMIT 21; args=(9,); alias=default
(0.000) SELECT "users_customuser"."id", "users_customuser"."password", "users_customuser"."last_login", "users_customuser"."is_superuser", "users_customuser"."first_name", "users_customuser"."last_name", "users_customuser"."is_staff", "users_customuser"."is_active", "users_customuser"."date_joined", "users_customuser"."email", "users_customuser"."avatar", "users_customuser"."phone_number", "users_customuser"."country", "users_customuser"."token" FROM "users_customuser" WHERE "users_customuser"."id" = 3 LIMIT 21; args=(3,); alias=default
(0.000) SELECT "users_customuser"."id", "users_customuser"."password", "users_customuser"."last_login", "users_customuser"."is_superuser", "users_customuser"."first_name", "users_customuser"."last_name", "users_customuser"."is_staff", "users_customuser"."is_active", "users_customuser"."date_joined", "users_customuser"."email", "users_customuser"."avatar", "users_customuser"."phone_number", "users_customuser"."country", "users_customuser"."token" FROM "users_customuser" WHERE "users_customuser"."id" = 9 LIMIT 21; args=(9,); alias=default
(0.000) SELECT "users_customuser"."id", "users_customuser"."password", "users_customuser"."last_login", "users_customuser"."is_superuser", "users_customuser"."first_name", "users_customuser"."last_name", "users_customuser"."is_staff", "users_customuser"."is_active", "users_customuser"."date_joined", "users_customuser"."email", "users_customuser"."avatar", "users_customuser"."phone_number", "users_customuser"."country", "users_customuser"."token" FROM "users_customuser" WHERE "users_customuser"."id" = 3 LIMIT 21; args=(3,); alias=default
(0.000) SELECT "users_customuser"."id", "users_customuser"."password", "users_customuser"."last_login", "users_customuser"."is_superuser", "users_customuser"."first_name", "users_customuser"."last_name", "users_customuser"."is_staff", "users_customuser"."is_active", "users_customuser"."date_joined", "users_customuser"."email", "users_customuser"."avatar", "users_customuser"."phone_number", "users_customuser"."country", "users_customuser"."token" FROM "users_customuser" WHERE "users_customuser"."id" = 3 LIMIT 21; args=(3,); alias=default
(0.000) SELECT "users_customuser"."id", "users_customuser"."password", "users_customuser"."last_login", "users_customuser"."is_superuser", "users_customuser"."first_name", "users_customuser"."last_name", "users_customuser"."is_staff", "users_customuser"."is_active", "users_customuser"."date_joined", "users_customuser"."email", "users_customuser"."avatar", "users_customuser"."phone_number", "users_customuser"."country", "users_customuser"."token" FROM "users_customuser" WHERE "users_customuser"."id" = 3 LIMIT 21; args=(3,); alias=default
(0.000) SELECT "users_customuser"."id", "users_customuser"."password", "users_customuser"."last_login", "users_customuser"."is_superuser", "users_customuser"."first_name", "users_customuser"."last_name", "users_customuser"."is_staff", "users_customuser"."is_active", "users_customuser"."date_joined", "users_customuser"."email", "users_customuser"."avatar", "users_customuser"."phone_number", "users_customuser"."country", "users_customuser"."token" FROM "users_customuser" WHERE "users_customuser"."id" = 3 LIMIT 21; args=(3,); alias=default
(0.000) SELECT "users_customuser"."id", "users_customuser"."password", "users_customuser"."last_login", "users_customuser"."is_superuser", "users_customuser"."first_name", "users_customuser"."last_name", "users_customuser"."is_staff", "users_customuser"."is_active", "users_customuser"."date_joined", "users_customuser"."email", "users_customuser"."avatar", "users_customuser"."phone_number", "users_customuser"."country", "users_customuser"."token" FROM "users_customuser" WHERE "users_customuser"."id" = 9 LIMIT 21; args=(9,); alias=default
(0.000) SELECT "users_customuser"."id", "users_customuser"."password", "users_customuser"."last_login", "users_customuser"."is_superuser", "users_customuser"."first_name", "users_customuser"."last_name", "users_customuser"."is_staff", "users_customuser"."is_active", "users_customuser"."date_joined", "users_customuser"."email", "users_customuser"."avatar", "users_customuser"."phone_number", "users_customuser"."country", "users_customuser"."token" FROM "users_customuser" WHERE "users_customuser"."id" = 3 LIMIT 21; args=(3,); alias=default
(0.000) SELECT "users_customuser"."id", "users_customuser"."password", "users_customuser"."last_login", "users_customuser"."is_superuser", "users_customuser"."first_name", "users_customuser"."last_name", "users_customuser"."is_staff", "users_customuser"."is_active", "users_customuser"."date_joined", "users_customuser"."email", "users_customuser"."avatar", "users_customuser"."phone_number", "users_customuser"."country", "users_customuser"."token" FROM "users_customuser" WHERE "users_customuser"."id" = 3 LIMIT 21; args=(3,); alias=default
(0.000) SELECT "users_customuser"."id", "users_customuser"."password", "users_customuser"."last_login", "users_customuser"."is_superuser", "users_customuser"."first_name", "users_customuser"."last_name", "users_customuser"."is_staff", "users_customuser"."is_active", "users_customuser"."date_joined", "users_customuser"."email", "users_customuser"."avatar", "users_customuser"."phone_number", "users_customuser"."country", "users_customuser"."token" FROM "users_customuser" WHERE "users_customuser"."id" = 3 LIMIT 21; args=(3,); alias=default
(0.000) SELECT "users_customuser"."id", "users_customuser"."password", "users_customuser"."last_login", "users_customuser"."is_superuser", "users_customuser"."first_name", "users_customuser"."last_name", "users_customuser"."is_staff", "users_customuser"."is_active", "users_customuser"."date_joined", "users_customuser"."email", "users_customuser"."avatar", "users_customuser"."phone_number", "users_customuser"."country", "users_customuser"."token" FROM "users_customuser" WHERE "users_customuser"."id" = 3 LIMIT 21; args=(3,); alias=default
"GET /products/ HTTP/1.1" 200 23834
File C:\Users\Meira\PycharmProjects\Online store\.venv\Lib\site-packages\django\contrib\sessions\serializers.py first seen with mtime 1725785713.0262225
File C:\Users\Meira\PycharmProjects\Online store\.venv\Lib\site-packages\django\contrib\messages\storage\cookie.py first seen with mtime 1725785712.557223
File C:\Users\Meira\PycharmProjects\Online store\.venv\Lib\site-packages\django\contrib\messages\storage\session.py first seen with mtime 1725785712.559223
File C:\Users\Meira\PycharmProjects\Online store\.venv\Lib\site-packages\django\contrib\messages\storage\fallback.py first seen with mtime 1725785712.558223
File C:\Users\Meira\PycharmProjects\Online store\.venv\Lib\site-packages\django\contrib\auth\context_processors.py first seen with mtime 1725785711.421223
File C:\Users\Meira\PycharmProjects\Online store\.venv\Lib\site-packages\django\template\context_processors.py first seen with mtime 1725785713.842223
File C:\Users\Meira\PycharmProjects\Online store\.venv\Lib\site-packages\django\contrib\messages\context_processors.py first seen with mtime 1725785712.553223
File C:\Users\Meira\PycharmProjects\Online store\.venv\Lib\site-packages\django\conf\locale\en\__init__.py first seen with mtime 1725785710.357222
File C:\Users\Meira\PycharmProjects\Online store\.venv\Lib\site-packages\django\conf\locale\en\formats.py first seen with mtime 1725785710.358223
(0.000) SELECT "django_session"."session_key", "django_session"."session_data", "django_session"."expire_date" FROM "django_session" WHERE ("django_session"."expire_date" > '2024-10-27T00:31:37.224850+00:00'::timestamptz AND "django_session"."session_key" = '9az6cxlgy8v29eyckgchezbverxclfoq') LIMIT 21; args=(datetime.datetime(2024, 10, 27, 0, 31, 37, 224850, tzinfo=datetime.timezone.utc), '9az6cxlgy8v29eyckgchezbverxclfoq'); alias=default
(0.000) SELECT "users_customuser"."id", "users_customuser"."password", "users_customuser"."last_login", "users_customuser"."is_superuser", "users_customuser"."first_name", "users_customuser"."last_name", "users_customuser"."is_staff", "users_customuser"."is_active", "users_customuser"."date_joined", "users_customuser"."email", "users_customuser"."avatar", "users_customuser"."phone_number", "users_customuser"."country", "users_customuser"."token" FROM "users_customuser" WHERE "users_customuser"."id" = 3 LIMIT 21; args=(3,); alias=default
(0.000) SELECT "catalog_product"."id", "catalog_product"."name", "catalog_product"."description", "catalog_product"."image", "catalog_product"."category_id", "catalog_product"."price", "catalog_product"."created_at", "catalog_product"."updated_at", "catalog_product"."is_published", "catalog_product"."owner_id" FROM "catalog_product" WHERE "catalog_product"."id" = 36 LIMIT 21; args=(36,); alias=default
(0.000) DECLARE "_django_curs_14664_sync_1" NO SCROLL CURSOR WITH HOLD FOR SELECT "catalog_category"."id", "catalog_category"."name", "catalog_category"."description" FROM "catalog_category" ORDER BY "catalog_category"."name" ASC; args=(); alias=default
"GET /products/36/update/ HTTP/1.1" 200 6445
(0.000) SELECT "django_session"."session_key", "django_session"."session_data", "django_session"."expire_date" FROM "django_session" WHERE ("django_session"."expire_date" > '2024-10-27T00:31:39.858904+00:00'::timestamptz AND "django_session"."session_key" = '9az6cxlgy8v29eyckgchezbverxclfoq') LIMIT 21; args=(datetime.datetime(2024, 10, 27, 0, 31, 39, 858904, tzinfo=datetime.timezone.utc), '9az6cxlgy8v29eyckgchezbverxclfoq'); alias=default
(0.000) SELECT "users_customuser"."id", "users_customuser"."password", "users_customuser"."last_login", "users_customuser"."is_superuser", "users_customuser"."first_name", "users_customuser"."last_name", "users_customuser"."is_staff", "users_customuser"."is_active", "users_customuser"."date_joined", "users_customuser"."email", "users_customuser"."avatar", "users_customuser"."phone_number", "users_customuser"."country", "users_customuser"."token" FROM "users_customuser" WHERE "users_customuser"."id" = 3 LIMIT 21; args=(3,); alias=default
(0.000) SELECT "catalog_product"."id", "catalog_product"."name", "catalog_product"."description", "catalog_product"."image", "catalog_product"."category_id", "catalog_product"."price", "catalog_product"."created_at", "catalog_product"."updated_at", "catalog_product"."is_published", "catalog_product"."owner_id" FROM "catalog_product" WHERE "catalog_product"."id" = 36 LIMIT 21; args=(36,); alias=default
(0.000) SELECT "catalog_category"."id", "catalog_category"."name", "catalog_category"."description" FROM "catalog_category" WHERE "catalog_category"."id" = 13 LIMIT 21; args=(13,); alias=default
(0.000) SELECT 1 AS "a" FROM "catalog_category" WHERE "catalog_category"."id" = 13 LIMIT 1; args=(1, 13); alias=default
(0.000) SELECT "catalog_product"."id", "catalog_product"."name", "catalog_product"."description", "catalog_product"."image", "catalog_product"."category_id", "catalog_product"."price", "catalog_product"."created_at", "catalog_product"."updated_at", "catalog_product"."is_published", "catalog_product"."owner_id" FROM "catalog_product" WHERE "catalog_product"."id" = 36 LIMIT 21; args=(36,); alias=default
(0.000) SELECT "users_customuser"."id", "users_customuser"."password", "users_customuser"."last_login", "users_customuser"."is_superuser", "users_customuser"."first_name", "users_customuser"."last_name", "users_customuser"."is_staff", "users_customuser"."is_active", "users_customuser"."date_joined", "users_customuser"."email", "users_customuser"."avatar", "users_customuser"."phone_number", "users_customuser"."country", "users_customuser"."token" FROM "users_customuser" WHERE "users_customuser"."id" = 3 LIMIT 21; args=(3,); alias=default
(0.000) UPDATE "catalog_product" SET "name" = 'Fazioli F308 Grand Piano', "description" = 'Рояль Fazioli F308 считается одним из лучших современных концертных роялей.', "image" = '', "category_id" = 13, "price" = 300000.00, "created_at" = '2024-10-24T21:29:58.332238+00:00'::timestamptz, "updated_at" = '2024-10-27T00:31:39.928902+00:00'::timestamptz, "is_published" = false, "owner_id" = 3 WHERE "catalog_product"."id" = 36; args=('Fazioli F308 Grand Piano', 'Рояль Fazioli F308 считается одним из лучших современных концертных роялей.', '', 13, Decimal('300000.00'), datetime.datetime(2024, 10, 24, 21, 29, 58, 332238, tzinfo=datetime.timezone.utc), datetime.datetime(2024, 10, 27, 0, 31, 39, 928902, tzinfo=datetime.timezone.utc), False, 3, 36); alias=default
"POST /products/36/update/ HTTP/1.1" 302 0
(0.000) SELECT "django_session"."session_key", "django_session"."session_data", "django_session"."expire_date" FROM "django_session" WHERE ("django_session"."expire_date" > '2024-10-27T00:31:39.934903+00:00'::timestamptz AND "django_session"."session_key" = '9az6cxlgy8v29eyckgchezbverxclfoq') LIMIT 21; args=(datetime.datetime(2024, 10, 27, 0, 31, 39, 934903, tzinfo=datetime.timezone.utc), '9az6cxlgy8v29eyckgchezbverxclfoq'); alias=default
(0.000) SELECT "users_customuser"."id", "users_customuser"."password", "users_customuser"."last_login", "users_customuser"."is_superuser", "users_customuser"."first_name", "users_customuser"."last_name", "users_customuser"."is_staff", "users_customuser"."is_active", "users_customuser"."date_joined", "users_customuser"."email", "users_customuser"."avatar", "users_customuser"."phone_number", "users_customuser"."country", "users_customuser"."token" FROM "users_customuser" WHERE "users_customuser"."id" = 3 LIMIT 21; args=(3,); alias=default
(0.000) SELECT "catalog_product"."id", "catalog_product"."name", "catalog_product"."description", "catalog_product"."image", "catalog_product"."category_id", "catalog_product"."price", "catalog_product"."created_at", "catalog_product"."updated_at", "catalog_product"."is_published", "catalog_product"."owner_id" FROM "catalog_product" ORDER BY "catalog_product"."name" ASC; args=(); alias=default
(0.000) SELECT "users_customuser"."id", "users_customuser"."password", "users_customuser"."last_login", "users_customuser"."is_superuser", "users_customuser"."first_name", "users_customuser"."last_name", "users_customuser"."is_staff", "users_customuser"."is_active", "users_customuser"."date_joined", "users_customuser"."email", "users_customuser"."avatar", "users_customuser"."phone_number", "users_customuser"."country", "users_customuser"."token" FROM "users_customuser" WHERE "users_customuser"."id" = 3 LIMIT 21; args=(3,); alias=default
(0.000) SELECT "users_customuser"."id", "users_customuser"."password", "users_customuser"."last_login", "users_customuser"."is_superuser", "users_customuser"."first_name", "users_customuser"."last_name", "users_customuser"."is_staff", "users_customuser"."is_active", "users_customuser"."date_joined", "users_customuser"."email", "users_customuser"."avatar", "users_customuser"."phone_number", "users_customuser"."country", "users_customuser"."token" FROM "users_customuser" WHERE "users_customuser"."id" = 3 LIMIT 21; args=(3,); alias=default
(0.000) SELECT "users_customuser"."id", "users_customuser"."password", "users_customuser"."last_login", "users_customuser"."is_superuser", "users_customuser"."first_name", "users_customuser"."last_name", "users_customuser"."is_staff", "users_customuser"."is_active", "users_customuser"."date_joined", "users_customuser"."email", "users_customuser"."avatar", "users_customuser"."phone_number", "users_customuser"."country", "users_customuser"."token" FROM "users_customuser" WHERE "users_customuser"."id" = 9 LIMIT 21; args=(9,); alias=default
(0.000) SELECT "users_customuser"."id", "users_customuser"."password", "users_customuser"."last_login", "users_customuser"."is_superuser", "users_customuser"."first_name", "users_customuser"."last_name", "users_customuser"."is_staff", "users_customuser"."is_active", "users_customuser"."date_joined", "users_customuser"."email", "users_customuser"."avatar", "users_customuser"."phone_number", "users_customuser"."country", "users_customuser"."token" FROM "users_customuser" WHERE "users_customuser"."id" = 3 LIMIT 21; args=(3,); alias=default
(0.000) SELECT "users_customuser"."id", "users_customuser"."password", "users_customuser"."last_login", "users_customuser"."is_superuser", "users_customuser"."first_name", "users_customuser"."last_name", "users_customuser"."is_staff", "users_customuser"."is_active", "users_customuser"."date_joined", "users_customuser"."email", "users_customuser"."avatar", "users_customuser"."phone_number", "users_customuser"."country", "users_customuser"."token" FROM "users_customuser" WHERE "users_customuser"."id" = 3 LIMIT 21; args=(3,); alias=default
(0.000) SELECT "users_customuser"."id", "users_customuser"."password", "users_customuser"."last_login", "users_customuser"."is_superuser", "users_customuser"."first_name", "users_customuser"."last_name", "users_customuser"."is_staff", "users_customuser"."is_active", "users_customuser"."date_joined", "users_customuser"."email", "users_customuser"."avatar", "users_customuser"."phone_number", "users_customuser"."country", "users_customuser"."token" FROM "users_customuser" WHERE "users_customuser"."id" = 9 LIMIT 21; args=(9,); alias=default
(0.000) SELECT "users_customuser"."id", "users_customuser"."password", "users_customuser"."last_login", "users_customuser"."is_superuser", "users_customuser"."first_name", "users_customuser"."last_name", "users_customuser"."is_staff", "users_customuser"."is_active", "users_customuser"."date_joined", "users_customuser"."email", "users_customuser"."avatar", "users_customuser"."phone_number", "users_customuser"."country", "users_customuser"."token" FROM "users_customuser" WHERE "users_customuser"."id" = 9 LIMIT 21; args=(9,); alias=default
(0.000) SELECT "users_customuser"."id", "users_customuser"."password", "users_customuser"."last_login", "users_customuser"."is_superuser", "users_customuser"."first_name", "users_customuser"."last_name", "users_customuser"."is_staff", "users_customuser"."is_active", "users_customuser"."date_joined", "users_customuser"."email", "users_customuser"."avatar", "users_customuser"."phone_number", "users_customuser"."country", "users_customuser"."token" FROM "users_customuser" WHERE "users_customuser"."id" = 3 LIMIT 21; args=(3,); alias=default
(0.000) SELECT "users_customuser"."id", "users_customuser"."password", "users_customuser"."last_login", "users_customuser"."is_superuser", "users_customuser"."first_name", "users_customuser"."last_name", "users_customuser"."is_staff", "users_customuser"."is_active", "users_customuser"."date_joined", "users_customuser"."email", "users_customuser"."avatar", "users_customuser"."phone_number", "users_customuser"."country", "users_customuser"."token" FROM "users_customuser" WHERE "users_customuser"."id" = 9 LIMIT 21; args=(9,); alias=default
(0.000) SELECT "users_customuser"."id", "users_customuser"."password", "users_customuser"."last_login", "users_customuser"."is_superuser", "users_customuser"."first_name", "users_customuser"."last_name", "users_customuser"."is_staff", "users_customuser"."is_active", "users_customuser"."date_joined", "users_customuser"."email", "users_customuser"."avatar", "users_customuser"."phone_number", "users_customuser"."country", "users_customuser"."token" FROM "users_customuser" WHERE "users_customuser"."id" = 3 LIMIT 21; args=(3,); alias=default
(0.000) SELECT "users_customuser"."id", "users_customuser"."password", "users_customuser"."last_login", "users_customuser"."is_superuser", "users_customuser"."first_name", "users_customuser"."last_name", "users_customuser"."is_staff", "users_customuser"."is_active", "users_customuser"."date_joined", "users_customuser"."email", "users_customuser"."avatar", "users_customuser"."phone_number", "users_customuser"."country", "users_customuser"."token" FROM "users_customuser" WHERE "users_customuser"."id" = 3 LIMIT 21; args=(3,); alias=default
(0.000) SELECT "users_customuser"."id", "users_customuser"."password", "users_customuser"."last_login", "users_customuser"."is_superuser", "users_customuser"."first_name", "users_customuser"."last_name", "users_customuser"."is_staff", "users_customuser"."is_active", "users_customuser"."date_joined", "users_customuser"."email", "users_customuser"."avatar", "users_customuser"."phone_number", "users_customuser"."country", "users_customuser"."token" FROM "users_customuser" WHERE "users_customuser"."id" = 3 LIMIT 21; args=(3,); alias=default
(0.000) SELECT "users_customuser"."id", "users_customuser"."password", "users_customuser"."last_login", "users_customuser"."is_superuser", "users_customuser"."first_name", "users_customuser"."last_name", "users_customuser"."is_staff", "users_customuser"."is_active", "users_customuser"."date_joined", "users_customuser"."email", "users_customuser"."avatar", "users_customuser"."phone_number", "users_customuser"."country", "users_customuser"."token" FROM "users_customuser" WHERE "users_customuser"."id" = 3 LIMIT 21; args=(3,); alias=default
(0.000) SELECT "users_customuser"."id", "users_customuser"."password", "users_customuser"."last_login", "users_customuser"."is_superuser", "users_customuser"."first_name", "users_customuser"."last_name", "users_customuser"."is_staff", "users_customuser"."is_active", "users_customuser"."date_joined", "users_customuser"."email", "users_customuser"."avatar", "users_customuser"."phone_number", "users_customuser"."country", "users_customuser"."token" FROM "users_customuser" WHERE "users_customuser"."id" = 9 LIMIT 21; args=(9,); alias=default
(0.000) SELECT "users_customuser"."id", "users_customuser"."password", "users_customuser"."last_login", "users_customuser"."is_superuser", "users_customuser"."first_name", "users_customuser"."last_name", "users_customuser"."is_staff", "users_customuser"."is_active", "users_customuser"."date_joined", "users_customuser"."email", "users_customuser"."avatar", "users_customuser"."phone_number", "users_customuser"."country", "users_customuser"."token" FROM "users_customuser" WHERE "users_customuser"."id" = 3 LIMIT 21; args=(3,); alias=default
(0.000) SELECT "users_customuser"."id", "users_customuser"."password", "users_customuser"."last_login", "users_customuser"."is_superuser", "users_customuser"."first_name", "users_customuser"."last_name", "users_customuser"."is_staff", "users_customuser"."is_active", "users_customuser"."date_joined", "users_customuser"."email", "users_customuser"."avatar", "users_customuser"."phone_number", "users_customuser"."country", "users_customuser"."token" FROM "users_customuser" WHERE "users_customuser"."id" = 3 LIMIT 21; args=(3,); alias=default
(0.000) SELECT "users_customuser"."id", "users_customuser"."password", "users_customuser"."last_login", "users_customuser"."is_superuser", "users_customuser"."first_name", "users_customuser"."last_name", "users_customuser"."is_staff", "users_customuser"."is_active", "users_customuser"."date_joined", "users_customuser"."email", "users_customuser"."avatar", "users_customuser"."phone_number", "users_customuser"."country", "users_customuser"."token" FROM "users_customuser" WHERE "users_customuser"."id" = 3 LIMIT 21; args=(3,); alias=default
(0.000) SELECT "users_customuser"."id", "users_customuser"."password", "users_customuser"."last_login", "users_customuser"."is_superuser", "users_customuser"."first_name", "users_customuser"."last_name", "users_customuser"."is_staff", "users_customuser"."is_active", "users_customuser"."date_joined", "users_customuser"."email", "users_customuser"."avatar", "users_customuser"."phone_number", "users_customuser"."country", "users_customuser"."token" FROM "users_customuser" WHERE "users_customuser"."id" = 3 LIMIT 21; args=(3,); alias=default
"GET /products/ HTTP/1.1" 200 23834
(0.015) SELECT "django_session"."session_key", "django_session"."session_data", "django_session"."expire_date" FROM "django_session" WHERE ("django_session"."expire_date" > '2024-10-27T00:31:41.808937+00:00'::timestamptz AND "django_session"."session_key" = '9az6cxlgy8v29eyckgchezbverxclfoq') LIMIT 21; args=(datetime.datetime(2024, 10, 27, 0, 31, 41, 808937, tzinfo=datetime.timezone.utc), '9az6cxlgy8v29eyckgchezbverxclfoq'); alias=default
(0.000) SELECT "users_customuser"."id", "users_customuser"."password", "users_customuser"."last_login", "users_customuser"."is_superuser", "users_customuser"."first_name", "users_customuser"."last_name", "users_customuser"."is_staff", "users_customuser"."is_active", "users_customuser"."date_joined", "users_customuser"."email", "users_customuser"."avatar", "users_customuser"."phone_number", "users_customuser"."country", "users_customuser"."token" FROM "users_customuser" WHERE "users_customuser"."id" = 3 LIMIT 21; args=(3,); alias=default
(0.000) SELECT "catalog_product"."id", "catalog_product"."name", "catalog_product"."description", "catalog_product"."image", "catalog_product"."category_id", "catalog_product"."price", "catalog_product"."created_at", "catalog_product"."updated_at", "catalog_product"."is_published", "catalog_product"."owner_id" FROM "catalog_product" WHERE "catalog_product"."id" = 36 LIMIT 21; args=(36,); alias=default
(0.000) SELECT "catalog_category"."id", "catalog_category"."name", "catalog_category"."description" FROM "catalog_category" WHERE "catalog_category"."id" = 13 LIMIT 21; args=(13,); alias=default
"GET /products/36/ HTTP/1.1" 200 5529
File C:\Users\Meira\PycharmProjects\Online store\.venv\Lib\site-packages\django_redis\compressors\base.py first seen with mtime 1729975372.0546813
File C:\Users\Meira\PycharmProjects\Online store\.venv\Lib\site-packages\django_redis\serializers\pickle.py first seen with mtime 1729975372.061683
File C:\Users\Meira\PycharmProjects\Online store\.venv\Lib\site-packages\django_redis\compressors\__init__.py first seen with mtime 1729975372.053682
File C:\Users\Meira\PycharmProjects\Online store\.venv\Lib\site-packages\django_redis\compressors\identity.py first seen with mtime 1729975372.0556817
File C:\Users\Meira\PycharmProjects\Online store\.venv\Lib\site-packages\django_redis\serializers\__init__.py first seen with mtime 1729975372.058682
File C:\Users\Meira\AppData\Local\Programs\Python\Python312\Lib\importlib\resources\_itertools.py first seen with mtime 1712663418.0
File C:\Users\Meira\AppData\Local\Programs\Python\Python312\Lib\importlib\readers.py first seen with mtime 1712663418.0
File C:\Users\Meira\PycharmProjects\Online store\.venv\Lib\site-packages\tzdata\__init__.py first seen with mtime 1725785708.4251668
File C:\Users\Meira\PycharmProjects\Online store\.venv\Lib\site-packages\tzdata\zoneinfo\__init__.py first seen with mtime 1725785708.4671652
File C:\Users\Meira\PycharmProjects\Online store\.venv\Lib\site-packages\django_redis\serializers\base.py first seen with mtime 1729975372.0596807
File C:\Users\Meira\AppData\Local\Programs\Python\Python312\Lib\importlib\resources\readers.py first seen with mtime 1712663418.0
(0.000) SELECT "django_session"."session_key", "django_session"."session_data", "django_session"."expire_date" FROM "django_session" WHERE ("django_session"."expire_date" > '2024-10-27T00:31:46.854269+00:00'::timestamptz AND "django_session"."session_key" = '9az6cxlgy8v29eyckgchezbverxclfoq') LIMIT 21; args=(datetime.datetime(2024, 10, 27, 0, 31, 46, 854269, tzinfo=datetime.timezone.utc), '9az6cxlgy8v29eyckgchezbverxclfoq'); alias=default
(0.000) SELECT "users_customuser"."id", "users_customuser"."password", "users_customuser"."last_login", "users_customuser"."is_superuser", "users_customuser"."first_name", "users_customuser"."last_name", "users_customuser"."is_staff", "users_customuser"."is_active", "users_customuser"."date_joined", "users_customuser"."email", "users_customuser"."avatar", "users_customuser"."phone_number", "users_customuser"."country", "users_customuser"."token" FROM "users_customuser" WHERE "users_customuser"."id" = 3 LIMIT 21; args=(3,); alias=default
(0.000) SELECT "catalog_product"."id", "catalog_product"."name", "catalog_product"."description", "catalog_product"."image", "catalog_product"."category_id", "catalog_product"."price", "catalog_product"."created_at", "catalog_product"."updated_at", "catalog_product"."is_published", "catalog_product"."owner_id" FROM "catalog_product" ORDER BY "catalog_product"."name" ASC; args=(); alias=default
(0.000) SELECT "users_customuser"."id", "users_customuser"."password", "users_customuser"."last_login", "users_customuser"."is_superuser", "users_customuser"."first_name", "users_customuser"."last_name", "users_customuser"."is_staff", "users_customuser"."is_active", "users_customuser"."date_joined", "users_customuser"."email", "users_customuser"."avatar", "users_customuser"."phone_number", "users_customuser"."country", "users_customuser"."token" FROM "users_customuser" WHERE "users_customuser"."id" = 3 LIMIT 21; args=(3,); alias=default
(0.000) SELECT "users_customuser"."id", "users_customuser"."password", "users_customuser"."last_login", "users_customuser"."is_superuser", "users_customuser"."first_name", "users_customuser"."last_name", "users_customuser"."is_staff", "users_customuser"."is_active", "users_customuser"."date_joined", "users_customuser"."email", "users_customuser"."avatar", "users_customuser"."phone_number", "users_customuser"."country", "users_customuser"."token" FROM "users_customuser" WHERE "users_customuser"."id" = 3 LIMIT 21; args=(3,); alias=default
(0.000) SELECT "users_customuser"."id", "users_customuser"."password", "users_customuser"."last_login", "users_customuser"."is_superuser", "users_customuser"."first_name", "users_customuser"."last_name", "users_customuser"."is_staff", "users_customuser"."is_active", "users_customuser"."date_joined", "users_customuser"."email", "users_customuser"."avatar", "users_customuser"."phone_number", "users_customuser"."country", "users_customuser"."token" FROM "users_customuser" WHERE "users_customuser"."id" = 9 LIMIT 21; args=(9,); alias=default
(0.015) SELECT "users_customuser"."id", "users_customuser"."password", "users_customuser"."last_login", "users_customuser"."is_superuser", "users_customuser"."first_name", "users_customuser"."last_name", "users_customuser"."is_staff", "users_customuser"."is_active", "users_customuser"."date_joined", "users_customuser"."email", "users_customuser"."avatar", "users_customuser"."phone_number", "users_customuser"."country", "users_customuser"."token" FROM "users_customuser" WHERE "users_customuser"."id" = 3 LIMIT 21; args=(3,); alias=default
(0.000) SELECT "users_customuser"."id", "users_customuser"."password", "users_customuser"."last_login", "users_customuser"."is_superuser", "users_customuser"."first_name", "users_customuser"."last_name", "users_customuser"."is_staff", "users_customuser"."is_active", "users_customuser"."date_joined", "users_customuser"."email", "users_customuser"."avatar", "users_customuser"."phone_number", "users_customuser"."country", "users_customuser"."token" FROM "users_customuser" WHERE "users_customuser"."id" = 3 LIMIT 21; args=(3,); alias=default
(0.000) SELECT "users_customuser"."id", "users_customuser"."password", "users_customuser"."last_login", "users_customuser"."is_superuser", "users_customuser"."first_name", "users_customuser"."last_name", "users_customuser"."is_staff", "users_customuser"."is_active", "users_customuser"."date_joined", "users_customuser"."email", "users_customuser"."avatar", "users_customuser"."phone_number", "users_customuser"."country", "users_customuser"."token" FROM "users_customuser" WHERE "users_customuser"."id" = 9 LIMIT 21; args=(9,); alias=default
(0.000) SELECT "users_customuser"."id", "users_customuser"."password", "users_customuser"."last_login", "users_customuser"."is_superuser", "users_customuser"."first_name", "users_customuser"."last_name", "users_customuser"."is_staff", "users_customuser"."is_active", "users_customuser"."date_joined", "users_customuser"."email", "users_customuser"."avatar", "users_customuser"."phone_number", "users_customuser"."country", "users_customuser"."token" FROM "users_customuser" WHERE "users_customuser"."id" = 9 LIMIT 21; args=(9,); alias=default
(0.000) SELECT "users_customuser"."id", "users_customuser"."password", "users_customuser"."last_login", "users_customuser"."is_superuser", "users_customuser"."first_name", "users_customuser"."last_name", "users_customuser"."is_staff", "users_customuser"."is_active", "users_customuser"."date_joined", "users_customuser"."email", "users_customuser"."avatar", "users_customuser"."phone_number", "users_customuser"."country", "users_customuser"."token" FROM "users_customuser" WHERE "users_customuser"."id" = 3 LIMIT 21; args=(3,); alias=default
(0.000) SELECT "users_customuser"."id", "users_customuser"."password", "users_customuser"."last_login", "users_customuser"."is_superuser", "users_customuser"."first_name", "users_customuser"."last_name", "users_customuser"."is_staff", "users_customuser"."is_active", "users_customuser"."date_joined", "users_customuser"."email", "users_customuser"."avatar", "users_customuser"."phone_number", "users_customuser"."country", "users_customuser"."token" FROM "users_customuser" WHERE "users_customuser"."id" = 9 LIMIT 21; args=(9,); alias=default
(0.000) SELECT "users_customuser"."id", "users_customuser"."password", "users_customuser"."last_login", "users_customuser"."is_superuser", "users_customuser"."first_name", "users_customuser"."last_name", "users_customuser"."is_staff", "users_customuser"."is_active", "users_customuser"."date_joined", "users_customuser"."email", "users_customuser"."avatar", "users_customuser"."phone_number", "users_customuser"."country", "users_customuser"."token" FROM "users_customuser" WHERE "users_customuser"."id" = 3 LIMIT 21; args=(3,); alias=default
(0.000) SELECT "users_customuser"."id", "users_customuser"."password", "users_customuser"."last_login", "users_customuser"."is_superuser", "users_customuser"."first_name", "users_customuser"."last_name", "users_customuser"."is_staff", "users_customuser"."is_active", "users_customuser"."date_joined", "users_customuser"."email", "users_customuser"."avatar", "users_customuser"."phone_number", "users_customuser"."country", "users_customuser"."token" FROM "users_customuser" WHERE "users_customuser"."id" = 3 LIMIT 21; args=(3,); alias=default
(0.000) SELECT "users_customuser"."id", "users_customuser"."password", "users_customuser"."last_login", "users_customuser"."is_superuser", "users_customuser"."first_name", "users_customuser"."last_name", "users_customuser"."is_staff", "users_customuser"."is_active", "users_customuser"."date_joined", "users_customuser"."email", "users_customuser"."avatar", "users_customuser"."phone_number", "users_customuser"."country", "users_customuser"."token" FROM "users_customuser" WHERE "users_customuser"."id" = 3 LIMIT 21; args=(3,); alias=default
(0.000) SELECT "users_customuser"."id", "users_customuser"."password", "users_customuser"."last_login", "users_customuser"."is_superuser", "users_customuser"."first_name", "users_customuser"."last_name", "users_customuser"."is_staff", "users_customuser"."is_active", "users_customuser"."date_joined", "users_customuser"."email", "users_customuser"."avatar", "users_customuser"."phone_number", "users_customuser"."country", "users_customuser"."token" FROM "users_customuser" WHERE "users_customuser"."id" = 3 LIMIT 21; args=(3,); alias=default
(0.000) SELECT "users_customuser"."id", "users_customuser"."password", "users_customuser"."last_login", "users_customuser"."is_superuser", "users_customuser"."first_name", "users_customuser"."last_name", "users_customuser"."is_staff", "users_customuser"."is_active", "users_customuser"."date_joined", "users_customuser"."email", "users_customuser"."avatar", "users_customuser"."phone_number", "users_customuser"."country", "users_customuser"."token" FROM "users_customuser" WHERE "users_customuser"."id" = 9 LIMIT 21; args=(9,); alias=default
(0.000) SELECT "users_customuser"."id", "users_customuser"."password", "users_customuser"."last_login", "users_customuser"."is_superuser", "users_customuser"."first_name", "users_customuser"."last_name", "users_customuser"."is_staff", "users_customuser"."is_active", "users_customuser"."date_joined", "users_customuser"."email", "users_customuser"."avatar", "users_customuser"."phone_number", "users_customuser"."country", "users_customuser"."token" FROM "users_customuser" WHERE "users_customuser"."id" = 3 LIMIT 21; args=(3,); alias=default
(0.000) SELECT "users_customuser"."id", "users_customuser"."password", "users_customuser"."last_login", "users_customuser"."is_superuser", "users_customuser"."first_name", "users_customuser"."last_name", "users_customuser"."is_staff", "users_customuser"."is_active", "users_customuser"."date_joined", "users_customuser"."email", "users_customuser"."avatar", "users_customuser"."phone_number", "users_customuser"."country", "users_customuser"."token" FROM "users_customuser" WHERE "users_customuser"."id" = 3 LIMIT 21; args=(3,); alias=default
(0.000) SELECT "users_customuser"."id", "users_customuser"."password", "users_customuser"."last_login", "users_customuser"."is_superuser", "users_customuser"."first_name", "users_customuser"."last_name", "users_customuser"."is_staff", "users_customuser"."is_active", "users_customuser"."date_joined", "users_customuser"."email", "users_customuser"."avatar", "users_customuser"."phone_number", "users_customuser"."country", "users_customuser"."token" FROM "users_customuser" WHERE "users_customuser"."id" = 3 LIMIT 21; args=(3,); alias=default
(0.000) SELECT "users_customuser"."id", "users_customuser"."password", "users_customuser"."last_login", "users_customuser"."is_superuser", "users_customuser"."first_name", "users_customuser"."last_name", "users_customuser"."is_staff", "users_customuser"."is_active", "users_customuser"."date_joined", "users_customuser"."email", "users_customuser"."avatar", "users_customuser"."phone_number", "users_customuser"."country", "users_customuser"."token" FROM "users_customuser" WHERE "users_customuser"."id" = 3 LIMIT 21; args=(3,); alias=default
"GET /products/ HTTP/1.1" 200 23834
(0.000) SELECT "django_session"."session_key", "django_session"."session_data", "django_session"."expire_date" FROM "django_session" WHERE ("django_session"."expire_date" > '2024-10-27T00:31:48.609317+00:00'::timestamptz AND "django_session"."session_key" = '9az6cxlgy8v29eyckgchezbverxclfoq') LIMIT 21; args=(datetime.datetime(2024, 10, 27, 0, 31, 48, 609317, tzinfo=datetime.timezone.utc), '9az6cxlgy8v29eyckgchezbverxclfoq'); alias=default
(0.000) SELECT "users_customuser"."id", "users_customuser"."password", "users_customuser"."last_login", "users_customuser"."is_superuser", "users_customuser"."first_name", "users_customuser"."last_name", "users_customuser"."is_staff", "users_customuser"."is_active", "users_customuser"."date_joined", "users_customuser"."email", "users_customuser"."avatar", "users_customuser"."phone_number", "users_customuser"."country", "users_customuser"."token" FROM "users_customuser" WHERE "users_customuser"."id" = 3 LIMIT 21; args=(3,); alias=default
(0.000) SELECT "catalog_product"."id", "catalog_product"."name", "catalog_product"."description", "catalog_product"."image", "catalog_product"."category_id", "catalog_product"."price", "catalog_product"."created_at", "catalog_product"."updated_at", "catalog_product"."is_published", "catalog_product"."owner_id" FROM "catalog_product" WHERE "catalog_product"."id" = 36 LIMIT 21; args=(36,); alias=default
(0.000) DECLARE "_django_curs_14664_sync_2" NO SCROLL CURSOR WITH HOLD FOR SELECT "catalog_category"."id", "catalog_category"."name", "catalog_category"."description" FROM "catalog_category" ORDER BY "catalog_category"."name" ASC; args=(); alias=default
"GET /products/36/update/ HTTP/1.1" 200 6445
(0.000) SELECT "django_session"."session_key", "django_session"."session_data", "django_session"."expire_date" FROM "django_session" WHERE ("django_session"."expire_date" > '2024-10-27T00:31:51.769314+00:00'::timestamptz AND "django_session"."session_key" = '9az6cxlgy8v29eyckgchezbverxclfoq') LIMIT 21; args=(datetime.datetime(2024, 10, 27, 0, 31, 51, 769314, tzinfo=datetime.timezone.utc), '9az6cxlgy8v29eyckgchezbverxclfoq'); alias=default
(0.000) SELECT "users_customuser"."id", "users_customuser"."password", "users_customuser"."last_login", "users_customuser"."is_superuser", "users_customuser"."first_name", "users_customuser"."last_name", "users_customuser"."is_staff", "users_customuser"."is_active", "users_customuser"."date_joined", "users_customuser"."email", "users_customuser"."avatar", "users_customuser"."phone_number", "users_customuser"."country", "users_customuser"."token" FROM "users_customuser" WHERE "users_customuser"."id" = 3 LIMIT 21; args=(3,); alias=default
(0.000) SELECT "catalog_product"."id", "catalog_product"."name", "catalog_product"."description", "catalog_product"."image", "catalog_product"."category_id", "catalog_product"."price", "catalog_product"."created_at", "catalog_product"."updated_at", "catalog_product"."is_published", "catalog_product"."owner_id" FROM "catalog_product" WHERE "catalog_product"."id" = 36 LIMIT 21; args=(36,); alias=default
(0.000) SELECT "catalog_category"."id", "catalog_category"."name", "catalog_category"."description" FROM "catalog_category" WHERE "catalog_category"."id" = 13 LIMIT 21; args=(13,); alias=default
(0.000) SELECT 1 AS "a" FROM "catalog_category" WHERE "catalog_category"."id" = 13 LIMIT 1; args=(1, 13); alias=default
(0.000) SELECT "catalog_product"."id", "catalog_product"."name", "catalog_product"."description", "catalog_product"."image", "catalog_product"."category_id", "catalog_product"."price", "catalog_product"."created_at", "catalog_product"."updated_at", "catalog_product"."is_published", "catalog_product"."owner_id" FROM "catalog_product" WHERE "catalog_product"."id" = 36 LIMIT 21; args=(36,); alias=default
(0.000) SELECT "users_customuser"."id", "users_customuser"."password", "users_customuser"."last_login", "users_customuser"."is_superuser", "users_customuser"."first_name", "users_customuser"."last_name", "users_customuser"."is_staff", "users_customuser"."is_active", "users_customuser"."date_joined", "users_customuser"."email", "users_customuser"."avatar", "users_customuser"."phone_number", "users_customuser"."country", "users_customuser"."token" FROM "users_customuser" WHERE "users_customuser"."id" = 3 LIMIT 21; args=(3,); alias=default
(0.016) UPDATE "catalog_product" SET "name" = 'Fazioli F308 Grand Piano', "description" = 'Рояль Fazioli F308 считается одним из лучших современных концертных роялей.', "image" = '', "category_id" = 13, "price" = 300000.00, "created_at" = '2024-10-24T21:29:58.332238+00:00'::timestamptz, "updated_at" = '2024-10-27T00:31:51.839317+00:00'::timestamptz, "is_published" = true, "owner_id" = 3 WHERE "catalog_product"."id" = 36; args=('Fazioli F308 Grand Piano', 'Рояль Fazioli F308 считается одним из лучших современных концертных роялей.', '', 13, Decimal('300000.00'), datetime.datetime(2024, 10, 24, 21, 29, 58, 332238, tzinfo=datetime.timezone.utc), datetime.datetime(2024, 10, 27, 0, 31, 51, 839317, tzinfo=datetime.timezone.utc), True, 3, 36); alias=default
"POST /products/36/update/ HTTP/1.1" 302 0
(0.000) SELECT "django_session"."session_key", "django_session"."session_data", "django_session"."expire_date" FROM "django_session" WHERE ("django_session"."expire_date" > '2024-10-27T00:31:51.844317+00:00'::timestamptz AND "django_session"."session_key" = '9az6cxlgy8v29eyckgchezbverxclfoq') LIMIT 21; args=(datetime.datetime(2024, 10, 27, 0, 31, 51, 844317, tzinfo=datetime.timezone.utc), '9az6cxlgy8v29eyckgchezbverxclfoq'); alias=default
(0.000) SELECT "users_customuser"."id", "users_customuser"."password", "users_customuser"."last_login", "users_customuser"."is_superuser", "users_customuser"."first_name", "users_customuser"."last_name", "users_customuser"."is_staff", "users_customuser"."is_active", "users_customuser"."date_joined", "users_customuser"."email", "users_customuser"."avatar", "users_customuser"."phone_number", "users_customuser"."country", "users_customuser"."token" FROM "users_customuser" WHERE "users_customuser"."id" = 3 LIMIT 21; args=(3,); alias=default
(0.000) SELECT "catalog_product"."id", "catalog_product"."name", "catalog_product"."description", "catalog_product"."image", "catalog_product"."category_id", "catalog_product"."price", "catalog_product"."created_at", "catalog_product"."updated_at", "catalog_product"."is_published", "catalog_product"."owner_id" FROM "catalog_product" ORDER BY "catalog_product"."name" ASC; args=(); alias=default
(0.000) SELECT "users_customuser"."id", "users_customuser"."password", "users_customuser"."last_login", "users_customuser"."is_superuser", "users_customuser"."first_name", "users_customuser"."last_name", "users_customuser"."is_staff", "users_customuser"."is_active", "users_customuser"."date_joined", "users_customuser"."email", "users_customuser"."avatar", "users_customuser"."phone_number", "users_customuser"."country", "users_customuser"."token" FROM "users_customuser" WHERE "users_customuser"."id" = 3 LIMIT 21; args=(3,); alias=default
(0.000) SELECT "users_customuser"."id", "users_customuser"."password", "users_customuser"."last_login", "users_customuser"."is_superuser", "users_customuser"."first_name", "users_customuser"."last_name", "users_customuser"."is_staff", "users_customuser"."is_active", "users_customuser"."date_joined", "users_customuser"."email", "users_customuser"."avatar", "users_customuser"."phone_number", "users_customuser"."country", "users_customuser"."token" FROM "users_customuser" WHERE "users_customuser"."id" = 3 LIMIT 21; args=(3,); alias=default
(0.000) SELECT "users_customuser"."id", "users_customuser"."password", "users_customuser"."last_login", "users_customuser"."is_superuser", "users_customuser"."first_name", "users_customuser"."last_name", "users_customuser"."is_staff", "users_customuser"."is_active", "users_customuser"."date_joined", "users_customuser"."email", "users_customuser"."avatar", "users_customuser"."phone_number", "users_customuser"."country", "users_customuser"."token" FROM "users_customuser" WHERE "users_customuser"."id" = 9 LIMIT 21; args=(9,); alias=default
(0.000) SELECT "users_customuser"."id", "users_customuser"."password", "users_customuser"."last_login", "users_customuser"."is_superuser", "users_customuser"."first_name", "users_customuser"."last_name", "users_customuser"."is_staff", "users_customuser"."is_active", "users_customuser"."date_joined", "users_customuser"."email", "users_customuser"."avatar", "users_customuser"."phone_number", "users_customuser"."country", "users_customuser"."token" FROM "users_customuser" WHERE "users_customuser"."id" = 3 LIMIT 21; args=(3,); alias=default
(0.000) SELECT "users_customuser"."id", "users_customuser"."password", "users_customuser"."last_login", "users_customuser"."is_superuser", "users_customuser"."first_name", "users_customuser"."last_name", "users_customuser"."is_staff", "users_customuser"."is_active", "users_customuser"."date_joined", "users_customuser"."email", "users_customuser"."avatar", "users_customuser"."phone_number", "users_customuser"."country", "users_customuser"."token" FROM "users_customuser" WHERE "users_customuser"."id" = 3 LIMIT 21; args=(3,); alias=default
(0.000) SELECT "users_customuser"."id", "users_customuser"."password", "users_customuser"."last_login", "users_customuser"."is_superuser", "users_customuser"."first_name", "users_customuser"."last_name", "users_customuser"."is_staff", "users_customuser"."is_active", "users_customuser"."date_joined", "users_customuser"."email", "users_customuser"."avatar", "users_customuser"."phone_number", "users_customuser"."country", "users_customuser"."token" FROM "users_customuser" WHERE "users_customuser"."id" = 9 LIMIT 21; args=(9,); alias=default
(0.000) SELECT "users_customuser"."id", "users_customuser"."password", "users_customuser"."last_login", "users_customuser"."is_superuser", "users_customuser"."first_name", "users_customuser"."last_name", "users_customuser"."is_staff", "users_customuser"."is_active", "users_customuser"."date_joined", "users_customuser"."email", "users_customuser"."avatar", "users_customuser"."phone_number", "users_customuser"."country", "users_customuser"."token" FROM "users_customuser" WHERE "users_customuser"."id" = 9 LIMIT 21; args=(9,); alias=default
(0.000) SELECT "users_customuser"."id", "users_customuser"."password", "users_customuser"."last_login", "users_customuser"."is_superuser", "users_customuser"."first_name", "users_customuser"."last_name", "users_customuser"."is_staff", "users_customuser"."is_active", "users_customuser"."date_joined", "users_customuser"."email", "users_customuser"."avatar", "users_customuser"."phone_number", "users_customuser"."country", "users_customuser"."token" FROM "users_customuser" WHERE "users_customuser"."id" = 3 LIMIT 21; args=(3,); alias=default
(0.000) SELECT "users_customuser"."id", "users_customuser"."password", "users_customuser"."last_login", "users_customuser"."is_superuser", "users_customuser"."first_name", "users_customuser"."last_name", "users_customuser"."is_staff", "users_customuser"."is_active", "users_customuser"."date_joined", "users_customuser"."email", "users_customuser"."avatar", "users_customuser"."phone_number", "users_customuser"."country", "users_customuser"."token" FROM "users_customuser" WHERE "users_customuser"."id" = 9 LIMIT 21; args=(9,); alias=default
(0.000) SELECT "users_customuser"."id", "users_customuser"."password", "users_customuser"."last_login", "users_customuser"."is_superuser", "users_customuser"."first_name", "users_customuser"."last_name", "users_customuser"."is_staff", "users_customuser"."is_active", "users_customuser"."date_joined", "users_customuser"."email", "users_customuser"."avatar", "users_customuser"."phone_number", "users_customuser"."country", "users_customuser"."token" FROM "users_customuser" WHERE "users_customuser"."id" = 3 LIMIT 21; args=(3,); alias=default
(0.000) SELECT "users_customuser"."id", "users_customuser"."password", "users_customuser"."last_login", "users_customuser"."is_superuser", "users_customuser"."first_name", "users_customuser"."last_name", "users_customuser"."is_staff", "users_customuser"."is_active", "users_customuser"."date_joined", "users_customuser"."email", "users_customuser"."avatar", "users_customuser"."phone_number", "users_customuser"."country", "users_customuser"."token" FROM "users_customuser" WHERE "users_customuser"."id" = 3 LIMIT 21; args=(3,); alias=default
(0.000) SELECT "users_customuser"."id", "users_customuser"."password", "users_customuser"."last_login", "users_customuser"."is_superuser", "users_customuser"."first_name", "users_customuser"."last_name", "users_customuser"."is_staff", "users_customuser"."is_active", "users_customuser"."date_joined", "users_customuser"."email", "users_customuser"."avatar", "users_customuser"."phone_number", "users_customuser"."country", "users_customuser"."token" FROM "users_customuser" WHERE "users_customuser"."id" = 3 LIMIT 21; args=(3,); alias=default
(0.000) SELECT "users_customuser"."id", "users_customuser"."password", "users_customuser"."last_login", "users_customuser"."is_superuser", "users_customuser"."first_name", "users_customuser"."last_name", "users_customuser"."is_staff", "users_customuser"."is_active", "users_customuser"."date_joined", "users_customuser"."email", "users_customuser"."avatar", "users_customuser"."phone_number", "users_customuser"."country", "users_customuser"."token" FROM "users_customuser" WHERE "users_customuser"."id" = 3 LIMIT 21; args=(3,); alias=default
(0.000) SELECT "users_customuser"."id", "users_customuser"."password", "users_customuser"."last_login", "users_customuser"."is_superuser", "users_customuser"."first_name", "users_customuser"."last_name", "users_customuser"."is_staff", "users_customuser"."is_active", "users_customuser"."date_joined", "users_customuser"."email", "users_customuser"."avatar", "users_customuser"."phone_number", "users_customuser"."country", "users_customuser"."token" FROM "users_customuser" WHERE "users_customuser"."id" = 9 LIMIT 21; args=(9,); alias=default
(0.000) SELECT "users_customuser"."id", "users_customuser"."password", "users_customuser"."last_login", "users_customuser"."is_superuser", "users_customuser"."first_name", "users_customuser"."last_name", "users_customuser"."is_staff", "users_customuser"."is_active", "users_customuser"."date_joined", "users_customuser"."email", "users_customuser"."avatar", "users_customuser"."phone_number", "users_customuser"."country", "users_customuser"."token" FROM "users_customuser" WHERE "users_customuser"."id" = 3 LIMIT 21; args=(3,); alias=default
(0.000) SELECT "users_customuser"."id", "users_customuser"."password", "users_customuser"."last_login", "users_customuser"."is_superuser", "users_customuser"."first_name", "users_customuser"."last_name", "users_customuser"."is_staff", "users_customuser"."is_active", "users_customuser"."date_joined", "users_customuser"."email", "users_customuser"."avatar", "users_customuser"."phone_number", "users_customuser"."country", "users_customuser"."token" FROM "users_customuser" WHERE "users_customuser"."id" = 3 LIMIT 21; args=(3,); alias=default
(0.000) SELECT "users_customuser"."id", "users_customuser"."password", "users_customuser"."last_login", "users_customuser"."is_superuser", "users_customuser"."first_name", "users_customuser"."last_name", "users_customuser"."is_staff", "users_customuser"."is_active", "users_customuser"."date_joined", "users_customuser"."email", "users_customuser"."avatar", "users_customuser"."phone_number", "users_customuser"."country", "users_customuser"."token" FROM "users_customuser" WHERE "users_customuser"."id" = 3 LIMIT 21; args=(3,); alias=default
(0.000) SELECT "users_customuser"."id", "users_customuser"."password", "users_customuser"."last_login", "users_customuser"."is_superuser", "users_customuser"."first_name", "users_customuser"."last_name", "users_customuser"."is_staff", "users_customuser"."is_active", "users_customuser"."date_joined", "users_customuser"."email", "users_customuser"."avatar", "users_customuser"."phone_number", "users_customuser"."country", "users_customuser"."token" FROM "users_customuser" WHERE "users_customuser"."id" = 3 LIMIT 21; args=(3,); alias=default
"GET /products/ HTTP/1.1" 200 23827
File C:\Users\Meira\PycharmProjects\Online store\catalog\templates\catalog previous mtime: 1729989091.598183, current mtime: 1729989118.0548973
C:\Users\Meira\PycharmProjects\Online store\catalog\templates\catalog notified as changed. Signal results: [(<function template_changed at 0x00000134DD4D32E0>, True), (<function translation_file_changed at 0x00000134DE454220>, None)].
File C:\Users\Meira\PycharmProjects\Online store\catalog\templates\catalog\product_detail.html previous mtime: 1729989091.5971825, current mtime: 1729989118.0538974
C:\Users\Meira\PycharmProjects\Online store\catalog\templates\catalog\product_detail.html notified as changed. Signal results: [(<function template_changed at 0x00000134DD4D32E0>, True), (<function translation_file_changed at 0x00000134DE454220>, None)].
